2025-12-13 04:09:59.978 | INFO     | __main__:run_pipeline:25 - Starting pipeline for BBCA.JK
2025-12-13 04:09:59.979 | INFO     | src.data_collection.stock_collector:fetch_history:49 - Fetching 730 days of history for BBCA.JK
2025-12-13 04:10:01.843 | WARNING  | src.data_collection.stock_collector:fetch_history:55 - No data found for BBCA.JK
2025-12-13 04:10:01.969 | WARNING  | src.feature_engineering.technical_indicators:process_and_save:71 - No price data found for stock_id 1
2025-12-13 04:10:01.978 | ERROR    | __main__:run_pipeline:51 - No training data available.
2025-12-13 04:11:42.521 | ERROR    | src.api.main:predict:110 - Prediction error: 
2025-12-13 04:11:45.622 | INFO     | src.training.trainer:run_pipeline:25 - Starting pipeline for BBCA.JK
2025-12-13 04:11:45.625 | INFO     | src.data_collection.stock_collector:fetch_history:49 - Fetching 730 days of history for BBCA.JK
2025-12-13 04:11:47.341 | WARNING  | src.data_collection.stock_collector:fetch_history:55 - No data found for BBCA.JK
2025-12-13 04:11:47.448 | WARNING  | src.feature_engineering.technical_indicators:process_and_save:71 - No price data found for stock_id 1
2025-12-13 04:11:47.451 | ERROR    | src.training.trainer:run_pipeline:51 - No training data available.
2025-12-13 04:13:30.137 | ERROR    | src.api.main:predict:110 - Prediction error: 
2025-12-13 04:13:31.767 | INFO     | src.training.trainer:run_pipeline:25 - Starting pipeline for BBCA.JK
2025-12-13 04:13:31.771 | INFO     | src.data_collection.stock_collector:fetch_history:49 - Fetching 730 days of history for BBCA.JK
2025-12-13 04:13:31.810 | WARNING  | src.data_collection.stock_collector:fetch_history:55 - No data found for BBCA.JK
2025-12-13 04:13:31.869 | WARNING  | src.feature_engineering.technical_indicators:process_and_save:71 - No price data found for stock_id 1
2025-12-13 04:13:31.872 | ERROR    | src.training.trainer:run_pipeline:51 - No training data available.
2025-12-13 04:23:01.784 | INFO     | __main__:run_pipeline:25 - Starting pipeline for BBCA.JK
2025-12-13 04:23:01.786 | INFO     | src.data_collection.stock_collector:fetch_history:49 - Fetching 730 days of history for BBCA.JK
2025-12-13 04:23:03.186 | INFO     | src.data_collection.stock_collector:fetch_history:90 - Successfully updated 473 records for BBCA.JK
2025-12-13 04:23:03.425 | INFO     | src.feature_engineering.technical_indicators:process_and_save:124 - Updated 473 indicator records for stock_id 1
2025-12-13 04:23:04.739 | INFO     | src.models.lstm_model:train:40 - Training LSTM model with 309 samples
2025-12-13 04:23:11.784 | INFO     | __main__:run_pipeline:90 - LSTM MSE: 0.02259869215168448
2025-12-13 04:23:11.820 | INFO     | src.models.lstm_model:save:57 - Model saved to data/models/BBCA.JK_lstm.h5
2025-12-13 04:23:11.821 | INFO     | src.models.xgboost_model:train:18 - Training XGBoost model with 309 samples
2025-12-13 04:23:12.868 | INFO     | __main__:run_pipeline:105 - XGBoost MSE: 0.03614501396700892
2025-12-13 04:23:12.871 | INFO     | src.models.xgboost_model:save:28 - XGBoost model saved to data/models/BBCA.JK_xgb.joblib
2025-12-13 04:23:39.274 | INFO     | src.training.trainer:run_pipeline:25 - Starting pipeline for BBCA.JK
2025-12-13 04:23:39.314 | INFO     | src.data_collection.stock_collector:fetch_history:49 - Fetching 730 days of history for BBCA.JK
2025-12-13 04:23:39.548 | WARNING  | src.data_collection.stock_collector:fetch_history:55 - No data found for BBCA.JK
2025-12-13 04:23:40.562 | INFO     | src.feature_engineering.technical_indicators:process_and_save:124 - Updated 473 indicator records for stock_id 1
2025-12-13 04:23:40.712 | ERROR    | src.api.main:predict:110 - Prediction error: 
2025-12-13 04:23:44.011 | INFO     | src.models.lstm_model:train:40 - Training LSTM model with 309 samples
2025-12-13 04:23:48.627 | INFO     | src.training.trainer:run_pipeline:90 - LSTM MSE: 0.02972998641402212
2025-12-13 04:23:48.769 | INFO     | src.models.lstm_model:save:57 - Model saved to data/models/BBCA.JK_lstm.h5
2025-12-13 04:23:48.774 | INFO     | src.models.xgboost_model:train:18 - Training XGBoost model with 309 samples
2025-12-13 04:23:49.909 | INFO     | src.training.trainer:run_pipeline:105 - XGBoost MSE: 0.03614501396700892
2025-12-13 04:23:49.915 | INFO     | src.models.xgboost_model:save:28 - XGBoost model saved to data/models/BBCA.JK_xgb.joblib
2025-12-13 04:23:56.132 | INFO     | __main__:run_pipeline:25 - Starting pipeline for BBCA.JK
2025-12-13 04:23:56.133 | INFO     | src.data_collection.stock_collector:fetch_history:49 - Fetching 730 days of history for BBCA.JK
2025-12-13 04:23:57.298 | INFO     | src.data_collection.stock_collector:fetch_history:90 - Successfully updated 473 records for BBCA.JK
2025-12-13 04:23:57.471 | INFO     | src.feature_engineering.technical_indicators:process_and_save:124 - Updated 473 indicator records for stock_id 1
2025-12-13 04:23:58.258 | INFO     | src.models.lstm_model:train:40 - Training LSTM model with 309 samples
2025-12-13 04:24:03.234 | ERROR    | src.api.main:predict:110 - Prediction error: unsupported operand type(s) for *: 'float' and 'decimal.Decimal'
2025-12-13 04:24:03.862 | INFO     | __main__:run_pipeline:90 - LSTM MSE: 0.013365769511057692
2025-12-13 04:24:03.900 | INFO     | src.models.lstm_model:save:57 - Model saved to data/models/BBCA.JK_lstm.h5
2025-12-13 04:24:03.901 | INFO     | src.models.xgboost_model:train:18 - Training XGBoost model with 309 samples
2025-12-13 04:24:04.851 | INFO     | __main__:run_pipeline:105 - XGBoost MSE: 0.03622332322510126
2025-12-13 04:24:04.855 | INFO     | src.models.xgboost_model:save:28 - XGBoost model saved to data/models/BBCA.JK_xgb.joblib
2025-12-13 04:24:06.200 | INFO     | src.training.trainer:run_pipeline:25 - Starting pipeline for BBCA.JK
2025-12-13 04:24:06.202 | INFO     | src.data_collection.stock_collector:fetch_history:49 - Fetching 730 days of history for BBCA.JK
2025-12-13 04:24:06.223 | WARNING  | src.data_collection.stock_collector:fetch_history:55 - No data found for BBCA.JK
2025-12-13 04:24:06.567 | INFO     | src.feature_engineering.technical_indicators:process_and_save:124 - Updated 473 indicator records for stock_id 1
2025-12-13 04:24:07.004 | INFO     | src.models.lstm_model:train:40 - Training LSTM model with 309 samples
2025-12-13 04:24:10.130 | INFO     | src.training.trainer:run_pipeline:90 - LSTM MSE: 0.03368617170774605
2025-12-13 04:24:10.188 | INFO     | src.models.lstm_model:save:57 - Model saved to data/models/BBCA.JK_lstm.h5
2025-12-13 04:24:10.190 | INFO     | src.models.xgboost_model:train:18 - Training XGBoost model with 309 samples
2025-12-13 04:24:11.144 | INFO     | src.training.trainer:run_pipeline:105 - XGBoost MSE: 0.03622332322510126
2025-12-13 04:24:11.148 | INFO     | src.models.xgboost_model:save:28 - XGBoost model saved to data/models/BBCA.JK_xgb.joblib
2025-12-13 04:28:21.483 | INFO     | src.training.trainer:run_pipeline:25 - Starting pipeline for BBCA.JK
2025-12-13 04:28:21.486 | INFO     | src.data_collection.stock_collector:fetch_history:49 - Fetching 730 days of history for BBCA.JK
2025-12-13 04:28:22.309 | WARNING  | src.data_collection.stock_collector:fetch_history:55 - No data found for BBCA.JK
2025-12-13 04:28:22.492 | INFO     | src.feature_engineering.technical_indicators:process_and_save:124 - Updated 473 indicator records for stock_id 1
2025-12-13 04:28:22.700 | INFO     | src.models.lstm_model:train:40 - Training LSTM model with 309 samples
2025-12-13 04:28:26.227 | INFO     | src.training.trainer:run_pipeline:90 - LSTM MSE: 0.02659784672255328
2025-12-13 04:28:26.288 | INFO     | src.models.lstm_model:save:57 - Model saved to data/models/BBCA.JK_lstm.h5
2025-12-13 04:28:26.293 | INFO     | src.models.xgboost_model:train:18 - Training XGBoost model with 309 samples
2025-12-13 04:28:27.626 | INFO     | src.training.trainer:run_pipeline:105 - XGBoost MSE: 0.03622332322510126
2025-12-13 04:28:27.632 | INFO     | src.models.xgboost_model:save:28 - XGBoost model saved to data/models/BBCA.JK_xgb.joblib
2025-12-13 04:34:14.060 | ERROR    | src.api.main:predict:110 - Prediction error: 
2025-12-13 04:34:15.212 | ERROR    | src.api.main:predict:110 - Prediction error: 
2025-12-13 04:34:16.404 | INFO     | src.training.trainer:run_pipeline:25 - Starting pipeline for BBRI.JK
2025-12-13 04:34:16.405 | INFO     | src.data_collection.stock_collector:fetch_history:49 - Fetching 730 days of history for BBRI.JK
2025-12-13 04:34:17.124 | WARNING  | src.data_collection.stock_collector:fetch_history:55 - No data found for BBRI.JK
2025-12-13 04:34:17.307 | INFO     | src.feature_engineering.technical_indicators:process_and_save:124 - Updated 236 indicator records for stock_id 2
2025-12-13 04:34:17.654 | INFO     | src.models.lstm_model:train:40 - Training LSTM model with 120 samples
2025-12-13 04:34:18.789 | ERROR    | src.api.main:predict:110 - Prediction error: 
2025-12-13 04:34:20.454 | INFO     | src.training.trainer:run_pipeline:90 - LSTM MSE: 0.02467617525660993
2025-12-13 04:34:20.492 | INFO     | src.models.lstm_model:save:57 - Model saved to data/models/BBRI.JK_lstm.h5
2025-12-13 04:34:20.493 | INFO     | src.models.xgboost_model:train:18 - Training XGBoost model with 120 samples
2025-12-13 04:34:20.874 | INFO     | src.training.trainer:run_pipeline:105 - XGBoost MSE: 0.02693726438012343
2025-12-13 04:34:20.878 | INFO     | src.models.xgboost_model:save:28 - XGBoost model saved to data/models/BBRI.JK_xgb.joblib
2025-12-13 04:34:21.827 | INFO     | src.training.trainer:run_pipeline:25 - Starting pipeline for TLKM.JK
2025-12-13 04:34:21.828 | INFO     | src.data_collection.stock_collector:fetch_history:49 - Fetching 730 days of history for TLKM.JK
2025-12-13 04:34:22.457 | WARNING  | src.data_collection.stock_collector:fetch_history:55 - No data found for TLKM.JK
2025-12-13 04:34:22.591 | INFO     | src.feature_engineering.technical_indicators:process_and_save:124 - Updated 236 indicator records for stock_id 3
2025-12-13 04:34:22.944 | INFO     | src.models.lstm_model:train:40 - Training LSTM model with 120 samples
2025-12-13 04:34:26.564 | INFO     | src.training.trainer:run_pipeline:90 - LSTM MSE: 0.0953561300558452
2025-12-13 04:34:26.585 | INFO     | src.models.lstm_model:save:57 - Model saved to data/models/TLKM.JK_lstm.h5
2025-12-13 04:34:26.586 | INFO     | src.models.xgboost_model:train:18 - Training XGBoost model with 120 samples
2025-12-13 04:34:27.395 | INFO     | src.training.trainer:run_pipeline:105 - XGBoost MSE: 0.07084215570647986
2025-12-13 04:34:27.400 | INFO     | src.models.xgboost_model:save:28 - XGBoost model saved to data/models/TLKM.JK_xgb.joblib
2025-12-13 04:40:02.423 | INFO     | src.training.trainer:run_pipeline:25 - Starting pipeline for BBCA.JK
2025-12-13 04:40:02.427 | INFO     | src.data_collection.stock_collector:fetch_history:49 - Fetching 730 days of history for BBCA.JK
2025-12-13 04:40:03.258 | WARNING  | src.data_collection.stock_collector:fetch_history:55 - No data found for BBCA.JK
2025-12-13 04:40:03.448 | INFO     | src.feature_engineering.technical_indicators:process_and_save:124 - Updated 473 indicator records for stock_id 1
2025-12-13 04:40:03.668 | INFO     | src.models.lstm_model:train:40 - Training LSTM model with 309 samples
2025-12-13 04:40:07.805 | INFO     | src.training.trainer:run_pipeline:90 - LSTM MSE: 0.024297432445102747
2025-12-13 04:40:07.837 | INFO     | src.models.lstm_model:save:57 - Model saved to data/models/BBCA.JK_lstm.h5
2025-12-13 04:40:07.837 | INFO     | src.models.xgboost_model:train:18 - Training XGBoost model with 309 samples
2025-12-13 04:40:08.978 | INFO     | src.training.trainer:run_pipeline:105 - XGBoost MSE: 0.03622332322510126
2025-12-13 04:40:08.982 | INFO     | src.models.xgboost_model:save:28 - XGBoost model saved to data/models/BBCA.JK_xgb.joblib
2025-12-13 05:06:31.342 | INFO     | src.training.trainer:run_pipeline:25 - Starting pipeline for BBCA.JK
2025-12-13 05:06:31.350 | INFO     | src.data_collection.stock_collector:fetch_history:49 - Fetching 730 days of history for BBCA.JK
2025-12-13 05:06:31.366 | WARNING  | src.data_collection.news_collector:fetch_news:18 - News API Key not set. Skipping news collection.
2025-12-13 05:06:32.262 | WARNING  | src.data_collection.stock_collector:fetch_history:64 - No data found for BBCA.JK
2025-12-13 05:06:32.543 | INFO     | src.feature_engineering.technical_indicators:process_and_save:124 - Updated 473 indicator records for stock_id 1
2025-12-13 05:06:32.960 | INFO     | src.models.lstm_model:train:40 - Training LSTM model with 309 samples
2025-12-13 05:06:36.989 | INFO     | src.training.trainer:run_pipeline:94 - LSTM Results - MSE: 0.018034740830977513, RMSE: 0.13429348767150814, MAE: 0.15617154047902151
2025-12-13 05:06:37.017 | INFO     | src.models.lstm_model:save:57 - Model saved to data/models/BBCA.JK_lstm.h5
2025-12-13 05:06:37.029 | INFO     | src.models.xgboost_model:train:18 - Training XGBoost model with 309 samples
2025-12-13 05:06:39.619 | INFO     | src.training.trainer:run_pipeline:128 - XGBoost Results - MSE: 0.03615659794779523, RMSE: 0.19014888363541668, MAE: 0.15243224824367557
2025-12-13 05:06:39.630 | INFO     | src.models.xgboost_model:save:28 - XGBoost model saved to data/models/BBCA.JK_xgb.joblib
2025-12-13 05:30:25.715 | INFO     | __main__:<module>:161 - Starting Continuous Model Trainer...
2025-12-13 05:30:25.720 | INFO     | __main__:<module>:168 - --- Training BBCA.JK [1d] ---
2025-12-13 05:30:25.732 | INFO     | __main__:run_pipeline:26 - Starting pipeline for BBCA.JK (1d)
2025-12-13 05:30:25.733 | INFO     | src.data_collection.stock_collector:fetch_history:49 - Fetching 730 days of history for BBCA.JK with interval 1d
2025-12-13 05:30:26.271 | WARNING  | src.data_collection.news_collector:fetch_news:18 - News API Key not set. Skipping news collection.
2025-12-13 05:30:26.271 | ERROR    | src.data_collection.stock_collector:fetch_history:117 - Failed to fetch/save history for BBCA.JK: name 'df' is not defined
2025-12-13 05:30:26.283 | ERROR    | __main__:run_pipeline:51 - No training data available.
2025-12-13 05:30:26.283 | INFO     | __main__:<module>:168 - --- Training BBCA.JK [1h] ---
2025-12-13 05:30:26.284 | INFO     | __main__:run_pipeline:26 - Starting pipeline for BBCA.JK (1h)
2025-12-13 05:30:26.284 | INFO     | src.data_collection.stock_collector:fetch_history:49 - Fetching 730 days of history for BBCA.JK with interval 1h
2025-12-13 05:30:26.321 | ERROR    | src.data_collection.stock_collector:fetch_history:117 - Failed to fetch/save history for BBCA.JK: name 'df' is not defined
2025-12-13 05:30:26.328 | ERROR    | __main__:run_pipeline:51 - No training data available.
2025-12-13 05:30:26.329 | INFO     | __main__:<module>:168 - --- Training BBCA.JK [15m] ---
2025-12-13 05:30:26.329 | INFO     | __main__:run_pipeline:26 - Starting pipeline for BBCA.JK (15m)
2025-12-13 05:30:26.329 | INFO     | src.data_collection.stock_collector:fetch_history:49 - Fetching 730 days of history for BBCA.JK with interval 15m
2025-12-13 05:30:26.339 | ERROR    | src.data_collection.stock_collector:fetch_history:117 - Failed to fetch/save history for BBCA.JK: name 'df' is not defined
2025-12-13 05:30:26.350 | ERROR    | __main__:run_pipeline:51 - No training data available.
2025-12-13 05:30:26.351 | INFO     | __main__:<module>:168 - --- Training BBRI.JK [1d] ---
2025-12-13 05:30:26.351 | INFO     | __main__:run_pipeline:26 - Starting pipeline for BBRI.JK (1d)
2025-12-13 05:30:26.351 | INFO     | src.data_collection.stock_collector:fetch_history:49 - Fetching 730 days of history for BBRI.JK with interval 1d
2025-12-13 05:30:26.421 | WARNING  | src.data_collection.news_collector:fetch_news:18 - News API Key not set. Skipping news collection.
2025-12-13 05:30:26.429 | ERROR    | src.data_collection.stock_collector:fetch_history:117 - Failed to fetch/save history for BBRI.JK: name 'df' is not defined
2025-12-13 05:30:26.444 | ERROR    | __main__:run_pipeline:51 - No training data available.
2025-12-13 05:30:26.444 | INFO     | __main__:<module>:168 - --- Training BBRI.JK [1h] ---
2025-12-13 05:30:26.444 | INFO     | __main__:run_pipeline:26 - Starting pipeline for BBRI.JK (1h)
2025-12-13 05:30:26.444 | INFO     | src.data_collection.stock_collector:fetch_history:49 - Fetching 730 days of history for BBRI.JK with interval 1h
2025-12-13 05:30:26.532 | ERROR    | src.data_collection.stock_collector:fetch_history:117 - Failed to fetch/save history for BBRI.JK: name 'df' is not defined
2025-12-13 05:30:26.540 | ERROR    | __main__:run_pipeline:51 - No training data available.
2025-12-13 05:30:26.540 | INFO     | __main__:<module>:168 - --- Training BBRI.JK [15m] ---
2025-12-13 05:30:26.540 | INFO     | __main__:run_pipeline:26 - Starting pipeline for BBRI.JK (15m)
2025-12-13 05:30:26.540 | INFO     | src.data_collection.stock_collector:fetch_history:49 - Fetching 730 days of history for BBRI.JK with interval 15m
2025-12-13 05:30:26.642 | ERROR    | src.data_collection.stock_collector:fetch_history:117 - Failed to fetch/save history for BBRI.JK: name 'df' is not defined
2025-12-13 05:30:26.661 | ERROR    | __main__:run_pipeline:51 - No training data available.
2025-12-13 05:30:26.661 | INFO     | __main__:<module>:168 - --- Training TLKM.JK [1d] ---
2025-12-13 05:30:26.661 | INFO     | __main__:run_pipeline:26 - Starting pipeline for TLKM.JK (1d)
2025-12-13 05:30:26.661 | INFO     | src.data_collection.stock_collector:fetch_history:49 - Fetching 730 days of history for TLKM.JK with interval 1d
2025-12-13 05:30:26.706 | WARNING  | src.data_collection.news_collector:fetch_news:18 - News API Key not set. Skipping news collection.
2025-12-13 05:30:26.706 | ERROR    | src.data_collection.stock_collector:fetch_history:117 - Failed to fetch/save history for TLKM.JK: name 'df' is not defined
2025-12-13 05:30:26.707 | ERROR    | __main__:run_pipeline:51 - No training data available.
2025-12-13 05:30:26.707 | INFO     | __main__:<module>:168 - --- Training TLKM.JK [1h] ---
2025-12-13 05:30:26.707 | INFO     | __main__:run_pipeline:26 - Starting pipeline for TLKM.JK (1h)
2025-12-13 05:30:26.707 | INFO     | src.data_collection.stock_collector:fetch_history:49 - Fetching 730 days of history for TLKM.JK with interval 1h
2025-12-13 05:30:26.772 | ERROR    | src.data_collection.stock_collector:fetch_history:117 - Failed to fetch/save history for TLKM.JK: name 'df' is not defined
2025-12-13 05:30:26.781 | ERROR    | __main__:run_pipeline:51 - No training data available.
2025-12-13 05:30:26.783 | INFO     | __main__:<module>:168 - --- Training TLKM.JK [15m] ---
2025-12-13 05:30:26.783 | INFO     | __main__:run_pipeline:26 - Starting pipeline for TLKM.JK (15m)
2025-12-13 05:30:26.783 | INFO     | src.data_collection.stock_collector:fetch_history:49 - Fetching 730 days of history for TLKM.JK with interval 15m
2025-12-13 05:30:26.784 | ERROR    | src.data_collection.stock_collector:fetch_history:117 - Failed to fetch/save history for TLKM.JK: name 'df' is not defined
2025-12-13 05:30:26.785 | ERROR    | __main__:run_pipeline:51 - No training data available.
2025-12-13 05:30:26.785 | INFO     | __main__:<module>:168 - --- Training ASII.JK [1d] ---
2025-12-13 05:30:26.785 | INFO     | __main__:run_pipeline:26 - Starting pipeline for ASII.JK (1d)
2025-12-13 05:30:26.786 | INFO     | src.data_collection.stock_collector:fetch_history:49 - Fetching 730 days of history for ASII.JK with interval 1d
2025-12-13 05:30:26.786 | WARNING  | src.data_collection.news_collector:fetch_news:18 - News API Key not set. Skipping news collection.
2025-12-13 05:30:26.786 | ERROR    | src.data_collection.stock_collector:fetch_history:117 - Failed to fetch/save history for ASII.JK: name 'df' is not defined
2025-12-13 05:30:26.787 | ERROR    | __main__:run_pipeline:51 - No training data available.
2025-12-13 05:30:26.787 | INFO     | __main__:<module>:168 - --- Training ASII.JK [1h] ---
2025-12-13 05:30:26.787 | INFO     | __main__:run_pipeline:26 - Starting pipeline for ASII.JK (1h)
2025-12-13 05:30:26.788 | INFO     | src.data_collection.stock_collector:fetch_history:49 - Fetching 730 days of history for ASII.JK with interval 1h
2025-12-13 05:30:26.788 | ERROR    | src.data_collection.stock_collector:fetch_history:117 - Failed to fetch/save history for ASII.JK: name 'df' is not defined
2025-12-13 05:30:26.789 | ERROR    | __main__:run_pipeline:51 - No training data available.
2025-12-13 05:30:26.789 | INFO     | __main__:<module>:168 - --- Training ASII.JK [15m] ---
2025-12-13 05:30:26.789 | INFO     | __main__:run_pipeline:26 - Starting pipeline for ASII.JK (15m)
2025-12-13 05:30:26.789 | INFO     | src.data_collection.stock_collector:fetch_history:49 - Fetching 730 days of history for ASII.JK with interval 15m
2025-12-13 05:30:26.789 | ERROR    | src.data_collection.stock_collector:fetch_history:117 - Failed to fetch/save history for ASII.JK: name 'df' is not defined
2025-12-13 05:30:26.790 | ERROR    | __main__:run_pipeline:51 - No training data available.
2025-12-13 05:30:26.790 | INFO     | __main__:<module>:168 - --- Training UNVR.JK [1d] ---
2025-12-13 05:30:26.790 | INFO     | __main__:run_pipeline:26 - Starting pipeline for UNVR.JK (1d)
2025-12-13 05:30:26.790 | INFO     | src.data_collection.stock_collector:fetch_history:49 - Fetching 730 days of history for UNVR.JK with interval 1d
2025-12-13 05:30:26.791 | WARNING  | src.data_collection.news_collector:fetch_news:18 - News API Key not set. Skipping news collection.
2025-12-13 05:30:26.791 | ERROR    | src.data_collection.stock_collector:fetch_history:117 - Failed to fetch/save history for UNVR.JK: name 'df' is not defined
2025-12-13 05:30:26.791 | ERROR    | __main__:run_pipeline:51 - No training data available.
2025-12-13 05:30:26.791 | INFO     | __main__:<module>:168 - --- Training UNVR.JK [1h] ---
2025-12-13 05:30:26.791 | INFO     | __main__:run_pipeline:26 - Starting pipeline for UNVR.JK (1h)
2025-12-13 05:30:26.792 | INFO     | src.data_collection.stock_collector:fetch_history:49 - Fetching 730 days of history for UNVR.JK with interval 1h
2025-12-13 05:30:26.815 | ERROR    | src.data_collection.stock_collector:fetch_history:117 - Failed to fetch/save history for UNVR.JK: name 'df' is not defined
2025-12-13 05:30:26.816 | ERROR    | __main__:run_pipeline:51 - No training data available.
2025-12-13 05:30:26.816 | INFO     | __main__:<module>:168 - --- Training UNVR.JK [15m] ---
2025-12-13 05:30:26.816 | INFO     | __main__:run_pipeline:26 - Starting pipeline for UNVR.JK (15m)
2025-12-13 05:30:26.816 | INFO     | src.data_collection.stock_collector:fetch_history:49 - Fetching 730 days of history for UNVR.JK with interval 15m
2025-12-13 05:30:26.886 | ERROR    | src.data_collection.stock_collector:fetch_history:117 - Failed to fetch/save history for UNVR.JK: name 'df' is not defined
2025-12-13 05:30:26.890 | ERROR    | __main__:run_pipeline:51 - No training data available.
2025-12-13 05:30:26.890 | INFO     | __main__:<module>:174 - Cycle completed. Sleeping for 1 hour...
2025-12-13 05:52:41.582 | ERROR    | src.api.main:predict:145 - Prediction error: 
2025-12-13 05:52:43.940 | ERROR    | src.api.main:predict:145 - Prediction error: 
2025-12-13 05:52:51.200 | ERROR    | src.api.main:predict:145 - Prediction error: 
2025-12-13 05:52:54.820 | ERROR    | src.api.main:predict:145 - Prediction error: 
2025-12-13 05:52:57.717 | ERROR    | src.api.main:predict:145 - Prediction error: 
2025-12-13 05:53:01.034 | ERROR    | src.api.main:predict:145 - Prediction error: 
2025-12-13 05:53:01.067 | INFO     | src.training.trainer:run_pipeline:26 - Starting pipeline for BBCA.JK (1m)
2025-12-13 05:53:01.068 | INFO     | src.data_collection.stock_collector:fetch_history:49 - Fetching 730 days of history for BBCA.JK with interval 1m
2025-12-13 05:53:01.071 | ERROR    | src.data_collection.stock_collector:fetch_history:117 - Failed to fetch/save history for BBCA.JK: name 'df' is not defined
2025-12-13 05:53:01.074 | ERROR    | src.training.trainer:run_pipeline:51 - No training data available.
2025-12-13 05:53:06.358 | ERROR    | src.api.main:predict:145 - Prediction error: 
2025-12-13 05:53:23.933 | ERROR    | src.api.main:predict:145 - Prediction error: 
2025-12-13 05:53:28.119 | ERROR    | src.api.main:predict:145 - Prediction error: 
2025-12-13 05:53:31.298 | ERROR    | src.api.main:predict:145 - Prediction error: 
2025-12-13 05:53:32.838 | ERROR    | src.api.main:predict:145 - Prediction error: 
2025-12-13 05:54:14.942 | ERROR    | src.api.main:predict:145 - Prediction error: 
2025-12-13 05:54:17.155 | ERROR    | src.api.main:predict:145 - Prediction error: 
2025-12-13 05:54:20.228 | ERROR    | src.api.main:predict:145 - Prediction error: 
2025-12-13 05:54:24.126 | ERROR    | src.api.main:predict:145 - Prediction error: 
2025-12-13 05:54:33.144 | ERROR    | src.api.main:predict:145 - Prediction error: 
2025-12-13 05:54:53.273 | ERROR    | src.api.main:predict:145 - Prediction error: 
2025-12-13 05:56:00.696 | INFO     | __main__:<module>:161 - Starting Continuous Model Trainer...
2025-12-13 05:56:00.698 | INFO     | __main__:<module>:168 - --- Training BBCA.JK [1d] ---
2025-12-13 05:56:00.700 | INFO     | __main__:run_pipeline:26 - Starting pipeline for BBCA.JK (1d)
2025-12-13 05:56:00.701 | INFO     | src.data_collection.stock_collector:fetch_history:49 - Fetching 730 days of history for BBCA.JK with interval 1d
2025-12-13 05:56:02.271 | WARNING  | src.data_collection.news_collector:fetch_news:18 - News API Key not set. Skipping news collection.
2025-12-13 05:56:02.436 | INFO     | src.data_collection.stock_collector:fetch_history:122 - Successfully updated 729 1d records for BBCA.JK
2025-12-13 05:56:03.451 | INFO     | src.models.lstm_model:train:40 - Training LSTM model with 534 samples
2025-12-13 05:56:08.930 | INFO     | __main__:run_pipeline:94 - LSTM Results - MSE: 0.010015140640652913, RMSE: 0.10007567457006179, MAE: 0.15920382094173857
2025-12-13 05:56:08.989 | INFO     | src.models.lstm_model:save:57 - Model saved to data/models/BBCA.JK_1d_lstm.h5
2025-12-13 05:56:09.003 | INFO     | src.models.xgboost_model:train:18 - Training XGBoost model with 534 samples
2025-12-13 05:56:10.649 | INFO     | __main__:run_pipeline:129 - XGBoost Results - MSE: 0.009229238453874312, RMSE: 0.09606892553721162, MAE: 0.0711492822750722
2025-12-13 05:56:10.657 | INFO     | src.models.xgboost_model:save:28 - XGBoost model saved to data/models/BBCA.JK_1d_xgb.joblib
2025-12-13 05:56:10.673 | INFO     | __main__:<module>:168 - --- Training BBCA.JK [1h] ---
2025-12-13 05:56:10.674 | INFO     | __main__:run_pipeline:26 - Starting pipeline for BBCA.JK (1h)
2025-12-13 05:56:10.674 | INFO     | src.data_collection.stock_collector:fetch_history:49 - Fetching 730 days of history for BBCA.JK with interval 1h
2025-12-13 05:56:12.828 | INFO     | src.data_collection.stock_collector:fetch_history:122 - Successfully updated 4852 1h records for BBCA.JK
2025-12-13 05:56:13.826 | INFO     | src.models.lstm_model:train:40 - Training LSTM model with 3832 samples
2025-12-13 05:56:14.200 | ERROR    | src.api.main:predict:145 - Prediction error: 
2025-12-13 05:56:31.312 | INFO     | __main__:run_pipeline:94 - LSTM Results - MSE: 0.001564171378927896, RMSE: 0.03954960655844627, MAE: 0.1497687711802352
2025-12-13 05:56:31.357 | INFO     | src.models.lstm_model:save:57 - Model saved to data/models/BBCA.JK_1h_lstm.h5
2025-12-13 05:56:31.367 | INFO     | src.models.xgboost_model:train:18 - Training XGBoost model with 3832 samples
2025-12-13 05:56:32.983 | INFO     | __main__:run_pipeline:129 - XGBoost Results - MSE: 0.0052432364825266324, RMSE: 0.0724101959845893, MAE: 0.03871077441943756
2025-12-13 05:56:33.034 | INFO     | src.models.xgboost_model:save:28 - XGBoost model saved to data/models/BBCA.JK_1h_xgb.joblib
2025-12-13 05:56:33.069 | INFO     | __main__:<module>:168 - --- Training BBCA.JK [15m] ---
2025-12-13 05:56:33.070 | INFO     | __main__:run_pipeline:26 - Starting pipeline for BBCA.JK (15m)
2025-12-13 05:56:33.070 | INFO     | src.data_collection.stock_collector:fetch_history:49 - Fetching 730 days of history for BBCA.JK with interval 15m
2025-12-13 05:56:33.703 | INFO     | src.data_collection.stock_collector:fetch_history:122 - Successfully updated 1177 15m records for BBCA.JK
2025-12-13 05:56:34.091 | INFO     | src.models.lstm_model:train:40 - Training LSTM model with 892 samples
2025-12-13 05:56:41.327 | INFO     | __main__:run_pipeline:94 - LSTM Results - MSE: 0.00110115510101749, RMSE: 0.03318365713747492, MAE: 0.10808887405382048
2025-12-13 05:56:41.423 | INFO     | src.models.lstm_model:save:57 - Model saved to data/models/BBCA.JK_15m_lstm.h5
2025-12-13 05:56:41.447 | INFO     | src.models.xgboost_model:train:18 - Training XGBoost model with 892 samples
2025-12-13 05:56:43.582 | INFO     | __main__:run_pipeline:129 - XGBoost Results - MSE: 0.012582180227113837, RMSE: 0.11217031794157417, MAE: 0.07979260196516932
2025-12-13 05:56:43.590 | INFO     | src.models.xgboost_model:save:28 - XGBoost model saved to data/models/BBCA.JK_15m_xgb.joblib
2025-12-13 05:56:43.610 | INFO     | __main__:<module>:168 - --- Training BBRI.JK [1d] ---
2025-12-13 05:56:43.612 | INFO     | __main__:run_pipeline:26 - Starting pipeline for BBRI.JK (1d)
2025-12-13 05:56:43.612 | INFO     | src.data_collection.stock_collector:fetch_history:49 - Fetching 730 days of history for BBRI.JK with interval 1d
2025-12-13 05:56:44.007 | WARNING  | src.data_collection.news_collector:fetch_news:18 - News API Key not set. Skipping news collection.
2025-12-13 05:56:44.263 | INFO     | src.data_collection.stock_collector:fetch_history:122 - Successfully updated 729 1d records for BBRI.JK
2025-12-13 05:56:44.700 | INFO     | src.models.lstm_model:train:40 - Training LSTM model with 534 samples
2025-12-13 05:56:49.305 | INFO     | __main__:run_pipeline:94 - LSTM Results - MSE: 0.006828854903268496, RMSE: 0.08263688585170968, MAE: 0.08483538730655257
2025-12-13 05:56:49.329 | INFO     | src.models.lstm_model:save:57 - Model saved to data/models/BBRI.JK_1d_lstm.h5
2025-12-13 05:56:49.337 | INFO     | src.models.xgboost_model:train:18 - Training XGBoost model with 534 samples
2025-12-13 05:56:50.448 | INFO     | __main__:run_pipeline:129 - XGBoost Results - MSE: 0.0031132303939731894, RMSE: 0.0557963295743832, MAE: 0.046376470074634364
2025-12-13 05:56:50.454 | INFO     | src.models.xgboost_model:save:28 - XGBoost model saved to data/models/BBRI.JK_1d_xgb.joblib
2025-12-13 05:56:50.458 | INFO     | __main__:<module>:168 - --- Training BBRI.JK [1h] ---
2025-12-13 05:56:50.459 | INFO     | __main__:run_pipeline:26 - Starting pipeline for BBRI.JK (1h)
2025-12-13 05:56:50.459 | INFO     | src.data_collection.stock_collector:fetch_history:49 - Fetching 730 days of history for BBRI.JK with interval 1h
2025-12-13 05:56:52.122 | INFO     | src.data_collection.stock_collector:fetch_history:122 - Successfully updated 4853 1h records for BBRI.JK
2025-12-13 05:56:52.680 | INFO     | src.models.lstm_model:train:40 - Training LSTM model with 3833 samples
2025-12-13 05:57:08.219 | INFO     | __main__:run_pipeline:94 - LSTM Results - MSE: 0.0007593661702296795, RMSE: 0.027556599395238874, MAE: 0.07262585088612981
2025-12-13 05:57:08.261 | INFO     | src.models.lstm_model:save:57 - Model saved to data/models/BBRI.JK_1h_lstm.h5
2025-12-13 05:57:08.276 | INFO     | src.models.xgboost_model:train:18 - Training XGBoost model with 3833 samples
2025-12-13 05:57:09.511 | INFO     | __main__:run_pipeline:129 - XGBoost Results - MSE: 0.0003379837575767423, RMSE: 0.018384334569865244, MAE: 0.01219224241016255
2025-12-13 05:57:09.517 | INFO     | src.models.xgboost_model:save:28 - XGBoost model saved to data/models/BBRI.JK_1h_xgb.joblib
2025-12-13 05:57:09.537 | INFO     | __main__:<module>:168 - --- Training BBRI.JK [15m] ---
2025-12-13 05:57:09.541 | INFO     | __main__:run_pipeline:26 - Starting pipeline for BBRI.JK (15m)
2025-12-13 05:57:09.542 | INFO     | src.data_collection.stock_collector:fetch_history:49 - Fetching 730 days of history for BBRI.JK with interval 15m
2025-12-13 05:57:10.223 | INFO     | src.data_collection.stock_collector:fetch_history:122 - Successfully updated 1177 15m records for BBRI.JK
2025-12-13 05:57:10.772 | INFO     | src.models.lstm_model:train:40 - Training LSTM model with 892 samples
2025-12-13 05:57:19.820 | INFO     | __main__:run_pipeline:94 - LSTM Results - MSE: 0.0004636102809153424, RMSE: 0.021531611201100174, MAE: 0.03450368482251263
2025-12-13 05:57:19.868 | INFO     | src.models.lstm_model:save:57 - Model saved to data/models/BBRI.JK_15m_lstm.h5
2025-12-13 05:57:19.881 | INFO     | src.models.xgboost_model:train:18 - Training XGBoost model with 892 samples
2025-12-13 05:57:21.475 | INFO     | __main__:run_pipeline:129 - XGBoost Results - MSE: 0.0005831879641127899, RMSE: 0.02414928496069376, MAE: 0.01726731218308916
2025-12-13 05:57:21.485 | INFO     | src.models.xgboost_model:save:28 - XGBoost model saved to data/models/BBRI.JK_15m_xgb.joblib
2025-12-13 05:57:21.521 | INFO     | __main__:<module>:168 - --- Training TLKM.JK [1d] ---
2025-12-13 05:57:21.523 | INFO     | __main__:run_pipeline:26 - Starting pipeline for TLKM.JK (1d)
2025-12-13 05:57:21.523 | INFO     | src.data_collection.stock_collector:fetch_history:49 - Fetching 730 days of history for TLKM.JK with interval 1d
2025-12-13 05:57:21.976 | WARNING  | src.data_collection.news_collector:fetch_news:18 - News API Key not set. Skipping news collection.
2025-12-13 05:57:22.219 | INFO     | src.data_collection.stock_collector:fetch_history:122 - Successfully updated 729 1d records for TLKM.JK
2025-12-13 05:57:22.721 | INFO     | src.models.lstm_model:train:40 - Training LSTM model with 534 samples
2025-12-13 05:57:34.301 | INFO     | __main__:run_pipeline:94 - LSTM Results - MSE: 0.006812355982398268, RMSE: 0.08253699765800951, MAE: 0.2257229387308292
2025-12-13 05:57:34.387 | INFO     | src.models.lstm_model:save:57 - Model saved to data/models/TLKM.JK_1d_lstm.h5
2025-12-13 05:57:34.414 | INFO     | src.models.xgboost_model:train:18 - Training XGBoost model with 534 samples
2025-12-13 05:57:39.506 | INFO     | __main__:run_pipeline:129 - XGBoost Results - MSE: 0.006978336451464868, RMSE: 0.08353643786674692, MAE: 0.06160392672606961
2025-12-13 05:57:39.527 | INFO     | src.models.xgboost_model:save:28 - XGBoost model saved to data/models/TLKM.JK_1d_xgb.joblib
2025-12-13 05:57:39.631 | INFO     | __main__:<module>:168 - --- Training TLKM.JK [1h] ---
2025-12-13 05:57:39.639 | INFO     | __main__:run_pipeline:26 - Starting pipeline for TLKM.JK (1h)
2025-12-13 05:57:39.641 | INFO     | src.data_collection.stock_collector:fetch_history:49 - Fetching 730 days of history for TLKM.JK with interval 1h
2025-12-13 05:57:41.586 | INFO     | src.data_collection.stock_collector:fetch_history:122 - Successfully updated 4846 1h records for TLKM.JK
2025-12-13 05:57:42.777 | INFO     | src.models.lstm_model:train:40 - Training LSTM model with 3828 samples
2025-12-13 05:58:06.926 | INFO     | __main__:run_pipeline:94 - LSTM Results - MSE: 0.0010127927548968867, RMSE: 0.031824405020312425, MAE: 0.16340428520431408
2025-12-13 05:58:06.973 | INFO     | src.models.lstm_model:save:57 - Model saved to data/models/TLKM.JK_1h_lstm.h5
2025-12-13 05:58:06.990 | INFO     | src.models.xgboost_model:train:18 - Training XGBoost model with 3828 samples
2025-12-13 05:58:08.092 | INFO     | __main__:run_pipeline:129 - XGBoost Results - MSE: 0.0004446164487387105, RMSE: 0.021085930113198956, MAE: 0.014380780003578236
2025-12-13 05:58:08.097 | INFO     | src.models.xgboost_model:save:28 - XGBoost model saved to data/models/TLKM.JK_1h_xgb.joblib
2025-12-13 05:58:08.112 | INFO     | __main__:<module>:168 - --- Training TLKM.JK [15m] ---
2025-12-13 05:58:08.113 | INFO     | __main__:run_pipeline:26 - Starting pipeline for TLKM.JK (15m)
2025-12-13 05:58:08.113 | INFO     | src.data_collection.stock_collector:fetch_history:49 - Fetching 730 days of history for TLKM.JK with interval 15m
2025-12-13 05:58:08.689 | INFO     | src.data_collection.stock_collector:fetch_history:122 - Successfully updated 1177 15m records for TLKM.JK
2025-12-13 05:58:08.967 | INFO     | src.models.lstm_model:train:40 - Training LSTM model with 892 samples
2025-12-13 05:58:13.423 | INFO     | __main__:run_pipeline:94 - LSTM Results - MSE: 0.0015972322023265861, RMSE: 0.03996538755381444, MAE: 0.04910735086880941
2025-12-13 05:58:13.447 | INFO     | src.models.lstm_model:save:57 - Model saved to data/models/TLKM.JK_15m_lstm.h5
2025-12-13 05:58:13.460 | INFO     | src.models.xgboost_model:train:18 - Training XGBoost model with 892 samples
2025-12-13 05:58:14.163 | INFO     | __main__:run_pipeline:129 - XGBoost Results - MSE: 0.0007111604861795847, RMSE: 0.02666759243313098, MAE: 0.020210326174084033
2025-12-13 05:58:14.166 | INFO     | src.models.xgboost_model:save:28 - XGBoost model saved to data/models/TLKM.JK_15m_xgb.joblib
2025-12-13 05:58:14.173 | INFO     | __main__:<module>:168 - --- Training ASII.JK [1d] ---
2025-12-13 05:58:14.174 | INFO     | __main__:run_pipeline:26 - Starting pipeline for ASII.JK (1d)
2025-12-13 05:58:14.174 | INFO     | src.data_collection.stock_collector:fetch_history:49 - Fetching 730 days of history for ASII.JK with interval 1d
2025-12-13 05:58:14.590 | WARNING  | src.data_collection.news_collector:fetch_news:18 - News API Key not set. Skipping news collection.
2025-12-13 05:58:14.754 | INFO     | src.data_collection.stock_collector:fetch_history:122 - Successfully updated 729 1d records for ASII.JK
2025-12-13 05:58:15.022 | INFO     | src.models.lstm_model:train:40 - Training LSTM model with 534 samples
2025-12-13 05:58:18.484 | INFO     | __main__:run_pipeline:94 - LSTM Results - MSE: 0.009830824162517621, RMSE: 0.09915051266896012, MAE: 0.2819297617805085
2025-12-13 05:58:18.509 | INFO     | src.models.lstm_model:save:57 - Model saved to data/models/ASII.JK_1d_lstm.h5
2025-12-13 05:58:18.516 | INFO     | src.models.xgboost_model:train:18 - Training XGBoost model with 534 samples
2025-12-13 05:58:19.364 | INFO     | __main__:run_pipeline:129 - XGBoost Results - MSE: 0.04535707926580103, RMSE: 0.21297201521749526, MAE: 0.14161422674244867
2025-12-13 05:58:19.367 | INFO     | src.models.xgboost_model:save:28 - XGBoost model saved to data/models/ASII.JK_1d_xgb.joblib
2025-12-13 05:58:19.381 | INFO     | __main__:<module>:168 - --- Training ASII.JK [1h] ---
2025-12-13 05:58:19.382 | INFO     | __main__:run_pipeline:26 - Starting pipeline for ASII.JK (1h)
2025-12-13 05:58:19.382 | INFO     | src.data_collection.stock_collector:fetch_history:49 - Fetching 730 days of history for ASII.JK with interval 1h
2025-12-13 05:58:21.150 | INFO     | src.data_collection.stock_collector:fetch_history:122 - Successfully updated 4843 1h records for ASII.JK
2025-12-13 05:58:21.645 | INFO     | src.models.lstm_model:train:40 - Training LSTM model with 3825 samples
2025-12-13 05:58:35.275 | INFO     | __main__:run_pipeline:94 - LSTM Results - MSE: 0.0015948401306987389, RMSE: 0.039935449549225545, MAE: 0.3052929251356247
2025-12-13 05:58:35.305 | INFO     | src.models.lstm_model:save:57 - Model saved to data/models/ASII.JK_1h_lstm.h5
2025-12-13 05:58:35.313 | INFO     | src.models.xgboost_model:train:18 - Training XGBoost model with 3825 samples
2025-12-13 05:58:36.039 | INFO     | __main__:run_pipeline:129 - XGBoost Results - MSE: 0.0005917700085620563, RMSE: 0.024326323367127558, MAE: 0.01631644366415597
2025-12-13 05:58:36.043 | INFO     | src.models.xgboost_model:save:28 - XGBoost model saved to data/models/ASII.JK_1h_xgb.joblib
2025-12-13 05:58:36.060 | INFO     | __main__:<module>:168 - --- Training ASII.JK [15m] ---
2025-12-13 05:58:36.061 | INFO     | __main__:run_pipeline:26 - Starting pipeline for ASII.JK (15m)
2025-12-13 05:58:36.061 | INFO     | src.data_collection.stock_collector:fetch_history:49 - Fetching 730 days of history for ASII.JK with interval 15m
2025-12-13 05:58:36.603 | INFO     | src.data_collection.stock_collector:fetch_history:122 - Successfully updated 1177 15m records for ASII.JK
2025-12-13 05:58:36.856 | INFO     | src.models.lstm_model:train:40 - Training LSTM model with 892 samples
2025-12-13 05:58:41.305 | INFO     | __main__:run_pipeline:94 - LSTM Results - MSE: 0.0046833971230908905, RMSE: 0.06843534995227898, MAE: 0.09732719775055075
2025-12-13 05:58:41.336 | INFO     | src.models.lstm_model:save:57 - Model saved to data/models/ASII.JK_15m_lstm.h5
2025-12-13 05:58:41.349 | INFO     | src.models.xgboost_model:train:18 - Training XGBoost model with 892 samples
2025-12-13 05:58:41.967 | INFO     | __main__:run_pipeline:129 - XGBoost Results - MSE: 0.014285004833993581, RMSE: 0.11951989304711405, MAE: 0.08665200335388436
2025-12-13 05:58:41.974 | INFO     | src.models.xgboost_model:save:28 - XGBoost model saved to data/models/ASII.JK_15m_xgb.joblib
2025-12-13 05:58:41.985 | INFO     | __main__:<module>:168 - --- Training UNVR.JK [1d] ---
2025-12-13 05:58:41.986 | INFO     | __main__:run_pipeline:26 - Starting pipeline for UNVR.JK (1d)
2025-12-13 05:58:41.986 | INFO     | src.data_collection.stock_collector:fetch_history:49 - Fetching 730 days of history for UNVR.JK with interval 1d
2025-12-13 05:58:42.415 | WARNING  | src.data_collection.news_collector:fetch_news:18 - News API Key not set. Skipping news collection.
2025-12-13 05:58:42.602 | INFO     | src.data_collection.stock_collector:fetch_history:122 - Successfully updated 729 1d records for UNVR.JK
2025-12-13 05:58:42.944 | INFO     | src.models.lstm_model:train:40 - Training LSTM model with 534 samples
2025-12-13 05:58:46.513 | INFO     | __main__:run_pipeline:94 - LSTM Results - MSE: 0.0026035367933847247, RMSE: 0.05102486446218867, MAE: 0.12312961529437406
2025-12-13 05:58:46.549 | INFO     | src.models.lstm_model:save:57 - Model saved to data/models/UNVR.JK_1d_lstm.h5
2025-12-13 05:58:46.562 | INFO     | src.models.xgboost_model:train:18 - Training XGBoost model with 534 samples
2025-12-13 05:58:47.291 | INFO     | __main__:run_pipeline:129 - XGBoost Results - MSE: 0.009238372028005336, RMSE: 0.09611645035063111, MAE: 0.06013928407375028
2025-12-13 05:58:47.295 | INFO     | src.models.xgboost_model:save:28 - XGBoost model saved to data/models/UNVR.JK_1d_xgb.joblib
2025-12-13 05:58:47.301 | INFO     | __main__:<module>:168 - --- Training UNVR.JK [1h] ---
2025-12-13 05:58:47.302 | INFO     | __main__:run_pipeline:26 - Starting pipeline for UNVR.JK (1h)
2025-12-13 05:58:47.302 | INFO     | src.data_collection.stock_collector:fetch_history:49 - Fetching 730 days of history for UNVR.JK with interval 1h
2025-12-13 05:58:48.806 | INFO     | src.data_collection.stock_collector:fetch_history:122 - Successfully updated 4844 1h records for UNVR.JK
2025-12-13 05:58:49.044 | INFO     | src.models.lstm_model:train:40 - Training LSTM model with 3826 samples
2025-12-13 05:59:09.385 | INFO     | __main__:run_pipeline:94 - LSTM Results - MSE: 0.00022909560090721295, RMSE: 0.015135904363704633, MAE: 0.10880240694554863
2025-12-13 05:59:09.452 | INFO     | src.models.lstm_model:save:57 - Model saved to data/models/UNVR.JK_1h_lstm.h5
2025-12-13 05:59:09.513 | INFO     | src.models.xgboost_model:train:18 - Training XGBoost model with 3826 samples
2025-12-13 05:59:10.871 | INFO     | __main__:run_pipeline:129 - XGBoost Results - MSE: 0.0001065421439697889, RMSE: 0.010321925400320857, MAE: 0.005985677294933877
2025-12-13 05:59:10.875 | INFO     | src.models.xgboost_model:save:28 - XGBoost model saved to data/models/UNVR.JK_1h_xgb.joblib
2025-12-13 05:59:10.908 | INFO     | __main__:<module>:168 - --- Training UNVR.JK [15m] ---
2025-12-13 05:59:10.910 | INFO     | __main__:run_pipeline:26 - Starting pipeline for UNVR.JK (15m)
2025-12-13 05:59:10.910 | INFO     | src.data_collection.stock_collector:fetch_history:49 - Fetching 730 days of history for UNVR.JK with interval 15m
2025-12-13 05:59:11.477 | INFO     | src.data_collection.stock_collector:fetch_history:122 - Successfully updated 1177 15m records for UNVR.JK
2025-12-13 05:59:11.860 | INFO     | src.models.lstm_model:train:40 - Training LSTM model with 892 samples
2025-12-13 05:59:18.707 | INFO     | __main__:run_pipeline:94 - LSTM Results - MSE: 0.0006693553045422648, RMSE: 0.02587190183465964, MAE: 0.044692457853350125
2025-12-13 05:59:18.741 | INFO     | src.models.lstm_model:save:57 - Model saved to data/models/UNVR.JK_15m_lstm.h5
2025-12-13 05:59:18.753 | INFO     | src.models.xgboost_model:train:18 - Training XGBoost model with 892 samples
2025-12-13 05:59:19.510 | INFO     | __main__:run_pipeline:129 - XGBoost Results - MSE: 0.0013045491965170736, RMSE: 0.03611854366550614, MAE: 0.02797397698749149
2025-12-13 05:59:19.516 | INFO     | src.models.xgboost_model:save:28 - XGBoost model saved to data/models/UNVR.JK_15m_xgb.joblib
2025-12-13 05:59:19.523 | INFO     | __main__:<module>:174 - Cycle completed. Sleeping for 1 hour...
2025-12-13 06:09:47.234 | INFO     | __main__:<module>:242 - Starting Continuous Model Trainer...
2025-12-13 06:09:47.235 | INFO     | __main__:<module>:249 - --- Training BBCA.JK [1d] ---
2025-12-13 06:09:47.239 | INFO     | __main__:run_pipeline:26 - Starting pipeline for BBCA.JK (1d)
2025-12-13 06:09:47.239 | INFO     | src.data_collection.stock_collector:fetch_history:49 - Fetching 730 days of history for BBCA.JK with interval 1d
2025-12-13 06:09:48.824 | WARNING  | src.data_collection.news_collector:fetch_news:18 - News API Key not set. Skipping news collection.
2025-12-13 06:09:49.000 | INFO     | src.data_collection.stock_collector:fetch_history:122 - Successfully updated 729 1d records for BBCA.JK
2025-12-13 06:09:49.871 | INFO     | src.models.lstm_model:train:40 - Training LSTM model with 534 samples
2025-12-13 06:09:55.036 | INFO     | __main__:run_pipeline:101 - LSTM Results - MSE: 0.008627952636148595, RMSE: 0.09288677320344697, MAE: 0.15640477598239969
2025-12-13 06:09:55.090 | INFO     | src.models.lstm_model:save:57 - Model saved to data/models/BBCA.JK_1d_lstm.h5
2025-12-13 06:09:55.157 | INFO     | __main__:run_pipeline:174 - Logged 134 historical predictions for BBCA.JK
2025-12-13 06:09:55.159 | INFO     | src.models.xgboost_model:train:18 - Training XGBoost model with 534 samples
2025-12-13 06:09:56.256 | INFO     | __main__:run_pipeline:210 - XGBoost Results - MSE: 0.008398478463066952, RMSE: 0.09164321285871066, MAE: 0.06770590998119909
2025-12-13 06:09:56.262 | INFO     | src.models.xgboost_model:save:28 - XGBoost model saved to data/models/BBCA.JK_1d_xgb.joblib
2025-12-13 06:09:56.265 | INFO     | __main__:<module>:249 - --- Training BBCA.JK [1h] ---
2025-12-13 06:09:56.266 | INFO     | __main__:run_pipeline:26 - Starting pipeline for BBCA.JK (1h)
2025-12-13 06:09:56.266 | INFO     | src.data_collection.stock_collector:fetch_history:49 - Fetching 730 days of history for BBCA.JK with interval 1h
2025-12-13 06:09:57.643 | INFO     | src.data_collection.stock_collector:fetch_history:122 - Successfully updated 4852 1h records for BBCA.JK
2025-12-13 06:09:57.886 | INFO     | src.models.lstm_model:train:40 - Training LSTM model with 3832 samples
2025-12-13 06:10:11.436 | INFO     | __main__:run_pipeline:101 - LSTM Results - MSE: 0.001382423978010701, RMSE: 0.037180962575096156, MAE: 0.14850413744101773
2025-12-13 06:10:11.475 | INFO     | src.models.lstm_model:save:57 - Model saved to data/models/BBCA.JK_1h_lstm.h5
2025-12-13 06:10:11.796 | INFO     | __main__:run_pipeline:174 - Logged 959 historical predictions for BBCA.JK
2025-12-13 06:10:11.798 | INFO     | src.models.xgboost_model:train:18 - Training XGBoost model with 3832 samples
2025-12-13 06:10:13.673 | INFO     | __main__:run_pipeline:210 - XGBoost Results - MSE: 0.0052432364825266324, RMSE: 0.0724101959845893, MAE: 0.03871077441943756
2025-12-13 06:10:13.685 | INFO     | src.models.xgboost_model:save:28 - XGBoost model saved to data/models/BBCA.JK_1h_xgb.joblib
2025-12-13 06:10:13.711 | INFO     | __main__:<module>:249 - --- Training BBCA.JK [15m] ---
2025-12-13 06:10:13.713 | INFO     | __main__:run_pipeline:26 - Starting pipeline for BBCA.JK (15m)
2025-12-13 06:10:13.713 | INFO     | src.data_collection.stock_collector:fetch_history:49 - Fetching 730 days of history for BBCA.JK with interval 15m
2025-12-13 06:10:14.265 | INFO     | src.data_collection.stock_collector:fetch_history:122 - Successfully updated 1177 15m records for BBCA.JK
2025-12-13 06:10:14.648 | INFO     | src.models.lstm_model:train:40 - Training LSTM model with 892 samples
2025-12-13 06:10:18.800 | INFO     | __main__:run_pipeline:101 - LSTM Results - MSE: 0.0023568151108096904, RMSE: 0.048547040185882503, MAE: 0.11563117954465554
2025-12-13 06:10:18.824 | INFO     | src.models.lstm_model:save:57 - Model saved to data/models/BBCA.JK_15m_lstm.h5
2025-12-13 06:10:18.913 | INFO     | __main__:run_pipeline:174 - Logged 224 historical predictions for BBCA.JK
2025-12-13 06:10:18.915 | INFO     | src.models.xgboost_model:train:18 - Training XGBoost model with 892 samples
2025-12-13 06:10:19.343 | INFO     | __main__:run_pipeline:210 - XGBoost Results - MSE: 0.012582180227113837, RMSE: 0.11217031794157417, MAE: 0.07979260196516932
2025-12-13 06:10:19.347 | INFO     | src.models.xgboost_model:save:28 - XGBoost model saved to data/models/BBCA.JK_15m_xgb.joblib
2025-12-13 06:10:19.350 | INFO     | __main__:<module>:249 - --- Training BBRI.JK [1d] ---
2025-12-13 06:10:19.351 | INFO     | __main__:run_pipeline:26 - Starting pipeline for BBRI.JK (1d)
2025-12-13 06:10:19.351 | INFO     | src.data_collection.stock_collector:fetch_history:49 - Fetching 730 days of history for BBRI.JK with interval 1d
2025-12-13 06:10:19.589 | WARNING  | src.data_collection.news_collector:fetch_news:18 - News API Key not set. Skipping news collection.
2025-12-13 06:10:19.780 | INFO     | src.data_collection.stock_collector:fetch_history:122 - Successfully updated 729 1d records for BBRI.JK
2025-12-13 06:10:20.027 | INFO     | src.models.lstm_model:train:40 - Training LSTM model with 534 samples
2025-12-13 06:10:23.808 | INFO     | __main__:run_pipeline:101 - LSTM Results - MSE: 0.006134118492657774, RMSE: 0.07832061345940655, MAE: 0.08094084198253115
2025-12-13 06:10:23.841 | INFO     | src.models.lstm_model:save:57 - Model saved to data/models/BBRI.JK_1d_lstm.h5
2025-12-13 06:10:23.908 | INFO     | __main__:run_pipeline:174 - Logged 134 historical predictions for BBRI.JK
2025-12-13 06:10:23.914 | INFO     | src.models.xgboost_model:train:18 - Training XGBoost model with 534 samples
2025-12-13 06:10:25.424 | INFO     | __main__:run_pipeline:210 - XGBoost Results - MSE: 0.003118726324148338, RMSE: 0.05584555778348299, MAE: 0.046216345246348225
2025-12-13 06:10:25.428 | INFO     | src.models.xgboost_model:save:28 - XGBoost model saved to data/models/BBRI.JK_1d_xgb.joblib
2025-12-13 06:10:25.431 | INFO     | __main__:<module>:249 - --- Training BBRI.JK [1h] ---
2025-12-13 06:10:25.432 | INFO     | __main__:run_pipeline:26 - Starting pipeline for BBRI.JK (1h)
2025-12-13 06:10:25.432 | INFO     | src.data_collection.stock_collector:fetch_history:49 - Fetching 730 days of history for BBRI.JK with interval 1h
2025-12-13 06:10:26.916 | INFO     | src.data_collection.stock_collector:fetch_history:122 - Successfully updated 4853 1h records for BBRI.JK
2025-12-13 06:10:27.226 | INFO     | src.models.lstm_model:train:40 - Training LSTM model with 3833 samples
2025-12-13 06:10:41.339 | INFO     | __main__:run_pipeline:101 - LSTM Results - MSE: 0.000718505533001861, RMSE: 0.026804953516129458, MAE: 0.07286870933511282
2025-12-13 06:10:41.373 | INFO     | src.models.lstm_model:save:57 - Model saved to data/models/BBRI.JK_1h_lstm.h5
2025-12-13 06:10:41.709 | INFO     | __main__:run_pipeline:174 - Logged 959 historical predictions for BBRI.JK
2025-12-13 06:10:41.710 | INFO     | src.models.xgboost_model:train:18 - Training XGBoost model with 3833 samples
2025-12-13 06:10:43.126 | INFO     | __main__:run_pipeline:210 - XGBoost Results - MSE: 0.0003379837575767423, RMSE: 0.018384334569865244, MAE: 0.01219224241016255
2025-12-13 06:10:43.132 | INFO     | src.models.xgboost_model:save:28 - XGBoost model saved to data/models/BBRI.JK_1h_xgb.joblib
2025-12-13 06:10:43.146 | INFO     | __main__:<module>:249 - --- Training BBRI.JK [15m] ---
2025-12-13 06:10:43.147 | INFO     | __main__:run_pipeline:26 - Starting pipeline for BBRI.JK (15m)
2025-12-13 06:10:43.147 | INFO     | src.data_collection.stock_collector:fetch_history:49 - Fetching 730 days of history for BBRI.JK with interval 15m
2025-12-13 06:10:43.677 | INFO     | src.data_collection.stock_collector:fetch_history:122 - Successfully updated 1177 15m records for BBRI.JK
2025-12-13 06:10:43.959 | INFO     | src.models.lstm_model:train:40 - Training LSTM model with 892 samples
2025-12-13 06:10:49.608 | INFO     | __main__:run_pipeline:101 - LSTM Results - MSE: 0.0005702755425708894, RMSE: 0.023880442679541966, MAE: 0.03660390486993789
2025-12-13 06:10:49.638 | INFO     | src.models.lstm_model:save:57 - Model saved to data/models/BBRI.JK_15m_lstm.h5
2025-12-13 06:10:49.733 | INFO     | __main__:run_pipeline:174 - Logged 224 historical predictions for BBRI.JK
2025-12-13 06:10:49.735 | INFO     | src.models.xgboost_model:train:18 - Training XGBoost model with 892 samples
2025-12-13 06:10:50.441 | INFO     | __main__:run_pipeline:210 - XGBoost Results - MSE: 0.0005831879641127899, RMSE: 0.02414928496069376, MAE: 0.01726731218308916
2025-12-13 06:10:50.444 | INFO     | src.models.xgboost_model:save:28 - XGBoost model saved to data/models/BBRI.JK_15m_xgb.joblib
2025-12-13 06:10:50.459 | INFO     | __main__:<module>:249 - --- Training TLKM.JK [1d] ---
2025-12-13 06:10:50.460 | INFO     | __main__:run_pipeline:26 - Starting pipeline for TLKM.JK (1d)
2025-12-13 06:10:50.460 | INFO     | src.data_collection.stock_collector:fetch_history:49 - Fetching 730 days of history for TLKM.JK with interval 1d
2025-12-13 06:10:50.715 | WARNING  | src.data_collection.news_collector:fetch_news:18 - News API Key not set. Skipping news collection.
2025-12-13 06:10:50.876 | INFO     | src.data_collection.stock_collector:fetch_history:122 - Successfully updated 729 1d records for TLKM.JK
2025-12-13 06:10:51.091 | INFO     | src.models.lstm_model:train:40 - Training LSTM model with 534 samples
2025-12-13 06:10:54.889 | INFO     | __main__:run_pipeline:101 - LSTM Results - MSE: 0.0115616557091429, RMSE: 0.10752513989362161, MAE: 0.2245550801134979
2025-12-13 06:10:54.931 | INFO     | src.models.lstm_model:save:57 - Model saved to data/models/TLKM.JK_1d_lstm.h5
2025-12-13 06:10:55.006 | INFO     | __main__:run_pipeline:174 - Logged 134 historical predictions for TLKM.JK
2025-12-13 06:10:55.009 | INFO     | src.models.xgboost_model:train:18 - Training XGBoost model with 534 samples
2025-12-13 06:10:57.407 | INFO     | __main__:run_pipeline:210 - XGBoost Results - MSE: 0.00697833673926689, RMSE: 0.08353643958936058, MAE: 0.06160393006215048
2025-12-13 06:10:57.415 | INFO     | src.models.xgboost_model:save:28 - XGBoost model saved to data/models/TLKM.JK_1d_xgb.joblib
2025-12-13 06:10:57.435 | INFO     | __main__:<module>:249 - --- Training TLKM.JK [1h] ---
2025-12-13 06:10:57.437 | INFO     | __main__:run_pipeline:26 - Starting pipeline for TLKM.JK (1h)
2025-12-13 06:10:57.437 | INFO     | src.data_collection.stock_collector:fetch_history:49 - Fetching 730 days of history for TLKM.JK with interval 1h
2025-12-13 06:10:58.905 | INFO     | src.data_collection.stock_collector:fetch_history:122 - Successfully updated 4846 1h records for TLKM.JK
2025-12-13 06:10:59.423 | INFO     | src.models.lstm_model:train:40 - Training LSTM model with 3828 samples
2025-12-13 06:11:12.646 | INFO     | __main__:run_pipeline:101 - LSTM Results - MSE: 0.001188449917760436, RMSE: 0.03447390198049005, MAE: 0.1618073676025148
2025-12-13 06:11:12.696 | INFO     | src.models.lstm_model:save:57 - Model saved to data/models/TLKM.JK_1h_lstm.h5
2025-12-13 06:11:13.014 | INFO     | __main__:run_pipeline:174 - Logged 957 historical predictions for TLKM.JK
2025-12-13 06:11:13.016 | INFO     | src.models.xgboost_model:train:18 - Training XGBoost model with 3828 samples
2025-12-13 06:11:13.789 | INFO     | __main__:run_pipeline:210 - XGBoost Results - MSE: 0.0004446164487387105, RMSE: 0.021085930113198956, MAE: 0.014380780003578236
2025-12-13 06:11:13.792 | INFO     | src.models.xgboost_model:save:28 - XGBoost model saved to data/models/TLKM.JK_1h_xgb.joblib
2025-12-13 06:11:13.806 | INFO     | __main__:<module>:249 - --- Training TLKM.JK [15m] ---
2025-12-13 06:11:13.806 | INFO     | __main__:run_pipeline:26 - Starting pipeline for TLKM.JK (15m)
2025-12-13 06:11:13.807 | INFO     | src.data_collection.stock_collector:fetch_history:49 - Fetching 730 days of history for TLKM.JK with interval 15m
2025-12-13 06:11:14.375 | INFO     | src.data_collection.stock_collector:fetch_history:122 - Successfully updated 1177 15m records for TLKM.JK
2025-12-13 06:11:14.634 | INFO     | src.models.lstm_model:train:40 - Training LSTM model with 892 samples
2025-12-13 06:11:19.615 | INFO     | __main__:run_pipeline:101 - LSTM Results - MSE: 0.0013588276913826473, RMSE: 0.03686228006218074, MAE: 0.04667698959928599
2025-12-13 06:11:19.645 | INFO     | src.models.lstm_model:save:57 - Model saved to data/models/TLKM.JK_15m_lstm.h5
2025-12-13 06:11:19.748 | INFO     | __main__:run_pipeline:174 - Logged 224 historical predictions for TLKM.JK
2025-12-13 06:11:19.750 | INFO     | src.models.xgboost_model:train:18 - Training XGBoost model with 892 samples
2025-12-13 06:11:20.497 | INFO     | __main__:run_pipeline:210 - XGBoost Results - MSE: 0.0007111604861795847, RMSE: 0.02666759243313098, MAE: 0.020210326174084033
2025-12-13 06:11:20.502 | INFO     | src.models.xgboost_model:save:28 - XGBoost model saved to data/models/TLKM.JK_15m_xgb.joblib
2025-12-13 06:11:20.517 | INFO     | __main__:<module>:249 - --- Training ASII.JK [1d] ---
2025-12-13 06:11:20.517 | INFO     | __main__:run_pipeline:26 - Starting pipeline for ASII.JK (1d)
2025-12-13 06:11:20.518 | INFO     | src.data_collection.stock_collector:fetch_history:49 - Fetching 730 days of history for ASII.JK with interval 1d
2025-12-13 06:11:20.772 | WARNING  | src.data_collection.news_collector:fetch_news:18 - News API Key not set. Skipping news collection.
2025-12-13 06:11:20.971 | INFO     | src.data_collection.stock_collector:fetch_history:122 - Successfully updated 729 1d records for ASII.JK
2025-12-13 06:11:21.232 | INFO     | src.models.lstm_model:train:40 - Training LSTM model with 534 samples
2025-12-13 06:11:24.528 | INFO     | __main__:run_pipeline:101 - LSTM Results - MSE: 0.008525335607340144, RMSE: 0.09233274396085142, MAE: 0.282889075487638
2025-12-13 06:11:24.557 | INFO     | src.models.lstm_model:save:57 - Model saved to data/models/ASII.JK_1d_lstm.h5
2025-12-13 06:11:24.630 | INFO     | __main__:run_pipeline:174 - Logged 134 historical predictions for ASII.JK
2025-12-13 06:11:24.632 | INFO     | src.models.xgboost_model:train:18 - Training XGBoost model with 534 samples
2025-12-13 06:11:25.872 | INFO     | __main__:run_pipeline:210 - XGBoost Results - MSE: 0.04561446219944995, RMSE: 0.21357542508315405, MAE: 0.14171775086260868
2025-12-13 06:11:25.879 | INFO     | src.models.xgboost_model:save:28 - XGBoost model saved to data/models/ASII.JK_1d_xgb.joblib
2025-12-13 06:11:25.891 | INFO     | __main__:<module>:249 - --- Training ASII.JK [1h] ---
2025-12-13 06:11:25.892 | INFO     | __main__:run_pipeline:26 - Starting pipeline for ASII.JK (1h)
2025-12-13 06:11:25.893 | INFO     | src.data_collection.stock_collector:fetch_history:49 - Fetching 730 days of history for ASII.JK with interval 1h
2025-12-13 06:11:27.452 | INFO     | src.data_collection.stock_collector:fetch_history:122 - Successfully updated 4843 1h records for ASII.JK
2025-12-13 06:11:27.790 | INFO     | src.models.lstm_model:train:40 - Training LSTM model with 3825 samples
2025-12-13 06:11:43.382 | INFO     | __main__:run_pipeline:101 - LSTM Results - MSE: 0.0010950434258111658, RMSE: 0.033091440370753976, MAE: 0.31272950976698555
2025-12-13 06:11:43.420 | INFO     | src.models.lstm_model:save:57 - Model saved to data/models/ASII.JK_1h_lstm.h5
2025-12-13 06:11:43.767 | INFO     | __main__:run_pipeline:174 - Logged 957 historical predictions for ASII.JK
2025-12-13 06:11:43.769 | INFO     | src.models.xgboost_model:train:18 - Training XGBoost model with 3825 samples
2025-12-13 06:11:44.586 | INFO     | __main__:run_pipeline:210 - XGBoost Results - MSE: 0.0005917700085620563, RMSE: 0.024326323367127558, MAE: 0.01631644366415597
2025-12-13 06:11:44.597 | INFO     | src.models.xgboost_model:save:28 - XGBoost model saved to data/models/ASII.JK_1h_xgb.joblib
2025-12-13 06:11:44.612 | INFO     | __main__:<module>:249 - --- Training ASII.JK [15m] ---
2025-12-13 06:11:44.615 | INFO     | __main__:run_pipeline:26 - Starting pipeline for ASII.JK (15m)
2025-12-13 06:11:44.615 | INFO     | src.data_collection.stock_collector:fetch_history:49 - Fetching 730 days of history for ASII.JK with interval 15m
2025-12-13 06:11:45.157 | INFO     | src.data_collection.stock_collector:fetch_history:122 - Successfully updated 1177 15m records for ASII.JK
2025-12-13 06:11:45.511 | INFO     | src.models.lstm_model:train:40 - Training LSTM model with 892 samples
2025-12-13 06:11:50.488 | INFO     | __main__:run_pipeline:101 - LSTM Results - MSE: 0.003578846254126948, RMSE: 0.0598234590618676, MAE: 0.0955480979074452
2025-12-13 06:11:50.513 | INFO     | src.models.lstm_model:save:57 - Model saved to data/models/ASII.JK_15m_lstm.h5
2025-12-13 06:11:50.601 | INFO     | __main__:run_pipeline:174 - Logged 224 historical predictions for ASII.JK
2025-12-13 06:11:50.603 | INFO     | src.models.xgboost_model:train:18 - Training XGBoost model with 892 samples
2025-12-13 06:11:51.045 | INFO     | __main__:run_pipeline:210 - XGBoost Results - MSE: 0.014285004833993581, RMSE: 0.11951989304711405, MAE: 0.08665200335388436
2025-12-13 06:11:51.048 | INFO     | src.models.xgboost_model:save:28 - XGBoost model saved to data/models/ASII.JK_15m_xgb.joblib
2025-12-13 06:11:51.056 | INFO     | __main__:<module>:249 - --- Training UNVR.JK [1d] ---
2025-12-13 06:11:51.057 | INFO     | __main__:run_pipeline:26 - Starting pipeline for UNVR.JK (1d)
2025-12-13 06:11:51.057 | INFO     | src.data_collection.stock_collector:fetch_history:49 - Fetching 730 days of history for UNVR.JK with interval 1d
2025-12-13 06:11:51.296 | WARNING  | src.data_collection.news_collector:fetch_news:18 - News API Key not set. Skipping news collection.
2025-12-13 06:11:51.561 | INFO     | src.data_collection.stock_collector:fetch_history:122 - Successfully updated 729 1d records for UNVR.JK
2025-12-13 06:11:51.782 | INFO     | src.models.lstm_model:train:40 - Training LSTM model with 534 samples
2025-12-13 06:11:55.199 | INFO     | __main__:run_pipeline:101 - LSTM Results - MSE: 0.002749034619046662, RMSE: 0.05243123705432347, MAE: 0.12654986653128097
2025-12-13 06:11:55.237 | INFO     | src.models.lstm_model:save:57 - Model saved to data/models/UNVR.JK_1d_lstm.h5
2025-12-13 06:11:55.305 | INFO     | __main__:run_pipeline:174 - Logged 134 historical predictions for UNVR.JK
2025-12-13 06:11:55.309 | INFO     | src.models.xgboost_model:train:18 - Training XGBoost model with 534 samples
2025-12-13 06:11:56.378 | INFO     | __main__:run_pipeline:210 - XGBoost Results - MSE: 0.009215631692467955, RMSE: 0.09599808171243816, MAE: 0.06008144999829226
2025-12-13 06:11:56.387 | INFO     | src.models.xgboost_model:save:28 - XGBoost model saved to data/models/UNVR.JK_1d_xgb.joblib
2025-12-13 06:11:56.395 | INFO     | __main__:<module>:249 - --- Training UNVR.JK [1h] ---
2025-12-13 06:11:56.396 | INFO     | __main__:run_pipeline:26 - Starting pipeline for UNVR.JK (1h)
2025-12-13 06:11:56.396 | INFO     | src.data_collection.stock_collector:fetch_history:49 - Fetching 730 days of history for UNVR.JK with interval 1h
2025-12-13 06:11:58.143 | INFO     | src.data_collection.stock_collector:fetch_history:122 - Successfully updated 4844 1h records for UNVR.JK
2025-12-13 06:11:58.512 | INFO     | src.models.lstm_model:train:40 - Training LSTM model with 3826 samples
2025-12-13 06:12:13.284 | INFO     | __main__:run_pipeline:101 - LSTM Results - MSE: 0.00023556268497951788, RMSE: 0.01534805150432842, MAE: 0.10799186151677166
2025-12-13 06:12:13.340 | INFO     | src.models.lstm_model:save:57 - Model saved to data/models/UNVR.JK_1h_lstm.h5
2025-12-13 06:12:13.718 | INFO     | __main__:run_pipeline:174 - Logged 957 historical predictions for UNVR.JK
2025-12-13 06:12:13.720 | INFO     | src.models.xgboost_model:train:18 - Training XGBoost model with 3826 samples
2025-12-13 06:12:15.876 | INFO     | __main__:run_pipeline:210 - XGBoost Results - MSE: 0.0001065421439697889, RMSE: 0.010321925400320857, MAE: 0.005985677294933877
2025-12-13 06:12:15.898 | INFO     | src.models.xgboost_model:save:28 - XGBoost model saved to data/models/UNVR.JK_1h_xgb.joblib
2025-12-13 06:12:15.915 | INFO     | __main__:<module>:249 - --- Training UNVR.JK [15m] ---
2025-12-13 06:12:15.916 | INFO     | __main__:run_pipeline:26 - Starting pipeline for UNVR.JK (15m)
2025-12-13 06:12:15.917 | INFO     | src.data_collection.stock_collector:fetch_history:49 - Fetching 730 days of history for UNVR.JK with interval 15m
2025-12-13 06:12:16.530 | INFO     | src.data_collection.stock_collector:fetch_history:122 - Successfully updated 1177 15m records for UNVR.JK
2025-12-13 06:12:16.878 | INFO     | src.models.lstm_model:train:40 - Training LSTM model with 892 samples
2025-12-13 06:12:22.368 | INFO     | __main__:run_pipeline:101 - LSTM Results - MSE: 0.002037330161252929, RMSE: 0.04513679387432086, MAE: 0.05207277168680031
2025-12-13 06:12:22.415 | INFO     | src.models.lstm_model:save:57 - Model saved to data/models/UNVR.JK_15m_lstm.h5
2025-12-13 06:12:22.511 | INFO     | __main__:run_pipeline:174 - Logged 224 historical predictions for UNVR.JK
2025-12-13 06:12:22.513 | INFO     | src.models.xgboost_model:train:18 - Training XGBoost model with 892 samples
2025-12-13 06:12:23.160 | INFO     | __main__:run_pipeline:210 - XGBoost Results - MSE: 0.0013045491965170736, RMSE: 0.03611854366550614, MAE: 0.02797397698749149
2025-12-13 06:12:23.164 | INFO     | src.models.xgboost_model:save:28 - XGBoost model saved to data/models/UNVR.JK_15m_xgb.joblib
2025-12-13 06:12:23.172 | INFO     | __main__:<module>:255 - Cycle completed. Sleeping for 1 hour...
2025-12-13 06:19:34.114 | INFO     | __main__:<module>:243 - Starting Continuous Model Trainer...
2025-12-13 06:19:34.115 | INFO     | __main__:<module>:250 - --- Training BBCA.JK [1d] ---
2025-12-13 06:19:34.115 | INFO     | __main__:run_pipeline:26 - Starting pipeline for BBCA.JK (1d)
2025-12-13 06:19:34.115 | INFO     | src.data_collection.stock_collector:fetch_history:49 - Fetching 730 days of history for BBCA.JK with interval 1d
2025-12-13 06:19:35.282 | WARNING  | src.data_collection.news_collector:fetch_news:18 - News API Key not set. Skipping news collection.
2025-12-13 06:19:35.453 | INFO     | src.data_collection.stock_collector:fetch_history:122 - Successfully updated 729 1d records for BBCA.JK
2025-12-13 06:19:35.850 | INFO     | src.models.lstm_model:train:40 - Training LSTM model with 534 samples
2025-12-13 06:19:39.529 | INFO     | __main__:run_pipeline:101 - LSTM Results - MSE: 0.010180350727125387, RMSE: 0.10089772409289215, MAE: 0.1545111941821815
2025-12-13 06:19:39.595 | INFO     | src.models.lstm_model:save:57 - Model saved to data/models/BBCA.JK_1d_lstm.h5
2025-12-13 06:19:39.738 | INFO     | __main__:run_pipeline:175 - Logged 134 historical predictions for BBCA.JK
2025-12-13 06:19:39.741 | INFO     | src.models.xgboost_model:train:18 - Training XGBoost model with 534 samples
2025-12-13 06:19:41.556 | INFO     | __main__:run_pipeline:211 - XGBoost Results - MSE: 0.008420475335903978, RMSE: 0.09176314802742971, MAE: 0.06896067315205458
2025-12-13 06:19:41.568 | INFO     | src.models.xgboost_model:save:28 - XGBoost model saved to data/models/BBCA.JK_1d_xgb.joblib
2025-12-13 06:19:41.583 | INFO     | __main__:<module>:250 - --- Training BBCA.JK [1h] ---
2025-12-13 06:19:41.583 | INFO     | __main__:run_pipeline:26 - Starting pipeline for BBCA.JK (1h)
2025-12-13 06:19:41.584 | INFO     | src.data_collection.stock_collector:fetch_history:49 - Fetching 730 days of history for BBCA.JK with interval 1h
2025-12-13 06:19:43.264 | INFO     | src.data_collection.stock_collector:fetch_history:122 - Successfully updated 4852 1h records for BBCA.JK
2025-12-13 06:19:43.589 | INFO     | src.models.lstm_model:train:40 - Training LSTM model with 3832 samples
2025-12-13 06:19:57.278 | INFO     | __main__:run_pipeline:101 - LSTM Results - MSE: 0.0014258046602553891, RMSE: 0.03775982865765401, MAE: 0.15160443111144087
2025-12-13 06:19:57.316 | INFO     | src.models.lstm_model:save:57 - Model saved to data/models/BBCA.JK_1h_lstm.h5
2025-12-13 06:19:57.648 | INFO     | __main__:run_pipeline:175 - Logged 959 historical predictions for BBCA.JK
2025-12-13 06:19:57.665 | INFO     | src.models.xgboost_model:train:18 - Training XGBoost model with 3832 samples
2025-12-13 06:19:58.500 | INFO     | __main__:run_pipeline:211 - XGBoost Results - MSE: 0.0052432364825266324, RMSE: 0.0724101959845893, MAE: 0.03871077441943756
2025-12-13 06:19:58.504 | INFO     | src.models.xgboost_model:save:28 - XGBoost model saved to data/models/BBCA.JK_1h_xgb.joblib
2025-12-13 06:19:58.509 | INFO     | __main__:<module>:250 - --- Training BBCA.JK [15m] ---
2025-12-13 06:19:58.510 | INFO     | __main__:run_pipeline:26 - Starting pipeline for BBCA.JK (15m)
2025-12-13 06:19:58.510 | INFO     | src.data_collection.stock_collector:fetch_history:49 - Fetching 730 days of history for BBCA.JK with interval 15m
2025-12-13 06:19:59.059 | INFO     | src.data_collection.stock_collector:fetch_history:122 - Successfully updated 1177 15m records for BBCA.JK
2025-12-13 06:19:59.329 | INFO     | src.models.lstm_model:train:40 - Training LSTM model with 892 samples
2025-12-13 06:20:03.203 | INFO     | __main__:run_pipeline:101 - LSTM Results - MSE: 0.0020856811085763565, RMSE: 0.04566925780627879, MAE: 0.11512238054635499
2025-12-13 06:20:03.230 | INFO     | src.models.lstm_model:save:57 - Model saved to data/models/BBCA.JK_15m_lstm.h5
2025-12-13 06:20:03.329 | INFO     | __main__:run_pipeline:175 - Logged 224 historical predictions for BBCA.JK
2025-12-13 06:20:03.332 | INFO     | src.models.xgboost_model:train:18 - Training XGBoost model with 892 samples
2025-12-13 06:20:03.854 | INFO     | __main__:run_pipeline:211 - XGBoost Results - MSE: 0.012582180227113837, RMSE: 0.11217031794157417, MAE: 0.07979260196516932
2025-12-13 06:20:03.865 | INFO     | src.models.xgboost_model:save:28 - XGBoost model saved to data/models/BBCA.JK_15m_xgb.joblib
2025-12-13 06:20:03.871 | INFO     | __main__:<module>:250 - --- Training BBRI.JK [1d] ---
2025-12-13 06:20:03.872 | INFO     | __main__:run_pipeline:26 - Starting pipeline for BBRI.JK (1d)
2025-12-13 06:20:03.872 | INFO     | src.data_collection.stock_collector:fetch_history:49 - Fetching 730 days of history for BBRI.JK with interval 1d
2025-12-13 06:20:04.122 | WARNING  | src.data_collection.news_collector:fetch_news:18 - News API Key not set. Skipping news collection.
2025-12-13 06:20:04.297 | INFO     | src.data_collection.stock_collector:fetch_history:122 - Successfully updated 729 1d records for BBRI.JK
2025-12-13 06:20:04.564 | INFO     | src.models.lstm_model:train:40 - Training LSTM model with 534 samples
2025-12-13 06:20:07.852 | INFO     | __main__:run_pipeline:101 - LSTM Results - MSE: 0.00447832922000058, RMSE: 0.0669203199334894, MAE: 0.07456515371328543
2025-12-13 06:20:07.868 | INFO     | src.models.lstm_model:save:57 - Model saved to data/models/BBRI.JK_1d_lstm.h5
2025-12-13 06:20:07.926 | INFO     | __main__:run_pipeline:175 - Logged 134 historical predictions for BBRI.JK
2025-12-13 06:20:07.926 | INFO     | src.models.xgboost_model:train:18 - Training XGBoost model with 534 samples
2025-12-13 06:20:08.958 | INFO     | __main__:run_pipeline:211 - XGBoost Results - MSE: 0.0031605353361129694, RMSE: 0.05621863868961049, MAE: 0.04662894905711358
2025-12-13 06:20:08.964 | INFO     | src.models.xgboost_model:save:28 - XGBoost model saved to data/models/BBRI.JK_1d_xgb.joblib
2025-12-13 06:20:08.973 | INFO     | __main__:<module>:250 - --- Training BBRI.JK [1h] ---
2025-12-13 06:20:08.974 | INFO     | __main__:run_pipeline:26 - Starting pipeline for BBRI.JK (1h)
2025-12-13 06:20:08.974 | INFO     | src.data_collection.stock_collector:fetch_history:49 - Fetching 730 days of history for BBRI.JK with interval 1h
2025-12-13 06:20:10.675 | INFO     | src.data_collection.stock_collector:fetch_history:122 - Successfully updated 4853 1h records for BBRI.JK
2025-12-13 06:20:10.976 | INFO     | src.models.lstm_model:train:40 - Training LSTM model with 3833 samples
2025-12-13 06:20:24.901 | INFO     | __main__:run_pipeline:101 - LSTM Results - MSE: 0.000694100702766555, RMSE: 0.02634579098768065, MAE: 0.0730562305115401
2025-12-13 06:20:24.930 | INFO     | src.models.lstm_model:save:57 - Model saved to data/models/BBRI.JK_1h_lstm.h5
2025-12-13 06:20:25.281 | INFO     | __main__:run_pipeline:175 - Logged 959 historical predictions for BBRI.JK
2025-12-13 06:20:25.284 | INFO     | src.models.xgboost_model:train:18 - Training XGBoost model with 3833 samples
2025-12-13 06:20:26.573 | INFO     | __main__:run_pipeline:211 - XGBoost Results - MSE: 0.0003379837575767423, RMSE: 0.018384334569865244, MAE: 0.01219224241016255
2025-12-13 06:20:26.580 | INFO     | src.models.xgboost_model:save:28 - XGBoost model saved to data/models/BBRI.JK_1h_xgb.joblib
2025-12-13 06:20:26.602 | INFO     | __main__:<module>:250 - --- Training BBRI.JK [15m] ---
2025-12-13 06:20:26.605 | INFO     | __main__:run_pipeline:26 - Starting pipeline for BBRI.JK (15m)
2025-12-13 06:20:26.605 | INFO     | src.data_collection.stock_collector:fetch_history:49 - Fetching 730 days of history for BBRI.JK with interval 15m
2025-12-13 06:20:27.279 | INFO     | src.data_collection.stock_collector:fetch_history:122 - Successfully updated 1177 15m records for BBRI.JK
2025-12-13 06:20:27.563 | INFO     | src.models.lstm_model:train:40 - Training LSTM model with 892 samples
2025-12-13 06:20:31.791 | INFO     | __main__:run_pipeline:101 - LSTM Results - MSE: 0.0004249152143867583, RMSE: 0.020613471672349573, MAE: 0.03455181219246781
2025-12-13 06:20:31.810 | INFO     | src.models.lstm_model:save:57 - Model saved to data/models/BBRI.JK_15m_lstm.h5
2025-12-13 06:20:31.907 | INFO     | __main__:run_pipeline:175 - Logged 224 historical predictions for BBRI.JK
2025-12-13 06:20:31.908 | INFO     | src.models.xgboost_model:train:18 - Training XGBoost model with 892 samples
2025-12-13 06:20:32.501 | INFO     | __main__:run_pipeline:211 - XGBoost Results - MSE: 0.0005831879641127899, RMSE: 0.02414928496069376, MAE: 0.01726731218308916
2025-12-13 06:20:32.506 | INFO     | src.models.xgboost_model:save:28 - XGBoost model saved to data/models/BBRI.JK_15m_xgb.joblib
2025-12-13 06:20:32.523 | INFO     | __main__:<module>:250 - --- Training TLKM.JK [1d] ---
2025-12-13 06:20:32.526 | INFO     | __main__:run_pipeline:26 - Starting pipeline for TLKM.JK (1d)
2025-12-13 06:20:32.526 | INFO     | src.data_collection.stock_collector:fetch_history:49 - Fetching 730 days of history for TLKM.JK with interval 1d
2025-12-13 06:20:32.775 | WARNING  | src.data_collection.news_collector:fetch_news:18 - News API Key not set. Skipping news collection.
2025-12-13 06:20:32.957 | INFO     | src.data_collection.stock_collector:fetch_history:122 - Successfully updated 729 1d records for TLKM.JK
2025-12-13 06:20:33.170 | INFO     | src.models.lstm_model:train:40 - Training LSTM model with 534 samples
2025-12-13 06:20:36.249 | INFO     | __main__:run_pipeline:101 - LSTM Results - MSE: 0.011972314234389114, RMSE: 0.10941807087674829, MAE: 0.22355781112456583
2025-12-13 06:20:36.275 | INFO     | src.models.lstm_model:save:57 - Model saved to data/models/TLKM.JK_1d_lstm.h5
2025-12-13 06:20:36.330 | INFO     | __main__:run_pipeline:175 - Logged 134 historical predictions for TLKM.JK
2025-12-13 06:20:36.332 | INFO     | src.models.xgboost_model:train:18 - Training XGBoost model with 534 samples
2025-12-13 06:20:37.239 | INFO     | __main__:run_pipeline:211 - XGBoost Results - MSE: 0.007005242341286904, RMSE: 0.0836973257714182, MAE: 0.06166563805881745
2025-12-13 06:20:37.242 | INFO     | src.models.xgboost_model:save:28 - XGBoost model saved to data/models/TLKM.JK_1d_xgb.joblib
2025-12-13 06:20:37.246 | INFO     | __main__:<module>:250 - --- Training TLKM.JK [1h] ---
2025-12-13 06:20:37.247 | INFO     | __main__:run_pipeline:26 - Starting pipeline for TLKM.JK (1h)
2025-12-13 06:20:37.247 | INFO     | src.data_collection.stock_collector:fetch_history:49 - Fetching 730 days of history for TLKM.JK with interval 1h
2025-12-13 06:20:38.707 | INFO     | src.data_collection.stock_collector:fetch_history:122 - Successfully updated 4846 1h records for TLKM.JK
2025-12-13 06:20:39.029 | INFO     | src.models.lstm_model:train:40 - Training LSTM model with 3828 samples
2025-12-13 06:20:52.595 | INFO     | __main__:run_pipeline:101 - LSTM Results - MSE: 0.0009529030465675971, RMSE: 0.030869127726056614, MAE: 0.16622642501079338
2025-12-13 06:20:52.623 | INFO     | src.models.lstm_model:save:57 - Model saved to data/models/TLKM.JK_1h_lstm.h5
2025-12-13 06:20:52.941 | INFO     | __main__:run_pipeline:175 - Logged 957 historical predictions for TLKM.JK
2025-12-13 06:20:52.943 | INFO     | src.models.xgboost_model:train:18 - Training XGBoost model with 3828 samples
2025-12-13 06:20:53.856 | INFO     | __main__:run_pipeline:211 - XGBoost Results - MSE: 0.0004446164487387105, RMSE: 0.021085930113198956, MAE: 0.014380780003578236
2025-12-13 06:20:53.859 | INFO     | src.models.xgboost_model:save:28 - XGBoost model saved to data/models/TLKM.JK_1h_xgb.joblib
2025-12-13 06:20:53.872 | INFO     | __main__:<module>:250 - --- Training TLKM.JK [15m] ---
2025-12-13 06:20:53.873 | INFO     | __main__:run_pipeline:26 - Starting pipeline for TLKM.JK (15m)
2025-12-13 06:20:53.873 | INFO     | src.data_collection.stock_collector:fetch_history:49 - Fetching 730 days of history for TLKM.JK with interval 15m
2025-12-13 06:20:54.414 | INFO     | src.data_collection.stock_collector:fetch_history:122 - Successfully updated 1177 15m records for TLKM.JK
2025-12-13 06:20:54.716 | INFO     | src.models.lstm_model:train:40 - Training LSTM model with 892 samples
2025-12-13 06:20:59.219 | INFO     | __main__:run_pipeline:101 - LSTM Results - MSE: 0.0019156347942302805, RMSE: 0.04376796538828691, MAE: 0.05138503164605082
2025-12-13 06:20:59.246 | INFO     | src.models.lstm_model:save:57 - Model saved to data/models/TLKM.JK_15m_lstm.h5
2025-12-13 06:20:59.345 | INFO     | __main__:run_pipeline:175 - Logged 224 historical predictions for TLKM.JK
2025-12-13 06:20:59.346 | INFO     | src.models.xgboost_model:train:18 - Training XGBoost model with 892 samples
2025-12-13 06:21:00.080 | INFO     | __main__:run_pipeline:211 - XGBoost Results - MSE: 0.0007111604861795847, RMSE: 0.02666759243313098, MAE: 0.020210326174084033
2025-12-13 06:21:00.091 | INFO     | src.models.xgboost_model:save:28 - XGBoost model saved to data/models/TLKM.JK_15m_xgb.joblib
2025-12-13 06:21:00.102 | INFO     | __main__:<module>:250 - --- Training ASII.JK [1d] ---
2025-12-13 06:21:00.107 | INFO     | __main__:run_pipeline:26 - Starting pipeline for ASII.JK (1d)
2025-12-13 06:21:00.108 | INFO     | src.data_collection.stock_collector:fetch_history:49 - Fetching 730 days of history for ASII.JK with interval 1d
2025-12-13 06:21:00.364 | WARNING  | src.data_collection.news_collector:fetch_news:18 - News API Key not set. Skipping news collection.
2025-12-13 06:21:00.752 | INFO     | src.data_collection.stock_collector:fetch_history:122 - Successfully updated 729 1d records for ASII.JK
2025-12-13 06:21:01.087 | INFO     | src.models.lstm_model:train:40 - Training LSTM model with 534 samples
2025-12-13 06:21:04.268 | INFO     | __main__:run_pipeline:101 - LSTM Results - MSE: 0.007947693460218778, RMSE: 0.08914983712951347, MAE: 0.2856049025966753
2025-12-13 06:21:04.292 | INFO     | src.models.lstm_model:save:57 - Model saved to data/models/ASII.JK_1d_lstm.h5
2025-12-13 06:21:04.356 | INFO     | __main__:run_pipeline:175 - Logged 134 historical predictions for ASII.JK
2025-12-13 06:21:04.357 | INFO     | src.models.xgboost_model:train:18 - Training XGBoost model with 534 samples
2025-12-13 06:21:05.377 | INFO     | __main__:run_pipeline:211 - XGBoost Results - MSE: 0.045357087924950745, RMSE: 0.21297203554680774, MAE: 0.14161425009501472
2025-12-13 06:21:05.383 | INFO     | src.models.xgboost_model:save:28 - XGBoost model saved to data/models/ASII.JK_1d_xgb.joblib
2025-12-13 06:21:05.394 | INFO     | __main__:<module>:250 - --- Training ASII.JK [1h] ---
2025-12-13 06:21:05.395 | INFO     | __main__:run_pipeline:26 - Starting pipeline for ASII.JK (1h)
2025-12-13 06:21:05.396 | INFO     | src.data_collection.stock_collector:fetch_history:49 - Fetching 730 days of history for ASII.JK with interval 1h
2025-12-13 06:21:07.380 | INFO     | src.data_collection.stock_collector:fetch_history:122 - Successfully updated 4843 1h records for ASII.JK
2025-12-13 06:21:07.875 | INFO     | src.models.lstm_model:train:40 - Training LSTM model with 3825 samples
2025-12-13 06:21:28.170 | INFO     | __main__:run_pipeline:101 - LSTM Results - MSE: 0.0011331449770848575, RMSE: 0.033662218837813666, MAE: 0.3125163251133974
2025-12-13 06:21:28.281 | INFO     | src.models.lstm_model:save:57 - Model saved to data/models/ASII.JK_1h_lstm.h5
2025-12-13 06:21:28.786 | INFO     | __main__:run_pipeline:175 - Logged 957 historical predictions for ASII.JK
2025-12-13 06:21:28.790 | INFO     | src.models.xgboost_model:train:18 - Training XGBoost model with 3825 samples
2025-12-13 06:21:29.888 | INFO     | __main__:run_pipeline:211 - XGBoost Results - MSE: 0.0005917700085620563, RMSE: 0.024326323367127558, MAE: 0.01631644366415597
2025-12-13 06:21:29.921 | INFO     | src.models.xgboost_model:save:28 - XGBoost model saved to data/models/ASII.JK_1h_xgb.joblib
2025-12-13 06:21:29.978 | INFO     | __main__:<module>:250 - --- Training ASII.JK [15m] ---
2025-12-13 06:21:29.984 | INFO     | __main__:run_pipeline:26 - Starting pipeline for ASII.JK (15m)
2025-12-13 06:21:29.984 | INFO     | src.data_collection.stock_collector:fetch_history:49 - Fetching 730 days of history for ASII.JK with interval 15m
2025-12-13 06:21:30.604 | INFO     | src.data_collection.stock_collector:fetch_history:122 - Successfully updated 1177 15m records for ASII.JK
2025-12-13 06:21:30.998 | INFO     | src.models.lstm_model:train:40 - Training LSTM model with 892 samples
2025-12-13 06:21:36.287 | INFO     | __main__:run_pipeline:101 - LSTM Results - MSE: 0.003496902999950331, RMSE: 0.05913461761058687, MAE: 0.09315523386764463
2025-12-13 06:21:36.322 | INFO     | src.models.lstm_model:save:57 - Model saved to data/models/ASII.JK_15m_lstm.h5
2025-12-13 06:21:36.422 | INFO     | __main__:run_pipeline:175 - Logged 224 historical predictions for ASII.JK
2025-12-13 06:21:36.424 | INFO     | src.models.xgboost_model:train:18 - Training XGBoost model with 892 samples
2025-12-13 06:21:36.883 | INFO     | __main__:run_pipeline:211 - XGBoost Results - MSE: 0.014285004833993581, RMSE: 0.11951989304711405, MAE: 0.08665200335388436
2025-12-13 06:21:36.887 | INFO     | src.models.xgboost_model:save:28 - XGBoost model saved to data/models/ASII.JK_15m_xgb.joblib
2025-12-13 06:21:36.897 | INFO     | __main__:<module>:250 - --- Training UNVR.JK [1d] ---
2025-12-13 06:21:36.898 | INFO     | __main__:run_pipeline:26 - Starting pipeline for UNVR.JK (1d)
2025-12-13 06:21:36.898 | INFO     | src.data_collection.stock_collector:fetch_history:49 - Fetching 730 days of history for UNVR.JK with interval 1d
2025-12-13 06:21:37.145 | WARNING  | src.data_collection.news_collector:fetch_news:18 - News API Key not set. Skipping news collection.
2025-12-13 06:21:37.397 | INFO     | src.data_collection.stock_collector:fetch_history:122 - Successfully updated 729 1d records for UNVR.JK
2025-12-13 06:21:37.808 | INFO     | src.models.lstm_model:train:40 - Training LSTM model with 534 samples
2025-12-13 06:21:41.826 | INFO     | __main__:run_pipeline:101 - LSTM Results - MSE: 0.002595061051511464, RMSE: 0.050941741740064835, MAE: 0.12265479831751472
2025-12-13 06:21:41.856 | INFO     | src.models.lstm_model:save:57 - Model saved to data/models/UNVR.JK_1d_lstm.h5
2025-12-13 06:21:41.922 | INFO     | __main__:run_pipeline:175 - Logged 134 historical predictions for UNVR.JK
2025-12-13 06:21:41.923 | INFO     | src.models.xgboost_model:train:18 - Training XGBoost model with 534 samples
2025-12-13 06:21:42.802 | INFO     | __main__:run_pipeline:211 - XGBoost Results - MSE: 0.009217632182330862, RMSE: 0.09600850057328707, MAE: 0.060073505344119336
2025-12-13 06:21:42.808 | INFO     | src.models.xgboost_model:save:28 - XGBoost model saved to data/models/UNVR.JK_1d_xgb.joblib
2025-12-13 06:21:42.815 | INFO     | __main__:<module>:250 - --- Training UNVR.JK [1h] ---
2025-12-13 06:21:42.816 | INFO     | __main__:run_pipeline:26 - Starting pipeline for UNVR.JK (1h)
2025-12-13 06:21:42.816 | INFO     | src.data_collection.stock_collector:fetch_history:49 - Fetching 730 days of history for UNVR.JK with interval 1h
2025-12-13 06:21:44.577 | INFO     | src.data_collection.stock_collector:fetch_history:122 - Successfully updated 4844 1h records for UNVR.JK
2025-12-13 06:21:45.139 | INFO     | src.models.lstm_model:train:40 - Training LSTM model with 3826 samples
2025-12-13 06:22:03.765 | INFO     | __main__:run_pipeline:101 - LSTM Results - MSE: 0.0002820579815818404, RMSE: 0.016794581911492776, MAE: 0.10707129229423455
2025-12-13 06:22:03.816 | INFO     | src.models.lstm_model:save:57 - Model saved to data/models/UNVR.JK_1h_lstm.h5
2025-12-13 06:22:04.187 | INFO     | __main__:run_pipeline:175 - Logged 957 historical predictions for UNVR.JK
2025-12-13 06:22:04.191 | INFO     | src.models.xgboost_model:train:18 - Training XGBoost model with 3826 samples
2025-12-13 06:22:05.909 | INFO     | __main__:run_pipeline:211 - XGBoost Results - MSE: 0.0001065421439697889, RMSE: 0.010321925400320857, MAE: 0.005985677294933877
2025-12-13 06:22:05.919 | INFO     | src.models.xgboost_model:save:28 - XGBoost model saved to data/models/UNVR.JK_1h_xgb.joblib
2025-12-13 06:22:05.932 | INFO     | __main__:<module>:250 - --- Training UNVR.JK [15m] ---
2025-12-13 06:22:05.934 | INFO     | __main__:run_pipeline:26 - Starting pipeline for UNVR.JK (15m)
2025-12-13 06:22:05.934 | INFO     | src.data_collection.stock_collector:fetch_history:49 - Fetching 730 days of history for UNVR.JK with interval 15m
2025-12-13 06:22:06.494 | INFO     | src.data_collection.stock_collector:fetch_history:122 - Successfully updated 1177 15m records for UNVR.JK
2025-12-13 06:22:06.823 | INFO     | src.models.lstm_model:train:40 - Training LSTM model with 892 samples
2025-12-13 06:22:13.802 | INFO     | __main__:run_pipeline:101 - LSTM Results - MSE: 0.0006835962210758915, RMSE: 0.02614567308515678, MAE: 0.045311977207410065
2025-12-13 06:22:13.835 | INFO     | src.models.lstm_model:save:57 - Model saved to data/models/UNVR.JK_15m_lstm.h5
2025-12-13 06:22:13.940 | INFO     | __main__:run_pipeline:175 - Logged 224 historical predictions for UNVR.JK
2025-12-13 06:22:13.942 | INFO     | src.models.xgboost_model:train:18 - Training XGBoost model with 892 samples
2025-12-13 06:22:15.309 | INFO     | __main__:run_pipeline:211 - XGBoost Results - MSE: 0.0013045491965170736, RMSE: 0.03611854366550614, MAE: 0.02797397698749149
2025-12-13 06:22:15.316 | INFO     | src.models.xgboost_model:save:28 - XGBoost model saved to data/models/UNVR.JK_15m_xgb.joblib
2025-12-13 06:22:15.336 | INFO     | __main__:<module>:256 - Cycle completed. Sleeping for 1 hour...
2025-12-13 14:23:24.355 | INFO     | __main__:<module>:243 - Starting Continuous Model Trainer...
2025-12-13 14:23:24.356 | INFO     | __main__:<module>:250 - --- Training BBCA.JK [1d] ---
2025-12-13 14:23:24.357 | INFO     | __main__:run_pipeline:26 - Starting pipeline for BBCA.JK (1d)
2025-12-13 14:23:24.357 | INFO     | src.data_collection.stock_collector:fetch_history:49 - Fetching 730 days of history for BBCA.JK with interval 1d
2025-12-13 14:23:25.747 | WARNING  | src.data_collection.news_collector:fetch_news:18 - News API Key not set. Skipping news collection.
2025-12-13 14:23:25.985 | INFO     | src.data_collection.stock_collector:fetch_history:122 - Successfully updated 729 1d records for BBCA.JK
2025-12-13 14:23:26.845 | INFO     | src.models.lstm_model:train:40 - Training LSTM model with 1117 samples
2025-12-13 14:23:34.004 | INFO     | __main__:run_pipeline:101 - LSTM Results - MSE: 0.005070556450481554, RMSE: 0.07120783981052616, MAE: 0.1655827182987596
2025-12-13 14:23:34.059 | INFO     | src.models.lstm_model:save:57 - Model saved to data/models/BBCA.JK_1d_lstm.h5
2025-12-13 14:23:34.173 | INFO     | __main__:run_pipeline:175 - Logged 280 historical predictions for BBCA.JK
2025-12-13 14:23:34.176 | INFO     | src.models.xgboost_model:train:18 - Training XGBoost model with 1117 samples
2025-12-13 14:23:35.679 | INFO     | __main__:run_pipeline:211 - XGBoost Results - MSE: 0.003399361826453799, RMSE: 0.05830404639863171, MAE: 0.04361305022679848
2025-12-13 14:23:35.685 | INFO     | src.models.xgboost_model:save:28 - XGBoost model saved to data/models/BBCA.JK_1d_xgb.joblib
2025-12-13 14:23:35.690 | INFO     | __main__:<module>:250 - --- Training BBCA.JK [1h] ---
2025-12-13 14:23:35.692 | INFO     | __main__:run_pipeline:26 - Starting pipeline for BBCA.JK (1h)
2025-12-13 14:23:35.692 | INFO     | src.data_collection.stock_collector:fetch_history:49 - Fetching 730 days of history for BBCA.JK with interval 1h
2025-12-13 14:23:37.221 | INFO     | src.data_collection.stock_collector:fetch_history:122 - Successfully updated 4852 1h records for BBCA.JK
2025-12-13 14:23:37.622 | INFO     | src.models.lstm_model:train:40 - Training LSTM model with 7714 samples
2025-12-13 14:24:06.336 | INFO     | __main__:run_pipeline:101 - LSTM Results - MSE: 0.0007409753923567331, RMSE: 0.027220863181698206, MAE: 0.15210495030294707
2025-12-13 14:24:06.372 | INFO     | src.models.lstm_model:save:57 - Model saved to data/models/BBCA.JK_1h_lstm.h5
2025-12-13 14:24:06.997 | INFO     | __main__:run_pipeline:175 - Logged 1929 historical predictions for BBCA.JK
2025-12-13 14:24:06.998 | INFO     | src.models.xgboost_model:train:18 - Training XGBoost model with 7714 samples
2025-12-13 14:24:07.886 | INFO     | __main__:run_pipeline:211 - XGBoost Results - MSE: 0.005389563630206488, RMSE: 0.07341364743837815, MAE: 0.03664082608507499
2025-12-13 14:24:07.893 | INFO     | src.models.xgboost_model:save:28 - XGBoost model saved to data/models/BBCA.JK_1h_xgb.joblib
2025-12-13 14:24:07.907 | INFO     | __main__:<module>:250 - --- Training BBCA.JK [15m] ---
2025-12-13 14:24:07.908 | INFO     | __main__:run_pipeline:26 - Starting pipeline for BBCA.JK (15m)
2025-12-13 14:24:07.908 | INFO     | src.data_collection.stock_collector:fetch_history:49 - Fetching 730 days of history for BBCA.JK with interval 15m
2025-12-13 14:24:08.438 | INFO     | src.data_collection.stock_collector:fetch_history:122 - Successfully updated 1177 15m records for BBCA.JK
2025-12-13 14:24:08.697 | INFO     | src.models.lstm_model:train:40 - Training LSTM model with 1834 samples
2025-12-13 14:24:15.282 | INFO     | __main__:run_pipeline:101 - LSTM Results - MSE: 0.0011599891518543242, RMSE: 0.03405861347521834, MAE: 0.11155314478283056
2025-12-13 14:24:15.312 | INFO     | src.models.lstm_model:save:57 - Model saved to data/models/BBCA.JK_15m_lstm.h5
2025-12-13 14:24:15.486 | INFO     | __main__:run_pipeline:175 - Logged 459 historical predictions for BBCA.JK
2025-12-13 14:24:15.489 | INFO     | src.models.xgboost_model:train:18 - Training XGBoost model with 1834 samples
2025-12-13 14:24:16.006 | INFO     | __main__:run_pipeline:211 - XGBoost Results - MSE: 0.008170708952167222, RMSE: 0.09039197393666776, MAE: 0.06285146038472651
2025-12-13 14:24:16.009 | INFO     | src.models.xgboost_model:save:28 - XGBoost model saved to data/models/BBCA.JK_15m_xgb.joblib
2025-12-13 14:24:16.013 | INFO     | __main__:<module>:250 - --- Training BBRI.JK [1d] ---
2025-12-13 14:24:16.013 | INFO     | __main__:run_pipeline:26 - Starting pipeline for BBRI.JK (1d)
2025-12-13 14:24:16.013 | INFO     | src.data_collection.stock_collector:fetch_history:49 - Fetching 730 days of history for BBRI.JK with interval 1d
2025-12-13 14:24:16.404 | WARNING  | src.data_collection.news_collector:fetch_news:18 - News API Key not set. Skipping news collection.
2025-12-13 14:24:16.582 | INFO     | src.data_collection.stock_collector:fetch_history:122 - Successfully updated 729 1d records for BBRI.JK
2025-12-13 14:24:16.795 | INFO     | src.models.lstm_model:train:40 - Training LSTM model with 1117 samples
2025-12-13 14:24:21.554 | INFO     | __main__:run_pipeline:101 - LSTM Results - MSE: 0.0030543692463313676, RMSE: 0.05526634822684929, MAE: 0.08342437383406018
2025-12-13 14:24:21.583 | INFO     | src.models.lstm_model:save:57 - Model saved to data/models/BBRI.JK_1d_lstm.h5
2025-12-13 14:24:21.691 | INFO     | __main__:run_pipeline:175 - Logged 280 historical predictions for BBRI.JK
2025-12-13 14:24:21.693 | INFO     | src.models.xgboost_model:train:18 - Training XGBoost model with 1117 samples
2025-12-13 14:24:22.425 | INFO     | __main__:run_pipeline:211 - XGBoost Results - MSE: 0.0012377183532162502, RMSE: 0.03518122159926017, MAE: 0.027385654960055485
2025-12-13 14:24:22.428 | INFO     | src.models.xgboost_model:save:28 - XGBoost model saved to data/models/BBRI.JK_1d_xgb.joblib
2025-12-13 14:24:22.431 | INFO     | __main__:<module>:250 - --- Training BBRI.JK [1h] ---
2025-12-13 14:24:22.432 | INFO     | __main__:run_pipeline:26 - Starting pipeline for BBRI.JK (1h)
2025-12-13 14:24:22.432 | INFO     | src.data_collection.stock_collector:fetch_history:49 - Fetching 730 days of history for BBRI.JK with interval 1h
2025-12-13 14:24:23.927 | INFO     | src.data_collection.stock_collector:fetch_history:122 - Successfully updated 4853 1h records for BBRI.JK
2025-12-13 14:24:24.254 | INFO     | src.models.lstm_model:train:40 - Training LSTM model with 7716 samples
2025-12-13 14:24:58.152 | INFO     | __main__:run_pipeline:101 - LSTM Results - MSE: 0.00031593990711353197, RMSE: 0.01777469850977878, MAE: 0.07218051478876064
2025-12-13 14:24:58.217 | INFO     | src.models.lstm_model:save:57 - Model saved to data/models/BBRI.JK_1h_lstm.h5
2025-12-13 14:24:58.881 | INFO     | __main__:run_pipeline:175 - Logged 1929 historical predictions for BBRI.JK
2025-12-13 14:24:58.884 | INFO     | src.models.xgboost_model:train:18 - Training XGBoost model with 7716 samples
2025-12-13 14:24:59.976 | INFO     | __main__:run_pipeline:211 - XGBoost Results - MSE: 0.0001669135389408561, RMSE: 0.012919502271405663, MAE: 0.008862875961920915
2025-12-13 14:24:59.980 | INFO     | src.models.xgboost_model:save:28 - XGBoost model saved to data/models/BBRI.JK_1h_xgb.joblib
2025-12-13 14:25:00.002 | INFO     | __main__:<module>:250 - --- Training BBRI.JK [15m] ---
2025-12-13 14:25:00.004 | INFO     | __main__:run_pipeline:26 - Starting pipeline for BBRI.JK (15m)
2025-12-13 14:25:00.004 | INFO     | src.data_collection.stock_collector:fetch_history:49 - Fetching 730 days of history for BBRI.JK with interval 15m
2025-12-13 14:25:00.527 | INFO     | src.data_collection.stock_collector:fetch_history:122 - Successfully updated 1177 15m records for BBRI.JK
2025-12-13 14:25:00.848 | INFO     | src.models.lstm_model:train:40 - Training LSTM model with 1834 samples
2025-12-13 14:25:07.982 | INFO     | __main__:run_pipeline:101 - LSTM Results - MSE: 0.000377208763178799, RMSE: 0.01942186302028719, MAE: 0.03387737168133503
2025-12-13 14:25:08.016 | INFO     | src.models.lstm_model:save:57 - Model saved to data/models/BBRI.JK_15m_lstm.h5
2025-12-13 14:25:08.220 | INFO     | __main__:run_pipeline:175 - Logged 459 historical predictions for BBRI.JK
2025-12-13 14:25:08.221 | INFO     | src.models.xgboost_model:train:18 - Training XGBoost model with 1834 samples
2025-12-13 14:25:08.860 | INFO     | __main__:run_pipeline:211 - XGBoost Results - MSE: 0.000827321125287322, RMSE: 0.02876319045737663, MAE: 0.01906399487617674
2025-12-13 14:25:08.863 | INFO     | src.models.xgboost_model:save:28 - XGBoost model saved to data/models/BBRI.JK_15m_xgb.joblib
2025-12-13 14:25:08.871 | INFO     | __main__:<module>:250 - --- Training TLKM.JK [1d] ---
2025-12-13 14:25:08.871 | INFO     | __main__:run_pipeline:26 - Starting pipeline for TLKM.JK (1d)
2025-12-13 14:25:08.872 | INFO     | src.data_collection.stock_collector:fetch_history:49 - Fetching 730 days of history for TLKM.JK with interval 1d
2025-12-13 14:25:09.276 | WARNING  | src.data_collection.news_collector:fetch_news:18 - News API Key not set. Skipping news collection.
2025-12-13 14:25:09.454 | INFO     | src.data_collection.stock_collector:fetch_history:122 - Successfully updated 729 1d records for TLKM.JK
2025-12-13 14:25:09.695 | INFO     | src.models.lstm_model:train:40 - Training LSTM model with 1117 samples
2025-12-13 14:25:14.304 | INFO     | __main__:run_pipeline:101 - LSTM Results - MSE: 0.004763911477052229, RMSE: 0.06902109443534077, MAE: 0.23528443497511622
2025-12-13 14:25:14.337 | INFO     | src.models.lstm_model:save:57 - Model saved to data/models/TLKM.JK_1d_lstm.h5
2025-12-13 14:25:14.470 | INFO     | __main__:run_pipeline:175 - Logged 280 historical predictions for TLKM.JK
2025-12-13 14:25:14.473 | INFO     | src.models.xgboost_model:train:18 - Training XGBoost model with 1117 samples
2025-12-13 14:25:15.432 | INFO     | __main__:run_pipeline:211 - XGBoost Results - MSE: 0.004479764932068924, RMSE: 0.06693104610021364, MAE: 0.047250445404083866
2025-12-13 14:25:15.435 | INFO     | src.models.xgboost_model:save:28 - XGBoost model saved to data/models/TLKM.JK_1d_xgb.joblib
2025-12-13 14:25:15.445 | INFO     | __main__:<module>:250 - --- Training TLKM.JK [1h] ---
2025-12-13 14:25:15.446 | INFO     | __main__:run_pipeline:26 - Starting pipeline for TLKM.JK (1h)
2025-12-13 14:25:15.446 | INFO     | src.data_collection.stock_collector:fetch_history:49 - Fetching 730 days of history for TLKM.JK with interval 1h
2025-12-13 14:25:16.972 | INFO     | src.data_collection.stock_collector:fetch_history:122 - Successfully updated 4846 1h records for TLKM.JK
2025-12-13 14:25:17.655 | INFO     | src.models.lstm_model:train:40 - Training LSTM model with 7704 samples
2025-12-13 14:25:42.125 | INFO     | __main__:run_pipeline:101 - LSTM Results - MSE: 0.0006374423881830644, RMSE: 0.025247621436148483, MAE: 0.16851191693675838
2025-12-13 14:25:42.164 | INFO     | src.models.lstm_model:save:57 - Model saved to data/models/TLKM.JK_1h_lstm.h5
2025-12-13 14:25:42.927 | INFO     | __main__:run_pipeline:175 - Logged 1927 historical predictions for TLKM.JK
2025-12-13 14:25:42.929 | INFO     | src.models.xgboost_model:train:18 - Training XGBoost model with 7704 samples
2025-12-13 14:25:44.133 | INFO     | __main__:run_pipeline:211 - XGBoost Results - MSE: 0.0004339680543655117, RMSE: 0.02083189992212692, MAE: 0.013749687206420032
2025-12-13 14:25:44.141 | INFO     | src.models.xgboost_model:save:28 - XGBoost model saved to data/models/TLKM.JK_1h_xgb.joblib
2025-12-13 14:25:44.151 | INFO     | __main__:<module>:250 - --- Training TLKM.JK [15m] ---
2025-12-13 14:25:44.152 | INFO     | __main__:run_pipeline:26 - Starting pipeline for TLKM.JK (15m)
2025-12-13 14:25:44.153 | INFO     | src.data_collection.stock_collector:fetch_history:49 - Fetching 730 days of history for TLKM.JK with interval 15m
2025-12-13 14:25:44.712 | INFO     | src.data_collection.stock_collector:fetch_history:122 - Successfully updated 1177 15m records for TLKM.JK
2025-12-13 14:25:45.093 | INFO     | src.models.lstm_model:train:40 - Training LSTM model with 1834 samples
2025-12-13 14:25:52.243 | INFO     | __main__:run_pipeline:101 - LSTM Results - MSE: 0.0018935066163262007, RMSE: 0.043514441468622815, MAE: 0.05155498137138389
2025-12-13 14:25:52.275 | INFO     | src.models.lstm_model:save:57 - Model saved to data/models/TLKM.JK_15m_lstm.h5
2025-12-13 14:25:52.463 | INFO     | __main__:run_pipeline:175 - Logged 459 historical predictions for TLKM.JK
2025-12-13 14:25:52.464 | INFO     | src.models.xgboost_model:train:18 - Training XGBoost model with 1834 samples
2025-12-13 14:25:53.289 | INFO     | __main__:run_pipeline:211 - XGBoost Results - MSE: 0.000698768034198627, RMSE: 0.02643422089259729, MAE: 0.019654554250465705
2025-12-13 14:25:53.293 | INFO     | src.models.xgboost_model:save:28 - XGBoost model saved to data/models/TLKM.JK_15m_xgb.joblib
2025-12-13 14:25:53.299 | INFO     | __main__:<module>:250 - --- Training ASII.JK [1d] ---
2025-12-13 14:25:53.300 | INFO     | __main__:run_pipeline:26 - Starting pipeline for ASII.JK (1d)
2025-12-13 14:25:53.300 | INFO     | src.data_collection.stock_collector:fetch_history:49 - Fetching 730 days of history for ASII.JK with interval 1d
2025-12-13 14:25:53.700 | WARNING  | src.data_collection.news_collector:fetch_news:18 - News API Key not set. Skipping news collection.
2025-12-13 14:25:53.877 | INFO     | src.data_collection.stock_collector:fetch_history:122 - Successfully updated 729 1d records for ASII.JK
2025-12-13 14:25:54.125 | INFO     | src.models.lstm_model:train:40 - Training LSTM model with 1117 samples
2025-12-13 14:25:59.485 | INFO     | __main__:run_pipeline:101 - LSTM Results - MSE: 0.0059421011975806706, RMSE: 0.07708502576752939, MAE: 0.28706445122388863
2025-12-13 14:25:59.517 | INFO     | src.models.lstm_model:save:57 - Model saved to data/models/ASII.JK_1d_lstm.h5
2025-12-13 14:25:59.636 | INFO     | __main__:run_pipeline:175 - Logged 280 historical predictions for ASII.JK
2025-12-13 14:25:59.638 | INFO     | src.models.xgboost_model:train:18 - Training XGBoost model with 1117 samples
2025-12-13 14:26:00.398 | INFO     | __main__:run_pipeline:211 - XGBoost Results - MSE: 0.03357140208027782, RMSE: 0.18322500397128613, MAE: 0.11765699273259086
2025-12-13 14:26:00.403 | INFO     | src.models.xgboost_model:save:28 - XGBoost model saved to data/models/ASII.JK_1d_xgb.joblib
2025-12-13 14:26:00.411 | INFO     | __main__:<module>:250 - --- Training ASII.JK [1h] ---
2025-12-13 14:26:00.412 | INFO     | __main__:run_pipeline:26 - Starting pipeline for ASII.JK (1h)
2025-12-13 14:26:00.413 | INFO     | src.data_collection.stock_collector:fetch_history:49 - Fetching 730 days of history for ASII.JK with interval 1h
2025-12-13 14:26:01.901 | INFO     | src.data_collection.stock_collector:fetch_history:122 - Successfully updated 4843 1h records for ASII.JK
2025-12-13 14:26:02.354 | INFO     | src.models.lstm_model:train:40 - Training LSTM model with 7700 samples
2025-12-13 14:26:28.321 | INFO     | __main__:run_pipeline:101 - LSTM Results - MSE: 0.000639830129210594, RMSE: 0.02529486369227148, MAE: 0.30665484973147084
2025-12-13 14:26:28.350 | INFO     | src.models.lstm_model:save:57 - Model saved to data/models/ASII.JK_1h_lstm.h5
2025-12-13 14:26:29.034 | INFO     | __main__:run_pipeline:175 - Logged 1925 historical predictions for ASII.JK
2025-12-13 14:26:29.036 | INFO     | src.models.xgboost_model:train:18 - Training XGBoost model with 7700 samples
2025-12-13 14:26:29.833 | INFO     | __main__:run_pipeline:211 - XGBoost Results - MSE: 0.00041239774598538154, RMSE: 0.02030757853574329, MAE: 0.013762921752314831
2025-12-13 14:26:29.836 | INFO     | src.models.xgboost_model:save:28 - XGBoost model saved to data/models/ASII.JK_1h_xgb.joblib
2025-12-13 14:26:29.856 | INFO     | __main__:<module>:250 - --- Training ASII.JK [15m] ---
2025-12-13 14:26:29.857 | INFO     | __main__:run_pipeline:26 - Starting pipeline for ASII.JK (15m)
2025-12-13 14:26:29.858 | INFO     | src.data_collection.stock_collector:fetch_history:49 - Fetching 730 days of history for ASII.JK with interval 15m
2025-12-13 14:26:30.402 | INFO     | src.data_collection.stock_collector:fetch_history:122 - Successfully updated 1177 15m records for ASII.JK
2025-12-13 14:26:30.677 | INFO     | src.models.lstm_model:train:40 - Training LSTM model with 1834 samples
2025-12-13 14:26:37.684 | INFO     | __main__:run_pipeline:101 - LSTM Results - MSE: 0.002300860861767802, RMSE: 0.04796728949782135, MAE: 0.0948853939967737
2025-12-13 14:26:37.722 | INFO     | src.models.lstm_model:save:57 - Model saved to data/models/ASII.JK_15m_lstm.h5
2025-12-13 14:26:37.896 | INFO     | __main__:run_pipeline:175 - Logged 459 historical predictions for ASII.JK
2025-12-13 14:26:37.898 | INFO     | src.models.xgboost_model:train:18 - Training XGBoost model with 1834 samples
2025-12-13 14:26:38.558 | INFO     | __main__:run_pipeline:211 - XGBoost Results - MSE: 0.012303796000083283, RMSE: 0.1109224774339416, MAE: 0.07714262683519202
2025-12-13 14:26:38.561 | INFO     | src.models.xgboost_model:save:28 - XGBoost model saved to data/models/ASII.JK_15m_xgb.joblib
2025-12-13 14:26:38.571 | INFO     | __main__:<module>:250 - --- Training UNVR.JK [1d] ---
2025-12-13 14:26:38.572 | INFO     | __main__:run_pipeline:26 - Starting pipeline for UNVR.JK (1d)
2025-12-13 14:26:38.572 | INFO     | src.data_collection.stock_collector:fetch_history:49 - Fetching 730 days of history for UNVR.JK with interval 1d
2025-12-13 14:26:39.004 | WARNING  | src.data_collection.news_collector:fetch_news:18 - News API Key not set. Skipping news collection.
2025-12-13 14:26:39.189 | INFO     | src.data_collection.stock_collector:fetch_history:122 - Successfully updated 729 1d records for UNVR.JK
2025-12-13 14:26:39.436 | INFO     | src.models.lstm_model:train:40 - Training LSTM model with 1117 samples
2025-12-13 14:26:44.439 | INFO     | __main__:run_pipeline:101 - LSTM Results - MSE: 0.0009463105444163507, RMSE: 0.030762160919160907, MAE: 0.1236250308532994
2025-12-13 14:26:44.467 | INFO     | src.models.lstm_model:save:57 - Model saved to data/models/UNVR.JK_1d_lstm.h5
2025-12-13 14:26:44.595 | INFO     | __main__:run_pipeline:175 - Logged 280 historical predictions for UNVR.JK
2025-12-13 14:26:44.598 | INFO     | src.models.xgboost_model:train:18 - Training XGBoost model with 1117 samples
2025-12-13 14:26:45.934 | INFO     | __main__:run_pipeline:211 - XGBoost Results - MSE: 0.0005075129962331199, RMSE: 0.022528049099580724, MAE: 0.015890406507972497
2025-12-13 14:26:45.938 | INFO     | src.models.xgboost_model:save:28 - XGBoost model saved to data/models/UNVR.JK_1d_xgb.joblib
2025-12-13 14:26:45.959 | INFO     | __main__:<module>:250 - --- Training UNVR.JK [1h] ---
2025-12-13 14:26:45.961 | INFO     | __main__:run_pipeline:26 - Starting pipeline for UNVR.JK (1h)
2025-12-13 14:26:45.961 | INFO     | src.data_collection.stock_collector:fetch_history:49 - Fetching 730 days of history for UNVR.JK with interval 1h
2025-12-13 14:26:47.451 | INFO     | src.data_collection.stock_collector:fetch_history:122 - Successfully updated 4844 1h records for UNVR.JK
2025-12-13 14:26:48.092 | INFO     | src.models.lstm_model:train:40 - Training LSTM model with 7701 samples
2025-12-13 14:27:18.034 | INFO     | __main__:run_pipeline:101 - LSTM Results - MSE: 0.00015261626007240798, RMSE: 0.012353795371156509, MAE: 0.10840270840880259
2025-12-13 14:27:18.114 | INFO     | src.models.lstm_model:save:57 - Model saved to data/models/UNVR.JK_1h_lstm.h5
2025-12-13 14:27:18.772 | INFO     | __main__:run_pipeline:175 - Logged 1926 historical predictions for UNVR.JK
2025-12-13 14:27:18.774 | INFO     | src.models.xgboost_model:train:18 - Training XGBoost model with 7701 samples
2025-12-13 14:27:20.354 | INFO     | __main__:run_pipeline:211 - XGBoost Results - MSE: 7.774079889706623e-05, RMSE: 0.008817074282156537, MAE: 0.005355671939382626
2025-12-13 14:27:20.358 | INFO     | src.models.xgboost_model:save:28 - XGBoost model saved to data/models/UNVR.JK_1h_xgb.joblib
2025-12-13 14:27:20.384 | INFO     | __main__:<module>:250 - --- Training UNVR.JK [15m] ---
2025-12-13 14:27:20.388 | INFO     | __main__:run_pipeline:26 - Starting pipeline for UNVR.JK (15m)
2025-12-13 14:27:20.388 | INFO     | src.data_collection.stock_collector:fetch_history:49 - Fetching 730 days of history for UNVR.JK with interval 15m
2025-12-13 14:27:21.001 | INFO     | src.data_collection.stock_collector:fetch_history:122 - Successfully updated 1177 15m records for UNVR.JK
2025-12-13 14:27:21.388 | INFO     | src.models.lstm_model:train:40 - Training LSTM model with 1834 samples
2025-12-13 14:27:30.244 | INFO     | __main__:run_pipeline:101 - LSTM Results - MSE: 0.0011640139301957112, RMSE: 0.03411764836848682, MAE: 0.04954357887210846
2025-12-13 14:27:30.269 | INFO     | src.models.lstm_model:save:57 - Model saved to data/models/UNVR.JK_15m_lstm.h5
2025-12-13 14:27:30.445 | INFO     | __main__:run_pipeline:175 - Logged 459 historical predictions for UNVR.JK
2025-12-13 14:27:30.446 | INFO     | src.models.xgboost_model:train:18 - Training XGBoost model with 1834 samples
2025-12-13 14:27:31.075 | INFO     | __main__:run_pipeline:211 - XGBoost Results - MSE: 0.0008489039209434859, RMSE: 0.0291359558096776, MAE: 0.02187119114511909
2025-12-13 14:27:31.078 | INFO     | src.models.xgboost_model:save:28 - XGBoost model saved to data/models/UNVR.JK_15m_xgb.joblib
2025-12-13 14:27:31.087 | INFO     | __main__:<module>:256 - Cycle completed. Sleeping for 1 hour...
2025-12-13 13:28:36.274 | INFO     | __main__:<module>:243 - Starting Continuous Model Trainer...
2025-12-13 13:28:36.279 | INFO     | __main__:<module>:250 - --- Training BBCA.JK [1d] ---
2025-12-13 13:28:36.286 | INFO     | __main__:run_pipeline:26 - Starting pipeline for BBCA.JK (1d)
2025-12-13 13:28:36.288 | INFO     | src.data_collection.stock_collector:fetch_history:49 - Fetching 730 days of history for BBCA.JK with interval 1d
2025-12-13 13:28:37.596 | WARNING  | src.data_collection.news_collector:fetch_news:18 - News API Key not set. Skipping news collection.
2025-12-13 13:28:37.928 | INFO     | src.data_collection.stock_collector:fetch_history:122 - Successfully updated 729 1d records for BBCA.JK
2025-12-13 13:28:39.237 | INFO     | src.models.lstm_model:train:40 - Training LSTM model with 1700 samples
2025-12-13 13:28:49.100 | INFO     | __main__:run_pipeline:101 - LSTM Results - MSE: 0.0030391325741353195, RMSE: 0.05512832823635521, MAE: 0.16214649126243172
2025-12-13 13:28:49.268 | INFO     | src.models.lstm_model:save:57 - Model saved to data/models/BBCA.JK_1d_lstm.h5
2025-12-13 13:28:49.537 | INFO     | __main__:run_pipeline:175 - Logged 426 historical predictions for BBCA.JK
2025-12-13 13:28:49.556 | INFO     | src.models.xgboost_model:train:18 - Training XGBoost model with 1700 samples
2025-12-13 13:28:51.657 | INFO     | __main__:run_pipeline:211 - XGBoost Results - MSE: 0.0024466310316744694, RMSE: 0.049463431256580544, MAE: 0.03492567528945907
2025-12-13 13:28:51.666 | INFO     | src.models.xgboost_model:save:28 - XGBoost model saved to data/models/BBCA.JK_1d_xgb.joblib
2025-12-13 13:28:51.690 | INFO     | __main__:<module>:250 - --- Training BBCA.JK [1h] ---
2025-12-13 13:28:51.691 | INFO     | __main__:run_pipeline:26 - Starting pipeline for BBCA.JK (1h)
2025-12-13 13:28:51.692 | INFO     | src.data_collection.stock_collector:fetch_history:49 - Fetching 730 days of history for BBCA.JK with interval 1h
2025-12-13 13:28:53.263 | INFO     | src.data_collection.stock_collector:fetch_history:122 - Successfully updated 4852 1h records for BBCA.JK
2025-12-13 13:28:53.627 | INFO     | src.models.lstm_model:train:40 - Training LSTM model with 8357 samples
2025-12-13 13:29:19.544 | INFO     | __main__:run_pipeline:101 - LSTM Results - MSE: 0.0007006462455418967, RMSE: 0.026469723185970358, MAE: 0.15219740699306822
2025-12-13 13:29:19.571 | INFO     | src.models.lstm_model:save:57 - Model saved to data/models/BBCA.JK_1h_lstm.h5
2025-12-13 13:29:20.268 | INFO     | __main__:run_pipeline:175 - Logged 2090 historical predictions for BBCA.JK
2025-12-13 13:29:20.270 | INFO     | src.models.xgboost_model:train:18 - Training XGBoost model with 8357 samples
2025-12-13 13:29:21.165 | INFO     | __main__:run_pipeline:211 - XGBoost Results - MSE: 0.005837179798585906, RMSE: 0.0764014384588792, MAE: 0.03618572925640295
2025-12-13 13:29:21.168 | INFO     | src.models.xgboost_model:save:28 - XGBoost model saved to data/models/BBCA.JK_1h_xgb.joblib
2025-12-13 13:29:21.181 | INFO     | __main__:<module>:250 - --- Training BBCA.JK [15m] ---
2025-12-13 13:29:21.182 | INFO     | __main__:run_pipeline:26 - Starting pipeline for BBCA.JK (15m)
2025-12-13 13:29:21.182 | INFO     | src.data_collection.stock_collector:fetch_history:49 - Fetching 730 days of history for BBCA.JK with interval 15m
2025-12-13 13:29:21.697 | INFO     | src.data_collection.stock_collector:fetch_history:122 - Successfully updated 1177 15m records for BBCA.JK
2025-12-13 13:29:21.918 | INFO     | src.models.lstm_model:train:40 - Training LSTM model with 2132 samples
2025-12-13 13:29:29.751 | INFO     | __main__:run_pipeline:101 - LSTM Results - MSE: 0.0006941598443303314, RMSE: 0.026346913373872308, MAE: 0.11208972931853632
2025-12-13 13:29:29.784 | INFO     | src.models.lstm_model:save:57 - Model saved to data/models/BBCA.JK_15m_lstm.h5
2025-12-13 13:29:29.979 | INFO     | __main__:run_pipeline:175 - Logged 534 historical predictions for BBCA.JK
2025-12-13 13:29:29.980 | INFO     | src.models.xgboost_model:train:18 - Training XGBoost model with 2132 samples
2025-12-13 13:29:30.856 | INFO     | __main__:run_pipeline:211 - XGBoost Results - MSE: 0.009616745249221343, RMSE: 0.09806500522215528, MAE: 0.06852191691549059
2025-12-13 13:29:30.861 | INFO     | src.models.xgboost_model:save:28 - XGBoost model saved to data/models/BBCA.JK_15m_xgb.joblib
2025-12-13 13:29:30.869 | INFO     | __main__:<module>:250 - --- Training BBRI.JK [1d] ---
2025-12-13 13:29:30.870 | INFO     | __main__:run_pipeline:26 - Starting pipeline for BBRI.JK (1d)
2025-12-13 13:29:30.870 | INFO     | src.data_collection.stock_collector:fetch_history:49 - Fetching 730 days of history for BBRI.JK with interval 1d
2025-12-13 13:29:31.272 | WARNING  | src.data_collection.news_collector:fetch_news:18 - News API Key not set. Skipping news collection.
2025-12-13 13:29:31.467 | INFO     | src.data_collection.stock_collector:fetch_history:122 - Successfully updated 729 1d records for BBRI.JK
2025-12-13 13:29:31.701 | INFO     | src.models.lstm_model:train:40 - Training LSTM model with 1700 samples
2025-12-13 13:29:38.383 | INFO     | __main__:run_pipeline:101 - LSTM Results - MSE: 0.002220555608109468, RMSE: 0.04712277165139449, MAE: 0.08779905163046303
2025-12-13 13:29:38.410 | INFO     | src.models.lstm_model:save:57 - Model saved to data/models/BBRI.JK_1d_lstm.h5
2025-12-13 13:29:38.559 | INFO     | __main__:run_pipeline:175 - Logged 426 historical predictions for BBRI.JK
2025-12-13 13:29:38.561 | INFO     | src.models.xgboost_model:train:18 - Training XGBoost model with 1700 samples
2025-12-13 13:29:39.418 | INFO     | __main__:run_pipeline:211 - XGBoost Results - MSE: 0.0007173717781707819, RMSE: 0.02678379693342193, MAE: 0.01988604994245288
2025-12-13 13:29:39.421 | INFO     | src.models.xgboost_model:save:28 - XGBoost model saved to data/models/BBRI.JK_1d_xgb.joblib
2025-12-13 13:29:39.429 | INFO     | __main__:<module>:250 - --- Training BBRI.JK [1h] ---
2025-12-13 13:29:39.433 | INFO     | __main__:run_pipeline:26 - Starting pipeline for BBRI.JK (1h)
2025-12-13 13:29:39.433 | INFO     | src.data_collection.stock_collector:fetch_history:49 - Fetching 730 days of history for BBRI.JK with interval 1h
2025-12-13 13:29:40.965 | INFO     | src.data_collection.stock_collector:fetch_history:122 - Successfully updated 4853 1h records for BBRI.JK
2025-12-13 13:29:41.299 | INFO     | src.models.lstm_model:train:40 - Training LSTM model with 8358 samples
2025-12-13 13:30:06.763 | INFO     | __main__:run_pipeline:101 - LSTM Results - MSE: 0.0003002474508035894, RMSE: 0.017327649892688545, MAE: 0.07209496123290988
2025-12-13 13:30:06.801 | INFO     | src.models.lstm_model:save:57 - Model saved to data/models/BBRI.JK_1h_lstm.h5
2025-12-13 13:30:07.497 | INFO     | __main__:run_pipeline:175 - Logged 2090 historical predictions for BBRI.JK
2025-12-13 13:30:07.499 | INFO     | src.models.xgboost_model:train:18 - Training XGBoost model with 8358 samples
2025-12-13 13:30:08.571 | INFO     | __main__:run_pipeline:211 - XGBoost Results - MSE: 0.00014299512087198173, RMSE: 0.011958056734770149, MAE: 0.00822892182168194
2025-12-13 13:30:08.574 | INFO     | src.models.xgboost_model:save:28 - XGBoost model saved to data/models/BBRI.JK_1h_xgb.joblib
2025-12-13 13:30:08.595 | INFO     | __main__:<module>:250 - --- Training BBRI.JK [15m] ---
2025-12-13 13:30:08.596 | INFO     | __main__:run_pipeline:26 - Starting pipeline for BBRI.JK (15m)
2025-12-13 13:30:08.596 | INFO     | src.data_collection.stock_collector:fetch_history:49 - Fetching 730 days of history for BBRI.JK with interval 15m
2025-12-13 13:30:09.143 | INFO     | src.data_collection.stock_collector:fetch_history:122 - Successfully updated 1177 15m records for BBRI.JK
2025-12-13 13:30:09.445 | INFO     | src.models.lstm_model:train:40 - Training LSTM model with 2132 samples
2025-12-13 13:30:18.402 | INFO     | __main__:run_pipeline:101 - LSTM Results - MSE: 0.00034355172833905366, RMSE: 0.018535148457432263, MAE: 0.03375994310809704
2025-12-13 13:30:18.434 | INFO     | src.models.lstm_model:save:57 - Model saved to data/models/BBRI.JK_15m_lstm.h5
2025-12-13 13:30:18.664 | INFO     | __main__:run_pipeline:175 - Logged 534 historical predictions for BBRI.JK
2025-12-13 13:30:18.666 | INFO     | src.models.xgboost_model:train:18 - Training XGBoost model with 2132 samples
2025-12-13 13:30:19.232 | INFO     | __main__:run_pipeline:211 - XGBoost Results - MSE: 0.0007131082570306928, RMSE: 0.026704086897527367, MAE: 0.01775690672276893
2025-12-13 13:30:19.234 | INFO     | src.models.xgboost_model:save:28 - XGBoost model saved to data/models/BBRI.JK_15m_xgb.joblib
2025-12-13 13:30:19.240 | INFO     | __main__:<module>:250 - --- Training TLKM.JK [1d] ---
2025-12-13 13:30:19.240 | INFO     | __main__:run_pipeline:26 - Starting pipeline for TLKM.JK (1d)
2025-12-13 13:30:19.240 | INFO     | src.data_collection.stock_collector:fetch_history:49 - Fetching 730 days of history for TLKM.JK with interval 1d
2025-12-13 13:30:19.650 | WARNING  | src.data_collection.news_collector:fetch_news:18 - News API Key not set. Skipping news collection.
2025-12-13 13:30:19.824 | INFO     | src.data_collection.stock_collector:fetch_history:122 - Successfully updated 729 1d records for TLKM.JK
2025-12-13 13:30:20.056 | INFO     | src.models.lstm_model:train:40 - Training LSTM model with 1700 samples
2025-12-13 13:30:26.523 | INFO     | __main__:run_pipeline:101 - LSTM Results - MSE: 0.0038958002554274336, RMSE: 0.06241634605956547, MAE: 0.2437693441230075
2025-12-13 13:30:26.560 | INFO     | src.models.lstm_model:save:57 - Model saved to data/models/TLKM.JK_1d_lstm.h5
2025-12-13 13:30:26.711 | INFO     | __main__:run_pipeline:175 - Logged 426 historical predictions for TLKM.JK
2025-12-13 13:30:26.713 | INFO     | src.models.xgboost_model:train:18 - Training XGBoost model with 1700 samples
2025-12-13 13:30:27.787 | INFO     | __main__:run_pipeline:211 - XGBoost Results - MSE: 0.0031726840701129396, RMSE: 0.05632658404441849, MAE: 0.036110404451444734
2025-12-13 13:30:27.795 | INFO     | src.models.xgboost_model:save:28 - XGBoost model saved to data/models/TLKM.JK_1d_xgb.joblib
2025-12-13 13:30:27.804 | INFO     | __main__:<module>:250 - --- Training TLKM.JK [1h] ---
2025-12-13 13:30:27.804 | INFO     | __main__:run_pipeline:26 - Starting pipeline for TLKM.JK (1h)
2025-12-13 13:30:27.804 | INFO     | src.data_collection.stock_collector:fetch_history:49 - Fetching 730 days of history for TLKM.JK with interval 1h
2025-12-13 13:30:29.332 | INFO     | src.data_collection.stock_collector:fetch_history:122 - Successfully updated 4846 1h records for TLKM.JK
2025-12-13 13:30:29.908 | INFO     | src.models.lstm_model:train:40 - Training LSTM model with 8352 samples
2025-12-13 13:30:52.599 | INFO     | __main__:run_pipeline:101 - LSTM Results - MSE: 0.0005304384547497788, RMSE: 0.023031249526453808, MAE: 0.16852021444210735
2025-12-13 13:30:52.667 | INFO     | src.models.lstm_model:save:57 - Model saved to data/models/TLKM.JK_1h_lstm.h5
2025-12-13 13:30:53.423 | INFO     | __main__:run_pipeline:175 - Logged 2089 historical predictions for TLKM.JK
2025-12-13 13:30:53.424 | INFO     | src.models.xgboost_model:train:18 - Training XGBoost model with 8352 samples
2025-12-13 13:30:55.105 | INFO     | __main__:run_pipeline:211 - XGBoost Results - MSE: 0.00039963398937924383, RMSE: 0.019990847640338913, MAE: 0.012832522666186114
2025-12-13 13:30:55.112 | INFO     | src.models.xgboost_model:save:28 - XGBoost model saved to data/models/TLKM.JK_1h_xgb.joblib
2025-12-13 13:30:55.140 | INFO     | __main__:<module>:250 - --- Training TLKM.JK [15m] ---
2025-12-13 13:30:55.141 | INFO     | __main__:run_pipeline:26 - Starting pipeline for TLKM.JK (15m)
2025-12-13 13:30:55.141 | INFO     | src.data_collection.stock_collector:fetch_history:49 - Fetching 730 days of history for TLKM.JK with interval 15m
2025-12-13 13:30:55.693 | INFO     | src.data_collection.stock_collector:fetch_history:122 - Successfully updated 1177 15m records for TLKM.JK
2025-12-13 13:30:55.962 | INFO     | src.models.lstm_model:train:40 - Training LSTM model with 2132 samples
2025-12-13 13:31:04.307 | INFO     | __main__:run_pipeline:101 - LSTM Results - MSE: 0.0010805006332648295, RMSE: 0.032870969460373836, MAE: 0.04763591887641441
2025-12-13 13:31:04.340 | INFO     | src.models.lstm_model:save:57 - Model saved to data/models/TLKM.JK_15m_lstm.h5
2025-12-13 13:31:04.600 | INFO     | __main__:run_pipeline:175 - Logged 534 historical predictions for TLKM.JK
2025-12-13 13:31:04.602 | INFO     | src.models.xgboost_model:train:18 - Training XGBoost model with 2132 samples
2025-12-13 13:31:05.372 | INFO     | __main__:run_pipeline:211 - XGBoost Results - MSE: 0.0007402883252819348, RMSE: 0.027208240025439624, MAE: 0.01959322939608772
2025-12-13 13:31:05.381 | INFO     | src.models.xgboost_model:save:28 - XGBoost model saved to data/models/TLKM.JK_15m_xgb.joblib
2025-12-13 13:31:05.410 | INFO     | __main__:<module>:250 - --- Training ASII.JK [1d] ---
2025-12-13 13:31:05.412 | INFO     | __main__:run_pipeline:26 - Starting pipeline for ASII.JK (1d)
2025-12-13 13:31:05.412 | INFO     | src.data_collection.stock_collector:fetch_history:49 - Fetching 730 days of history for ASII.JK with interval 1d
2025-12-13 13:31:05.915 | WARNING  | src.data_collection.news_collector:fetch_news:18 - News API Key not set. Skipping news collection.
2025-12-13 13:31:06.231 | INFO     | src.data_collection.stock_collector:fetch_history:122 - Successfully updated 729 1d records for ASII.JK
2025-12-13 13:31:06.505 | INFO     | src.models.lstm_model:train:40 - Training LSTM model with 1700 samples
2025-12-13 13:31:13.156 | INFO     | __main__:run_pipeline:101 - LSTM Results - MSE: 0.0022867546286034902, RMSE: 0.04782002330199652, MAE: 0.2992172685249561
2025-12-13 13:31:13.189 | INFO     | src.models.lstm_model:save:57 - Model saved to data/models/ASII.JK_1d_lstm.h5
2025-12-13 13:31:13.346 | INFO     | __main__:run_pipeline:175 - Logged 426 historical predictions for ASII.JK
2025-12-13 13:31:13.347 | INFO     | src.models.xgboost_model:train:18 - Training XGBoost model with 1700 samples
2025-12-13 13:31:14.320 | INFO     | __main__:run_pipeline:211 - XGBoost Results - MSE: 0.030340674162532312, RMSE: 0.17418574615200955, MAE: 0.10819217656660021
2025-12-13 13:31:14.326 | INFO     | src.models.xgboost_model:save:28 - XGBoost model saved to data/models/ASII.JK_1d_xgb.joblib
2025-12-13 13:31:14.334 | INFO     | __main__:<module>:250 - --- Training ASII.JK [1h] ---
2025-12-13 13:31:14.335 | INFO     | __main__:run_pipeline:26 - Starting pipeline for ASII.JK (1h)
2025-12-13 13:31:14.335 | INFO     | src.data_collection.stock_collector:fetch_history:49 - Fetching 730 days of history for ASII.JK with interval 1h
2025-12-13 13:31:16.309 | INFO     | src.data_collection.stock_collector:fetch_history:122 - Successfully updated 4843 1h records for ASII.JK
2025-12-13 13:31:16.790 | INFO     | src.models.lstm_model:train:40 - Training LSTM model with 8350 samples
2025-12-13 13:31:43.257 | INFO     | __main__:run_pipeline:101 - LSTM Results - MSE: 0.0011019169212339083, RMSE: 0.03319513399933653, MAE: 0.30584881361610305
2025-12-13 13:31:43.290 | INFO     | src.models.lstm_model:save:57 - Model saved to data/models/ASII.JK_1h_lstm.h5
2025-12-13 13:31:43.997 | INFO     | __main__:run_pipeline:175 - Logged 2088 historical predictions for ASII.JK
2025-12-13 13:31:43.999 | INFO     | src.models.xgboost_model:train:18 - Training XGBoost model with 8350 samples
2025-12-13 13:31:45.380 | INFO     | __main__:run_pipeline:211 - XGBoost Results - MSE: 0.00038202671634500127, RMSE: 0.019545503737304938, MAE: 0.013070622475929565
2025-12-13 13:31:45.389 | INFO     | src.models.xgboost_model:save:28 - XGBoost model saved to data/models/ASII.JK_1h_xgb.joblib
2025-12-13 13:31:45.420 | INFO     | __main__:<module>:250 - --- Training ASII.JK [15m] ---
2025-12-13 13:31:45.422 | INFO     | __main__:run_pipeline:26 - Starting pipeline for ASII.JK (15m)
2025-12-13 13:31:45.422 | INFO     | src.data_collection.stock_collector:fetch_history:49 - Fetching 730 days of history for ASII.JK with interval 15m
2025-12-13 13:31:45.979 | INFO     | src.data_collection.stock_collector:fetch_history:122 - Successfully updated 1177 15m records for ASII.JK
2025-12-13 13:31:46.547 | INFO     | src.models.lstm_model:train:40 - Training LSTM model with 2132 samples
2025-12-13 13:31:54.871 | INFO     | __main__:run_pipeline:101 - LSTM Results - MSE: 0.002184801893498317, RMSE: 0.046741864463223086, MAE: 0.09451569889381227
2025-12-13 13:31:54.897 | INFO     | src.models.lstm_model:save:57 - Model saved to data/models/ASII.JK_15m_lstm.h5
2025-12-13 13:31:55.117 | INFO     | __main__:run_pipeline:175 - Logged 534 historical predictions for ASII.JK
2025-12-13 13:31:55.119 | INFO     | src.models.xgboost_model:train:18 - Training XGBoost model with 2132 samples
2025-12-13 13:31:55.622 | INFO     | __main__:run_pipeline:211 - XGBoost Results - MSE: 0.010434021593108073, RMSE: 0.10214705866106999, MAE: 0.07164515808017867
2025-12-13 13:31:55.625 | INFO     | src.models.xgboost_model:save:28 - XGBoost model saved to data/models/ASII.JK_15m_xgb.joblib
2025-12-13 13:31:55.640 | INFO     | __main__:<module>:250 - --- Training UNVR.JK [1d] ---
2025-12-13 13:31:55.641 | INFO     | __main__:run_pipeline:26 - Starting pipeline for UNVR.JK (1d)
2025-12-13 13:31:55.641 | INFO     | src.data_collection.stock_collector:fetch_history:49 - Fetching 730 days of history for UNVR.JK with interval 1d
2025-12-13 13:31:56.057 | WARNING  | src.data_collection.news_collector:fetch_news:18 - News API Key not set. Skipping news collection.
2025-12-13 13:31:56.245 | INFO     | src.data_collection.stock_collector:fetch_history:122 - Successfully updated 729 1d records for UNVR.JK
2025-12-13 13:31:56.492 | INFO     | src.models.lstm_model:train:40 - Training LSTM model with 1700 samples
2025-12-13 13:32:05.285 | INFO     | __main__:run_pipeline:101 - LSTM Results - MSE: 0.0006232685034335309, RMSE: 0.024965346050746642, MAE: 0.12275691433201569
2025-12-13 13:32:05.380 | INFO     | src.models.lstm_model:save:57 - Model saved to data/models/UNVR.JK_1d_lstm.h5
2025-12-13 13:32:05.572 | INFO     | __main__:run_pipeline:175 - Logged 426 historical predictions for UNVR.JK
2025-12-13 13:32:05.583 | INFO     | src.models.xgboost_model:train:18 - Training XGBoost model with 1700 samples
2025-12-13 13:32:07.089 | INFO     | __main__:run_pipeline:211 - XGBoost Results - MSE: 0.00041792709130390255, RMSE: 0.020443265182056965, MAE: 0.014097724791216744
2025-12-13 13:32:07.098 | INFO     | src.models.xgboost_model:save:28 - XGBoost model saved to data/models/UNVR.JK_1d_xgb.joblib
2025-12-13 13:32:07.130 | INFO     | __main__:<module>:250 - --- Training UNVR.JK [1h] ---
2025-12-13 13:32:07.132 | INFO     | __main__:run_pipeline:26 - Starting pipeline for UNVR.JK (1h)
2025-12-13 13:32:07.133 | INFO     | src.data_collection.stock_collector:fetch_history:49 - Fetching 730 days of history for UNVR.JK with interval 1h
2025-12-13 13:32:08.723 | INFO     | src.data_collection.stock_collector:fetch_history:122 - Successfully updated 4844 1h records for UNVR.JK
2025-12-13 13:32:09.183 | INFO     | src.models.lstm_model:train:40 - Training LSTM model with 8351 samples
2025-12-13 13:32:55.248 | INFO     | __main__:run_pipeline:101 - LSTM Results - MSE: 9.245740499784463e-05, RMSE: 0.009615477367132879, MAE: 0.10867598236143992
2025-12-13 13:32:55.383 | INFO     | src.models.lstm_model:save:57 - Model saved to data/models/UNVR.JK_1h_lstm.h5
2025-12-13 13:32:55.445 | ERROR    | __main__:run_pipeline:178 - Failed to log history: (psycopg2.OperationalError) server closed the connection unexpectedly
	This probably means the server terminated abnormally
	before or while processing the request.

[SQL: 
                            INSERT INTO predictions (stock_id, prediction_date, target_date, predicted_direction, predicted_change_pct, confidence, model_version, interval, created_at)
                            VALUES (%(sid)s, %(pdate)s, %(tdate)s, %(pdir)s, %(pct)s, %(conf)s, %(ver)s, %(intv)s, %(cat)s)
                            RETURNING id
                        ]
[parameters: {'sid': 5, 'pdate': datetime.datetime(2025, 5, 6, 11, 0), 'tdate': datetime.date(2025, 5, 6), 'pdir': 'UP', 'pct': 0.49168421569483245, 'conf': 0.8, 'ver': 'LSTM_v1', 'intv': '1h', 'cat': datetime.datetime(2025, 5, 6, 11, 0)}]
(Background on this error at: https://sqlalche.me/e/20/e3q8)
2025-12-13 13:32:55.535 | INFO     | src.models.xgboost_model:train:18 - Training XGBoost model with 8351 samples
2025-12-13 13:32:56.732 | INFO     | __main__:run_pipeline:211 - XGBoost Results - MSE: 8.128383321446331e-05, RMSE: 0.009015754722399192, MAE: 0.005440502092493038
2025-12-13 13:32:56.740 | INFO     | src.models.xgboost_model:save:28 - XGBoost model saved to data/models/UNVR.JK_1h_xgb.joblib
2025-12-13 13:32:56.744 | INFO     | __main__:<module>:250 - --- Training UNVR.JK [15m] ---
2025-12-13 13:32:56.747 | INFO     | __main__:run_pipeline:26 - Starting pipeline for UNVR.JK (15m)
2025-12-13 13:32:56.747 | INFO     | src.data_collection.stock_collector:fetch_history:49 - Fetching 730 days of history for UNVR.JK with interval 15m
2025-12-13 13:32:57.386 | INFO     | src.data_collection.stock_collector:fetch_history:122 - Successfully updated 1177 15m records for UNVR.JK
2025-12-13 13:32:57.970 | INFO     | src.models.lstm_model:train:40 - Training LSTM model with 2132 samples
2025-12-13 13:33:06.320 | INFO     | __main__:run_pipeline:101 - LSTM Results - MSE: 0.0005624327142711256, RMSE: 0.023715663901125044, MAE: 0.0462306040128093
2025-12-13 13:33:06.388 | INFO     | src.models.lstm_model:save:57 - Model saved to data/models/UNVR.JK_15m_lstm.h5
2025-12-13 13:33:06.674 | INFO     | __main__:run_pipeline:175 - Logged 534 historical predictions for UNVR.JK
2025-12-13 13:33:06.676 | INFO     | src.models.xgboost_model:train:18 - Training XGBoost model with 2132 samples
2025-12-13 13:33:07.441 | INFO     | __main__:run_pipeline:211 - XGBoost Results - MSE: 0.0011381082410847993, RMSE: 0.033735859868762784, MAE: 0.024863687227457867
2025-12-13 13:33:07.450 | INFO     | src.models.xgboost_model:save:28 - XGBoost model saved to data/models/UNVR.JK_15m_xgb.joblib
2025-12-13 13:33:07.467 | INFO     | __main__:<module>:256 - Cycle completed. Sleeping for 1 hour...
2025-12-13 13:34:37.569 | ERROR    | src.api.main:get_stocks:35 - Error fetching stocks: (psycopg2.OperationalError) server closed the connection unexpectedly
	This probably means the server terminated abnormally
	before or while processing the request.

[SQL: SELECT symbol, name FROM stocks]
(Background on this error at: https://sqlalche.me/e/20/e3q8)
2025-12-13 13:34:55.514 | INFO     | src.training.trainer:run_pipeline:26 - Starting pipeline for BBCA.JK (1m)
2025-12-13 13:34:55.518 | INFO     | src.data_collection.stock_collector:fetch_history:49 - Fetching 730 days of history for BBCA.JK with interval 1m
2025-12-13 13:34:58.558 | INFO     | src.data_collection.stock_collector:fetch_history:122 - Successfully updated 2214 1m records for BBCA.JK
2025-12-13 13:34:58.832 | INFO     | src.models.lstm_model:train:40 - Training LSTM model with 1722 samples
2025-12-13 13:35:10.110 | INFO     | src.training.trainer:run_pipeline:101 - LSTM Results - MSE: 0.0024689741243813196, RMSE: 0.04968877261898627, MAE: 0.08107210968136769
2025-12-13 13:35:10.171 | INFO     | src.models.lstm_model:save:57 - Model saved to data/models/BBCA.JK_1m_lstm.h5
2025-12-13 13:35:10.336 | INFO     | src.training.trainer:run_pipeline:175 - Logged 431 historical predictions for BBCA.JK
2025-12-13 13:35:10.339 | INFO     | src.models.xgboost_model:train:18 - Training XGBoost model with 1722 samples
2025-12-13 13:35:11.262 | INFO     | src.training.trainer:run_pipeline:211 - XGBoost Results - MSE: 0.03526621412797594, RMSE: 0.1877930087302931, MAE: 0.1697677814133616
2025-12-13 13:35:11.269 | INFO     | src.models.xgboost_model:save:28 - XGBoost model saved to data/models/BBCA.JK_1m_xgb.joblib
2025-12-13 13:40:30.251 | INFO     | src.training.trainer:run_pipeline:26 - Starting pipeline for BBCA.JK (1d)
2025-12-13 13:40:30.258 | INFO     | src.data_collection.stock_collector:fetch_history:49 - Fetching 730 days of history for BBCA.JK with interval 1d
2025-12-13 13:40:31.659 | WARNING  | src.data_collection.news_collector:fetch_news:18 - News API Key not set. Skipping news collection.
2025-12-13 13:40:32.146 | INFO     | src.data_collection.stock_collector:fetch_history:122 - Successfully updated 729 1d records for BBCA.JK
2025-12-13 13:40:32.592 | INFO     | src.models.lstm_model:train:40 - Training LSTM model with 1700 samples
2025-12-13 13:40:41.330 | INFO     | src.training.trainer:run_pipeline:101 - LSTM Results - MSE: 0.0027536058724562888, RMSE: 0.052474811790575185, MAE: 0.16238967506216037
2025-12-13 13:40:41.361 | INFO     | src.models.lstm_model:save:57 - Model saved to data/models/BBCA.JK_1d_lstm.h5
2025-12-13 13:40:41.543 | INFO     | src.training.trainer:run_pipeline:175 - Logged 426 historical predictions for BBCA.JK
2025-12-13 13:40:41.546 | INFO     | src.models.xgboost_model:train:18 - Training XGBoost model with 1700 samples
2025-12-13 13:40:42.906 | INFO     | src.training.trainer:run_pipeline:211 - XGBoost Results - MSE: 0.0023553127236356905, RMSE: 0.04853156419935062, MAE: 0.03402395527911136
2025-12-13 13:40:42.918 | INFO     | src.models.xgboost_model:save:28 - XGBoost model saved to data/models/BBCA.JK_1d_xgb.joblib
2025-12-13 13:43:26.585 | INFO     | src.training.trainer:run_pipeline:26 - Starting pipeline for UNVR.JK (1m)
2025-12-13 13:43:26.589 | INFO     | src.data_collection.stock_collector:fetch_history:49 - Fetching 730 days of history for UNVR.JK with interval 1m
2025-12-13 13:43:27.880 | INFO     | src.data_collection.stock_collector:fetch_history:122 - Successfully updated 2199 1m records for UNVR.JK
2025-12-13 13:43:28.111 | INFO     | src.models.lstm_model:train:40 - Training LSTM model with 1710 samples
2025-12-13 13:43:36.681 | INFO     | src.training.trainer:run_pipeline:101 - LSTM Results - MSE: 0.0012118430617461663, RMSE: 0.03481153633131072, MAE: 0.05815077574461447
2025-12-13 13:43:36.703 | INFO     | src.models.lstm_model:save:57 - Model saved to data/models/UNVR.JK_1m_lstm.h5
2025-12-13 13:43:36.858 | INFO     | src.training.trainer:run_pipeline:175 - Logged 428 historical predictions for UNVR.JK
2025-12-13 13:43:36.861 | INFO     | src.models.xgboost_model:train:18 - Training XGBoost model with 1710 samples
2025-12-13 13:43:37.399 | INFO     | src.training.trainer:run_pipeline:211 - XGBoost Results - MSE: 0.001759977464630752, RMSE: 0.0419520853430524, MAE: 0.031966127128149634
2025-12-13 13:43:37.402 | INFO     | src.models.xgboost_model:save:28 - XGBoost model saved to data/models/UNVR.JK_1m_xgb.joblib
2025-12-13 13:45:20.682 | INFO     | __main__:<module>:243 - Starting Continuous Model Trainer...
2025-12-13 13:45:20.684 | INFO     | __main__:<module>:250 - --- Training BBCA.JK [1d] ---
2025-12-13 13:45:20.684 | INFO     | __main__:run_pipeline:26 - Starting pipeline for BBCA.JK (1d)
2025-12-13 13:45:20.684 | INFO     | src.data_collection.stock_collector:fetch_history:49 - Fetching 730 days of history for BBCA.JK with interval 1d
2025-12-13 13:45:21.732 | WARNING  | src.data_collection.news_collector:fetch_news:18 - News API Key not set. Skipping news collection.
2025-12-13 13:45:21.913 | INFO     | src.data_collection.stock_collector:fetch_history:122 - Successfully updated 729 1d records for BBCA.JK
2025-12-13 13:45:22.364 | INFO     | src.models.lstm_model:train:40 - Training LSTM model with 1700 samples
2025-12-13 13:45:30.044 | INFO     | __main__:run_pipeline:101 - LSTM Results - MSE: 0.0037131175982108968, RMSE: 0.06093535589631767, MAE: 0.1685981703456137
2025-12-13 13:45:30.087 | INFO     | src.models.lstm_model:save:57 - Model saved to data/models/BBCA.JK_1d_lstm.h5
2025-12-13 13:45:30.236 | INFO     | __main__:run_pipeline:175 - Logged 426 historical predictions for BBCA.JK
2025-12-13 13:45:30.238 | INFO     | src.models.xgboost_model:train:18 - Training XGBoost model with 1700 samples
2025-12-13 13:45:31.323 | INFO     | __main__:run_pipeline:211 - XGBoost Results - MSE: 0.002256482042107801, RMSE: 0.04750244248570594, MAE: 0.033572725116522706
2025-12-13 13:45:31.326 | INFO     | src.models.xgboost_model:save:28 - XGBoost model saved to data/models/BBCA.JK_1d_xgb.joblib
2025-12-13 13:45:31.330 | INFO     | __main__:<module>:250 - --- Training BBCA.JK [1h] ---
2025-12-13 13:45:31.331 | INFO     | __main__:run_pipeline:26 - Starting pipeline for BBCA.JK (1h)
2025-12-13 13:45:31.331 | INFO     | src.data_collection.stock_collector:fetch_history:49 - Fetching 730 days of history for BBCA.JK with interval 1h
2025-12-13 13:45:32.776 | INFO     | src.data_collection.stock_collector:fetch_history:122 - Successfully updated 4852 1h records for BBCA.JK
2025-12-13 13:45:33.260 | INFO     | src.models.lstm_model:train:40 - Training LSTM model with 8357 samples
2025-12-13 13:45:33.838 | INFO     | src.training.trainer:run_pipeline:26 - Starting pipeline for BBCA.JK (1d)
2025-12-13 13:45:33.844 | INFO     | src.data_collection.stock_collector:fetch_history:49 - Fetching 730 days of history for BBCA.JK with interval 1d
2025-12-13 13:45:34.964 | WARNING  | src.data_collection.news_collector:fetch_news:18 - News API Key not set. Skipping news collection.
2025-12-13 13:45:35.244 | INFO     | src.data_collection.stock_collector:fetch_history:122 - Successfully updated 729 1d records for BBCA.JK
2025-12-13 13:45:35.698 | INFO     | src.models.lstm_model:train:40 - Training LSTM model with 1700 samples
2025-12-13 13:45:43.894 | INFO     | src.training.trainer:run_pipeline:101 - LSTM Results - MSE: 0.0031786091322759456, RMSE: 0.05637915512204795, MAE: 0.16598040340883216
2025-12-13 13:45:43.939 | INFO     | src.models.lstm_model:save:57 - Model saved to data/models/BBCA.JK_1d_lstm.h5
2025-12-13 13:45:44.132 | INFO     | src.training.trainer:run_pipeline:175 - Logged 426 historical predictions for BBCA.JK
2025-12-13 13:45:44.134 | INFO     | src.models.xgboost_model:train:18 - Training XGBoost model with 1700 samples
2025-12-13 13:45:46.430 | INFO     | src.training.trainer:run_pipeline:211 - XGBoost Results - MSE: 0.002555672245491735, RMSE: 0.05055365709314941, MAE: 0.035170532418070104
2025-12-13 13:45:46.441 | INFO     | src.models.xgboost_model:save:28 - XGBoost model saved to data/models/BBCA.JK_1d_xgb.joblib
2025-12-13 13:46:02.871 | INFO     | __main__:run_pipeline:101 - LSTM Results - MSE: 0.00043590604325737024, RMSE: 0.020878363040654557, MAE: 0.1513138583962828
2025-12-13 13:46:02.918 | INFO     | src.models.lstm_model:save:57 - Model saved to data/models/BBCA.JK_1h_lstm.h5
2025-12-13 13:46:03.956 | INFO     | __main__:run_pipeline:175 - Logged 2090 historical predictions for BBCA.JK
2025-12-13 13:46:03.959 | INFO     | src.models.xgboost_model:train:18 - Training XGBoost model with 8357 samples
2025-12-13 13:46:04.899 | INFO     | __main__:run_pipeline:211 - XGBoost Results - MSE: 0.005837179798585906, RMSE: 0.0764014384588792, MAE: 0.03618572925640295
2025-12-13 13:46:04.903 | INFO     | src.models.xgboost_model:save:28 - XGBoost model saved to data/models/BBCA.JK_1h_xgb.joblib
2025-12-13 13:46:04.931 | INFO     | __main__:<module>:250 - --- Training BBCA.JK [15m] ---
2025-12-13 13:46:04.932 | INFO     | __main__:run_pipeline:26 - Starting pipeline for BBCA.JK (15m)
2025-12-13 13:46:04.933 | INFO     | src.data_collection.stock_collector:fetch_history:49 - Fetching 730 days of history for BBCA.JK with interval 15m
2025-12-13 13:46:06.209 | INFO     | src.data_collection.stock_collector:fetch_history:122 - Successfully updated 1177 15m records for BBCA.JK
2025-12-13 13:46:06.500 | INFO     | src.models.lstm_model:train:40 - Training LSTM model with 2132 samples
2025-12-13 13:46:14.433 | INFO     | __main__:run_pipeline:101 - LSTM Results - MSE: 0.0007347809005861819, RMSE: 0.027106842320458166, MAE: 0.11110852079755547
2025-12-13 13:46:14.460 | INFO     | src.models.lstm_model:save:57 - Model saved to data/models/BBCA.JK_15m_lstm.h5
2025-12-13 13:46:14.697 | INFO     | __main__:run_pipeline:175 - Logged 534 historical predictions for BBCA.JK
2025-12-13 13:46:14.699 | INFO     | src.models.xgboost_model:train:18 - Training XGBoost model with 2132 samples
2025-12-13 13:46:15.632 | INFO     | __main__:run_pipeline:211 - XGBoost Results - MSE: 0.009616745249221343, RMSE: 0.09806500522215528, MAE: 0.06852191691549059
2025-12-13 13:46:15.641 | INFO     | src.models.xgboost_model:save:28 - XGBoost model saved to data/models/BBCA.JK_15m_xgb.joblib
2025-12-13 13:46:15.658 | INFO     | __main__:<module>:250 - --- Training BBRI.JK [1d] ---
2025-12-13 13:46:15.660 | INFO     | __main__:run_pipeline:26 - Starting pipeline for BBRI.JK (1d)
2025-12-13 13:46:15.660 | INFO     | src.data_collection.stock_collector:fetch_history:49 - Fetching 730 days of history for BBRI.JK with interval 1d
2025-12-13 13:46:15.936 | WARNING  | src.data_collection.news_collector:fetch_news:18 - News API Key not set. Skipping news collection.
2025-12-13 13:46:16.147 | INFO     | src.data_collection.stock_collector:fetch_history:122 - Successfully updated 729 1d records for BBRI.JK
2025-12-13 13:46:16.431 | INFO     | src.models.lstm_model:train:40 - Training LSTM model with 1700 samples
2025-12-13 13:46:24.368 | INFO     | __main__:run_pipeline:101 - LSTM Results - MSE: 0.0018334290420856448, RMSE: 0.04281855955173696, MAE: 0.08416292706927797
2025-12-13 13:46:24.401 | INFO     | src.models.lstm_model:save:57 - Model saved to data/models/BBRI.JK_1d_lstm.h5
2025-12-13 13:46:24.597 | INFO     | __main__:run_pipeline:175 - Logged 426 historical predictions for BBRI.JK
2025-12-13 13:46:24.599 | INFO     | src.models.xgboost_model:train:18 - Training XGBoost model with 1700 samples
2025-12-13 13:46:25.858 | INFO     | __main__:run_pipeline:211 - XGBoost Results - MSE: 0.0008025288657104096, RMSE: 0.02832894042689224, MAE: 0.02088626433343809
2025-12-13 13:46:25.865 | INFO     | src.models.xgboost_model:save:28 - XGBoost model saved to data/models/BBRI.JK_1d_xgb.joblib
2025-12-13 13:46:25.878 | INFO     | __main__:<module>:250 - --- Training BBRI.JK [1h] ---
2025-12-13 13:46:25.880 | INFO     | __main__:run_pipeline:26 - Starting pipeline for BBRI.JK (1h)
2025-12-13 13:46:25.880 | INFO     | src.data_collection.stock_collector:fetch_history:49 - Fetching 730 days of history for BBRI.JK with interval 1h
2025-12-13 13:46:27.670 | INFO     | src.data_collection.stock_collector:fetch_history:122 - Successfully updated 4853 1h records for BBRI.JK
2025-12-13 13:46:28.046 | INFO     | src.models.lstm_model:train:40 - Training LSTM model with 8358 samples
2025-12-13 13:46:55.018 | INFO     | __main__:run_pipeline:101 - LSTM Results - MSE: 0.0002587530564524355, RMSE: 0.016085802947084598, MAE: 0.0731788284006832
2025-12-13 13:46:55.051 | INFO     | src.models.lstm_model:save:57 - Model saved to data/models/BBRI.JK_1h_lstm.h5
2025-12-13 13:46:55.788 | INFO     | __main__:run_pipeline:175 - Logged 2090 historical predictions for BBRI.JK
2025-12-13 13:46:55.793 | INFO     | src.models.xgboost_model:train:18 - Training XGBoost model with 8358 samples
2025-12-13 13:46:56.827 | INFO     | __main__:run_pipeline:211 - XGBoost Results - MSE: 0.00014299512087198173, RMSE: 0.011958056734770149, MAE: 0.00822892182168194
2025-12-13 13:46:56.830 | INFO     | src.models.xgboost_model:save:28 - XGBoost model saved to data/models/BBRI.JK_1h_xgb.joblib
2025-12-13 13:46:56.840 | INFO     | __main__:<module>:250 - --- Training BBRI.JK [15m] ---
2025-12-13 13:46:56.841 | INFO     | __main__:run_pipeline:26 - Starting pipeline for BBRI.JK (15m)
2025-12-13 13:46:56.842 | INFO     | src.data_collection.stock_collector:fetch_history:49 - Fetching 730 days of history for BBRI.JK with interval 15m
2025-12-13 13:46:57.447 | INFO     | src.data_collection.stock_collector:fetch_history:122 - Successfully updated 1177 15m records for BBRI.JK
2025-12-13 13:46:57.740 | INFO     | src.models.lstm_model:train:40 - Training LSTM model with 2132 samples
2025-12-13 13:47:05.446 | INFO     | __main__:run_pipeline:101 - LSTM Results - MSE: 0.0004310307605494924, RMSE: 0.02076128032057494, MAE: 0.03496221543426546
2025-12-13 13:47:05.472 | INFO     | src.models.lstm_model:save:57 - Model saved to data/models/BBRI.JK_15m_lstm.h5
2025-12-13 13:47:05.682 | INFO     | __main__:run_pipeline:175 - Logged 534 historical predictions for BBRI.JK
2025-12-13 13:47:05.683 | INFO     | src.models.xgboost_model:train:18 - Training XGBoost model with 2132 samples
2025-12-13 13:47:06.269 | INFO     | __main__:run_pipeline:211 - XGBoost Results - MSE: 0.0007131082570306928, RMSE: 0.026704086897527367, MAE: 0.01775690672276893
2025-12-13 13:47:06.273 | INFO     | src.models.xgboost_model:save:28 - XGBoost model saved to data/models/BBRI.JK_15m_xgb.joblib
2025-12-13 13:47:06.278 | INFO     | __main__:<module>:250 - --- Training TLKM.JK [1d] ---
2025-12-13 13:47:06.279 | INFO     | __main__:run_pipeline:26 - Starting pipeline for TLKM.JK (1d)
2025-12-13 13:47:06.279 | INFO     | src.data_collection.stock_collector:fetch_history:49 - Fetching 730 days of history for TLKM.JK with interval 1d
2025-12-13 13:47:06.545 | WARNING  | src.data_collection.news_collector:fetch_news:18 - News API Key not set. Skipping news collection.
2025-12-13 13:47:06.733 | INFO     | src.data_collection.stock_collector:fetch_history:122 - Successfully updated 729 1d records for TLKM.JK
2025-12-13 13:47:06.956 | INFO     | src.models.lstm_model:train:40 - Training LSTM model with 1700 samples
2025-12-13 13:47:13.156 | INFO     | __main__:run_pipeline:101 - LSTM Results - MSE: 0.00516726395383242, RMSE: 0.07188368350211626, MAE: 0.23772689812619277
2025-12-13 13:47:13.185 | INFO     | src.models.lstm_model:save:57 - Model saved to data/models/TLKM.JK_1d_lstm.h5
2025-12-13 13:47:13.342 | INFO     | __main__:run_pipeline:175 - Logged 426 historical predictions for TLKM.JK
2025-12-13 13:47:13.344 | INFO     | src.models.xgboost_model:train:18 - Training XGBoost model with 1700 samples
2025-12-13 13:47:14.395 | INFO     | __main__:run_pipeline:211 - XGBoost Results - MSE: 0.0031221569373601978, RMSE: 0.055876264525827044, MAE: 0.035624827106452144
2025-12-13 13:47:14.402 | INFO     | src.models.xgboost_model:save:28 - XGBoost model saved to data/models/TLKM.JK_1d_xgb.joblib
2025-12-13 13:47:14.413 | INFO     | __main__:<module>:250 - --- Training TLKM.JK [1h] ---
2025-12-13 13:47:14.414 | INFO     | __main__:run_pipeline:26 - Starting pipeline for TLKM.JK (1h)
2025-12-13 13:47:14.414 | INFO     | src.data_collection.stock_collector:fetch_history:49 - Fetching 730 days of history for TLKM.JK with interval 1h
2025-12-13 13:47:16.220 | INFO     | src.data_collection.stock_collector:fetch_history:122 - Successfully updated 4846 1h records for TLKM.JK
2025-12-13 13:47:16.873 | INFO     | src.models.lstm_model:train:40 - Training LSTM model with 8352 samples
2025-12-13 13:47:23.308 | INFO     | src.training.trainer:run_pipeline:26 - Starting pipeline for BBRI.JK (1m)
2025-12-13 13:47:23.311 | INFO     | src.data_collection.stock_collector:fetch_history:49 - Fetching 730 days of history for BBRI.JK with interval 1m
2025-12-13 13:47:24.432 | INFO     | src.data_collection.stock_collector:fetch_history:122 - Successfully updated 2217 1m records for BBRI.JK
2025-12-13 13:47:24.757 | INFO     | src.models.lstm_model:train:40 - Training LSTM model with 1724 samples
2025-12-13 13:47:32.902 | INFO     | src.training.trainer:run_pipeline:101 - LSTM Results - MSE: 0.012260226917616105, RMSE: 0.11072590897173121, MAE: 0.12449147202537368
2025-12-13 13:47:32.954 | INFO     | src.models.lstm_model:save:57 - Model saved to data/models/BBRI.JK_1m_lstm.h5
2025-12-13 13:47:33.722 | INFO     | src.training.trainer:run_pipeline:175 - Logged 432 historical predictions for BBRI.JK
2025-12-13 13:47:33.740 | INFO     | src.models.xgboost_model:train:18 - Training XGBoost model with 1724 samples
2025-12-13 13:47:36.066 | INFO     | src.training.trainer:run_pipeline:211 - XGBoost Results - MSE: 0.03386952674702877, RMSE: 0.18403675379398748, MAE: 0.15487174834642037
2025-12-13 13:47:36.074 | INFO     | src.models.xgboost_model:save:28 - XGBoost model saved to data/models/BBRI.JK_1m_xgb.joblib
2025-12-13 13:47:44.638 | INFO     | __main__:run_pipeline:101 - LSTM Results - MSE: 0.00041109196888695286, RMSE: 0.020275403051159126, MAE: 0.1683186414670845
2025-12-13 13:47:44.685 | INFO     | src.models.lstm_model:save:57 - Model saved to data/models/TLKM.JK_1h_lstm.h5
2025-12-13 13:47:45.428 | INFO     | __main__:run_pipeline:175 - Logged 2089 historical predictions for TLKM.JK
2025-12-13 13:47:45.434 | INFO     | src.models.xgboost_model:train:18 - Training XGBoost model with 8352 samples
2025-12-13 13:47:46.640 | INFO     | __main__:run_pipeline:211 - XGBoost Results - MSE: 0.00039963398937924383, RMSE: 0.019990847640338913, MAE: 0.012832522666186114
2025-12-13 13:47:46.652 | INFO     | src.models.xgboost_model:save:28 - XGBoost model saved to data/models/TLKM.JK_1h_xgb.joblib
2025-12-13 13:47:46.706 | INFO     | __main__:<module>:250 - --- Training TLKM.JK [15m] ---
2025-12-13 13:47:46.708 | INFO     | __main__:run_pipeline:26 - Starting pipeline for TLKM.JK (15m)
2025-12-13 13:47:46.709 | INFO     | src.data_collection.stock_collector:fetch_history:49 - Fetching 730 days of history for TLKM.JK with interval 15m
2025-12-13 13:47:48.820 | INFO     | src.data_collection.stock_collector:fetch_history:122 - Successfully updated 1177 15m records for TLKM.JK
2025-12-13 13:47:49.198 | INFO     | src.models.lstm_model:train:40 - Training LSTM model with 2132 samples
2025-12-13 13:47:57.487 | INFO     | __main__:run_pipeline:101 - LSTM Results - MSE: 0.0012625508658235319, RMSE: 0.03553239178304117, MAE: 0.04936083310274102
2025-12-13 13:47:57.514 | INFO     | src.models.lstm_model:save:57 - Model saved to data/models/TLKM.JK_15m_lstm.h5
2025-12-13 13:47:57.708 | INFO     | __main__:run_pipeline:175 - Logged 534 historical predictions for TLKM.JK
2025-12-13 13:47:57.710 | INFO     | src.models.xgboost_model:train:18 - Training XGBoost model with 2132 samples
2025-12-13 13:47:58.404 | INFO     | __main__:run_pipeline:211 - XGBoost Results - MSE: 0.0007402883252819348, RMSE: 0.027208240025439624, MAE: 0.01959322939608772
2025-12-13 13:47:58.408 | INFO     | src.models.xgboost_model:save:28 - XGBoost model saved to data/models/TLKM.JK_15m_xgb.joblib
2025-12-13 13:47:58.413 | INFO     | __main__:<module>:250 - --- Training ASII.JK [1d] ---
2025-12-13 13:47:58.414 | INFO     | __main__:run_pipeline:26 - Starting pipeline for ASII.JK (1d)
2025-12-13 13:47:58.414 | INFO     | src.data_collection.stock_collector:fetch_history:49 - Fetching 730 days of history for ASII.JK with interval 1d
2025-12-13 13:47:58.642 | WARNING  | src.data_collection.news_collector:fetch_news:18 - News API Key not set. Skipping news collection.
2025-12-13 13:47:58.824 | INFO     | src.data_collection.stock_collector:fetch_history:122 - Successfully updated 729 1d records for ASII.JK
2025-12-13 13:47:59.035 | INFO     | src.models.lstm_model:train:40 - Training LSTM model with 1700 samples
2025-12-13 13:48:04.993 | INFO     | __main__:run_pipeline:101 - LSTM Results - MSE: 0.0020210357190704326, RMSE: 0.04495593085534358, MAE: 0.2999087522465635
2025-12-13 13:48:05.012 | INFO     | src.models.lstm_model:save:57 - Model saved to data/models/ASII.JK_1d_lstm.h5
2025-12-13 13:48:05.180 | INFO     | __main__:run_pipeline:175 - Logged 426 historical predictions for ASII.JK
2025-12-13 13:48:05.181 | INFO     | src.models.xgboost_model:train:18 - Training XGBoost model with 1700 samples
2025-12-13 13:48:06.117 | INFO     | __main__:run_pipeline:211 - XGBoost Results - MSE: 0.03004399545242389, RMSE: 0.1733320381592044, MAE: 0.10780176094059447
2025-12-13 13:48:06.119 | INFO     | src.models.xgboost_model:save:28 - XGBoost model saved to data/models/ASII.JK_1d_xgb.joblib
2025-12-13 13:48:06.124 | INFO     | __main__:<module>:250 - --- Training ASII.JK [1h] ---
2025-12-13 13:48:06.124 | INFO     | __main__:run_pipeline:26 - Starting pipeline for ASII.JK (1h)
2025-12-13 13:48:06.124 | INFO     | src.data_collection.stock_collector:fetch_history:49 - Fetching 730 days of history for ASII.JK with interval 1h
2025-12-13 13:48:07.633 | INFO     | src.data_collection.stock_collector:fetch_history:122 - Successfully updated 4843 1h records for ASII.JK
2025-12-13 13:48:08.222 | INFO     | src.models.lstm_model:train:40 - Training LSTM model with 8350 samples
2025-12-13 13:48:37.786 | INFO     | __main__:run_pipeline:101 - LSTM Results - MSE: 0.0005790525320828001, RMSE: 0.02406351038570225, MAE: 0.3087786216387296
2025-12-13 13:48:37.823 | INFO     | src.models.lstm_model:save:57 - Model saved to data/models/ASII.JK_1h_lstm.h5
2025-12-13 13:48:39.263 | INFO     | __main__:run_pipeline:175 - Logged 2088 historical predictions for ASII.JK
2025-12-13 13:48:39.264 | INFO     | src.models.xgboost_model:train:18 - Training XGBoost model with 8350 samples
2025-12-13 13:48:40.383 | INFO     | __main__:run_pipeline:211 - XGBoost Results - MSE: 0.00038202671634500127, RMSE: 0.019545503737304938, MAE: 0.013070622475929565
2025-12-13 13:48:40.394 | INFO     | src.models.xgboost_model:save:28 - XGBoost model saved to data/models/ASII.JK_1h_xgb.joblib
2025-12-13 13:48:40.418 | INFO     | __main__:<module>:250 - --- Training ASII.JK [15m] ---
2025-12-13 13:48:40.419 | INFO     | __main__:run_pipeline:26 - Starting pipeline for ASII.JK (15m)
2025-12-13 13:48:40.420 | INFO     | src.data_collection.stock_collector:fetch_history:49 - Fetching 730 days of history for ASII.JK with interval 15m
2025-12-13 13:48:41.128 | INFO     | src.data_collection.stock_collector:fetch_history:122 - Successfully updated 1177 15m records for ASII.JK
2025-12-13 13:48:41.406 | INFO     | src.models.lstm_model:train:40 - Training LSTM model with 2132 samples
2025-12-13 13:48:49.631 | INFO     | __main__:run_pipeline:101 - LSTM Results - MSE: 0.002589465036683271, RMSE: 0.05088678646449657, MAE: 0.09629575392600062
2025-12-13 13:48:49.665 | INFO     | src.models.lstm_model:save:57 - Model saved to data/models/ASII.JK_15m_lstm.h5
2025-12-13 13:48:49.868 | INFO     | __main__:run_pipeline:175 - Logged 534 historical predictions for ASII.JK
2025-12-13 13:48:49.870 | INFO     | src.models.xgboost_model:train:18 - Training XGBoost model with 2132 samples
2025-12-13 13:48:50.390 | INFO     | __main__:run_pipeline:211 - XGBoost Results - MSE: 0.010434021593108073, RMSE: 0.10214705866106999, MAE: 0.07164515808017867
2025-12-13 13:48:50.394 | INFO     | src.models.xgboost_model:save:28 - XGBoost model saved to data/models/ASII.JK_15m_xgb.joblib
2025-12-13 13:48:50.410 | INFO     | __main__:<module>:250 - --- Training UNVR.JK [1d] ---
2025-12-13 13:48:50.411 | INFO     | __main__:run_pipeline:26 - Starting pipeline for UNVR.JK (1d)
2025-12-13 13:48:50.411 | INFO     | src.data_collection.stock_collector:fetch_history:49 - Fetching 730 days of history for UNVR.JK with interval 1d
2025-12-13 13:48:50.658 | WARNING  | src.data_collection.news_collector:fetch_news:18 - News API Key not set. Skipping news collection.
2025-12-13 13:48:50.845 | INFO     | src.data_collection.stock_collector:fetch_history:122 - Successfully updated 729 1d records for UNVR.JK
2025-12-13 13:48:51.081 | INFO     | src.models.lstm_model:train:40 - Training LSTM model with 1700 samples
2025-12-13 13:48:58.507 | INFO     | __main__:run_pipeline:101 - LSTM Results - MSE: 0.0006766416263163993, RMSE: 0.02601233604112478, MAE: 0.12364398894334545
2025-12-13 13:48:58.535 | INFO     | src.models.lstm_model:save:57 - Model saved to data/models/UNVR.JK_1d_lstm.h5
2025-12-13 13:48:58.690 | INFO     | __main__:run_pipeline:175 - Logged 426 historical predictions for UNVR.JK
2025-12-13 13:48:58.692 | INFO     | src.models.xgboost_model:train:18 - Training XGBoost model with 1700 samples
2025-12-13 13:48:59.622 | INFO     | __main__:run_pipeline:211 - XGBoost Results - MSE: 0.0004098994165301366, RMSE: 0.020245972847214248, MAE: 0.013476296154497946
2025-12-13 13:48:59.625 | INFO     | src.models.xgboost_model:save:28 - XGBoost model saved to data/models/UNVR.JK_1d_xgb.joblib
2025-12-13 13:48:59.633 | INFO     | __main__:<module>:250 - --- Training UNVR.JK [1h] ---
2025-12-13 13:48:59.634 | INFO     | __main__:run_pipeline:26 - Starting pipeline for UNVR.JK (1h)
2025-12-13 13:48:59.634 | INFO     | src.data_collection.stock_collector:fetch_history:49 - Fetching 730 days of history for UNVR.JK with interval 1h
2025-12-13 13:49:01.458 | INFO     | src.data_collection.stock_collector:fetch_history:122 - Successfully updated 4844 1h records for UNVR.JK
2025-12-13 13:49:02.079 | INFO     | src.models.lstm_model:train:40 - Training LSTM model with 8351 samples
2025-12-13 13:49:31.408 | INFO     | __main__:run_pipeline:101 - LSTM Results - MSE: 0.0001727168685150533, RMSE: 0.013142178986570427, MAE: 0.10816036520061786
2025-12-13 13:49:31.445 | INFO     | src.models.lstm_model:save:57 - Model saved to data/models/UNVR.JK_1h_lstm.h5
2025-12-13 13:49:32.154 | INFO     | __main__:run_pipeline:175 - Logged 2088 historical predictions for UNVR.JK
2025-12-13 13:49:32.163 | INFO     | src.models.xgboost_model:train:18 - Training XGBoost model with 8351 samples
2025-12-13 13:49:33.781 | INFO     | __main__:run_pipeline:211 - XGBoost Results - MSE: 8.128383321446331e-05, RMSE: 0.009015754722399192, MAE: 0.005440502092493038
2025-12-13 13:49:33.786 | INFO     | src.models.xgboost_model:save:28 - XGBoost model saved to data/models/UNVR.JK_1h_xgb.joblib
2025-12-13 13:49:33.813 | INFO     | __main__:<module>:250 - --- Training UNVR.JK [15m] ---
2025-12-13 13:49:33.815 | INFO     | __main__:run_pipeline:26 - Starting pipeline for UNVR.JK (15m)
2025-12-13 13:49:33.815 | INFO     | src.data_collection.stock_collector:fetch_history:49 - Fetching 730 days of history for UNVR.JK with interval 15m
2025-12-13 13:49:34.367 | INFO     | src.data_collection.stock_collector:fetch_history:122 - Successfully updated 1177 15m records for UNVR.JK
2025-12-13 13:49:34.701 | INFO     | src.models.lstm_model:train:40 - Training LSTM model with 2132 samples
2025-12-13 13:49:43.792 | INFO     | __main__:run_pipeline:101 - LSTM Results - MSE: 0.0007746920698658781, RMSE: 0.02783329067620065, MAE: 0.04793615793441488
2025-12-13 13:49:43.831 | INFO     | src.models.lstm_model:save:57 - Model saved to data/models/UNVR.JK_15m_lstm.h5
2025-12-13 13:49:44.039 | INFO     | __main__:run_pipeline:175 - Logged 534 historical predictions for UNVR.JK
2025-12-13 13:49:44.041 | INFO     | src.models.xgboost_model:train:18 - Training XGBoost model with 2132 samples
2025-12-13 13:49:46.046 | INFO     | __main__:run_pipeline:211 - XGBoost Results - MSE: 0.0011381082410847993, RMSE: 0.033735859868762784, MAE: 0.024863687227457867
2025-12-13 13:49:46.058 | INFO     | src.models.xgboost_model:save:28 - XGBoost model saved to data/models/UNVR.JK_15m_xgb.joblib
2025-12-13 13:49:46.089 | INFO     | __main__:<module>:256 - Cycle completed. Sleeping for 1 hour...
2025-12-13 13:52:38.512 | INFO     | src.training.trainer:run_pipeline:26 - Starting pipeline for BBCA.JK (1m)
2025-12-13 13:52:38.513 | INFO     | src.data_collection.stock_collector:fetch_history:49 - Fetching 730 days of history for BBCA.JK with interval 1m
2025-12-13 13:52:39.883 | INFO     | src.data_collection.stock_collector:fetch_history:122 - Successfully updated 2214 1m records for BBCA.JK
2025-12-13 13:52:40.077 | INFO     | src.models.lstm_model:train:40 - Training LSTM model with 1722 samples
2025-12-13 13:52:44.460 | INFO     | src.training.trainer:run_pipeline:26 - Starting pipeline for BBCA.JK (15m)
2025-12-13 13:52:44.461 | INFO     | src.data_collection.stock_collector:fetch_history:49 - Fetching 730 days of history for BBCA.JK with interval 15m
2025-12-13 13:52:45.784 | INFO     | src.data_collection.stock_collector:fetch_history:122 - Successfully updated 1177 15m records for BBCA.JK
2025-12-13 13:52:46.156 | INFO     | src.models.lstm_model:train:40 - Training LSTM model with 2132 samples
2025-12-13 13:52:49.751 | INFO     | src.training.trainer:run_pipeline:101 - LSTM Results - MSE: 0.0037584533368973053, RMSE: 0.06130622592279927, MAE: 0.08359125095870551
2025-12-13 13:52:49.810 | INFO     | src.models.lstm_model:save:57 - Model saved to data/models/BBCA.JK_1m_lstm.h5
2025-12-13 13:52:49.972 | INFO     | src.training.trainer:run_pipeline:175 - Logged 431 historical predictions for BBCA.JK
2025-12-13 13:52:49.980 | INFO     | src.models.xgboost_model:train:18 - Training XGBoost model with 1722 samples
2025-12-13 13:52:52.809 | INFO     | src.training.trainer:run_pipeline:211 - XGBoost Results - MSE: 0.03526621412797594, RMSE: 0.1877930087302931, MAE: 0.1697677814133616
2025-12-13 13:52:52.839 | INFO     | src.models.xgboost_model:save:28 - XGBoost model saved to data/models/BBCA.JK_1m_xgb.joblib
2025-12-13 13:52:57.796 | INFO     | src.training.trainer:run_pipeline:26 - Starting pipeline for BBCA.JK (1d)
2025-12-13 13:52:57.798 | INFO     | src.data_collection.stock_collector:fetch_history:49 - Fetching 730 days of history for BBCA.JK with interval 1d
2025-12-13 13:52:58.662 | WARNING  | src.data_collection.news_collector:fetch_news:18 - News API Key not set. Skipping news collection.
2025-12-13 13:52:58.883 | INFO     | src.data_collection.stock_collector:fetch_history:122 - Successfully updated 729 1d records for BBCA.JK
2025-12-13 13:52:59.282 | INFO     | src.models.lstm_model:train:40 - Training LSTM model with 1700 samples
2025-12-13 13:53:01.689 | INFO     | src.training.trainer:run_pipeline:101 - LSTM Results - MSE: 0.0011058196594979353, RMSE: 0.033253866835270984, MAE: 0.11362915793102701
2025-12-13 13:53:01.741 | INFO     | src.models.lstm_model:save:57 - Model saved to data/models/BBCA.JK_15m_lstm.h5
2025-12-13 13:53:02.155 | INFO     | src.training.trainer:run_pipeline:175 - Logged 534 historical predictions for BBCA.JK
2025-12-13 13:53:02.160 | INFO     | src.models.xgboost_model:train:18 - Training XGBoost model with 2132 samples
2025-12-13 13:53:03.468 | INFO     | src.training.trainer:run_pipeline:211 - XGBoost Results - MSE: 0.009616745249221343, RMSE: 0.09806500522215528, MAE: 0.06852191691549059
2025-12-13 13:53:03.474 | INFO     | src.models.xgboost_model:save:28 - XGBoost model saved to data/models/BBCA.JK_15m_xgb.joblib
2025-12-13 13:53:08.756 | INFO     | src.training.trainer:run_pipeline:101 - LSTM Results - MSE: 0.003937677377627816, RMSE: 0.06275091535290793, MAE: 0.17035436664851594
2025-12-13 13:53:08.785 | INFO     | src.models.lstm_model:save:57 - Model saved to data/models/BBCA.JK_1d_lstm.h5
2025-12-13 13:53:08.962 | INFO     | src.training.trainer:run_pipeline:175 - Logged 426 historical predictions for BBCA.JK
2025-12-13 13:53:08.964 | INFO     | src.models.xgboost_model:train:18 - Training XGBoost model with 1700 samples
2025-12-13 13:53:10.243 | INFO     | src.training.trainer:run_pipeline:211 - XGBoost Results - MSE: 0.0023122736840961683, RMSE: 0.048086106975884085, MAE: 0.03389468612881202
2025-12-13 13:53:10.247 | INFO     | src.models.xgboost_model:save:28 - XGBoost model saved to data/models/BBCA.JK_1d_xgb.joblib
2025-12-13 13:55:36.798 | INFO     | src.training.trainer:run_pipeline:26 - Starting pipeline for BBCA.JK (1m)
2025-12-13 13:55:36.800 | INFO     | src.data_collection.stock_collector:fetch_history:49 - Fetching 730 days of history for BBCA.JK with interval 1m
2025-12-13 13:55:38.030 | INFO     | src.data_collection.stock_collector:fetch_history:122 - Successfully updated 2214 1m records for BBCA.JK
2025-12-13 13:55:39.535 | INFO     | src.models.lstm_model:train:40 - Training LSTM model with 1722 samples
2025-12-13 13:55:47.607 | INFO     | src.training.trainer:run_pipeline:101 - LSTM Results - MSE: 0.002832882826924749, RMSE: 0.05322483280316387, MAE: 0.08275761130947012
2025-12-13 13:55:47.635 | INFO     | src.models.lstm_model:save:57 - Model saved to data/models/BBCA.JK_1m_lstm.h5
2025-12-13 13:55:47.787 | INFO     | src.training.trainer:run_pipeline:175 - Logged 431 historical predictions for BBCA.JK
2025-12-13 13:55:47.789 | INFO     | src.models.xgboost_model:train:18 - Training XGBoost model with 1722 samples
2025-12-13 13:55:48.655 | INFO     | src.training.trainer:run_pipeline:211 - XGBoost Results - MSE: 0.03526621412797594, RMSE: 0.1877930087302931, MAE: 0.1697677814133616
2025-12-13 13:55:48.658 | INFO     | src.models.xgboost_model:save:28 - XGBoost model saved to data/models/BBCA.JK_1m_xgb.joblib
2025-12-13 13:59:13.261 | INFO     | src.training.trainer:run_pipeline:26 - Starting pipeline for UNVR.JK (1m)
2025-12-13 13:59:13.262 | INFO     | src.data_collection.stock_collector:fetch_history:49 - Fetching 730 days of history for UNVR.JK with interval 1m
2025-12-13 13:59:14.677 | INFO     | src.data_collection.stock_collector:fetch_history:122 - Successfully updated 2199 1m records for UNVR.JK
2025-12-13 13:59:16.013 | INFO     | src.models.lstm_model:train:40 - Training LSTM model with 1710 samples
2025-12-13 13:59:19.105 | INFO     | src.training.trainer:run_pipeline:26 - Starting pipeline for UNVR.JK (15m)
2025-12-13 13:59:19.109 | INFO     | src.data_collection.stock_collector:fetch_history:49 - Fetching 730 days of history for UNVR.JK with interval 15m
2025-12-13 13:59:19.997 | INFO     | src.data_collection.stock_collector:fetch_history:122 - Successfully updated 1177 15m records for UNVR.JK
2025-12-13 13:59:22.785 | INFO     | src.models.lstm_model:train:40 - Training LSTM model with 2132 samples
2025-12-13 13:59:33.775 | INFO     | src.training.trainer:run_pipeline:101 - LSTM Results - MSE: 0.001142830873820472, RMSE: 0.033805781662616115, MAE: 0.058579704944980965
2025-12-13 13:59:33.841 | INFO     | src.models.lstm_model:save:57 - Model saved to data/models/UNVR.JK_1m_lstm.h5
2025-12-13 13:59:34.402 | INFO     | src.training.trainer:run_pipeline:175 - Logged 428 historical predictions for UNVR.JK
2025-12-13 13:59:34.410 | INFO     | src.models.xgboost_model:train:18 - Training XGBoost model with 1710 samples
2025-12-13 13:59:36.930 | INFO     | src.training.trainer:run_pipeline:211 - XGBoost Results - MSE: 0.001759977464630752, RMSE: 0.0419520853430524, MAE: 0.031966127128149634
2025-12-13 13:59:36.943 | INFO     | src.models.xgboost_model:save:28 - XGBoost model saved to data/models/UNVR.JK_1m_xgb.joblib
2025-12-13 13:59:40.693 | INFO     | src.training.trainer:run_pipeline:101 - LSTM Results - MSE: 0.0007249001097256831, RMSE: 0.0269239690559487, MAE: 0.04629422393491074
2025-12-13 13:59:40.717 | INFO     | src.models.lstm_model:save:57 - Model saved to data/models/UNVR.JK_15m_lstm.h5
2025-12-13 13:59:40.899 | INFO     | src.training.trainer:run_pipeline:175 - Logged 534 historical predictions for UNVR.JK
2025-12-13 13:59:40.904 | INFO     | src.models.xgboost_model:train:18 - Training XGBoost model with 2132 samples
2025-12-13 13:59:42.125 | INFO     | src.training.trainer:run_pipeline:211 - XGBoost Results - MSE: 0.0011381082410847993, RMSE: 0.033735859868762784, MAE: 0.024863687227457867
2025-12-13 13:59:42.135 | INFO     | src.models.xgboost_model:save:28 - XGBoost model saved to data/models/UNVR.JK_15m_xgb.joblib
2025-12-13 14:00:30.681 | INFO     | __main__:<module>:287 - Starting Continuous Model Trainer...
2025-12-13 14:00:30.684 | INFO     | __main__:<module>:294 - --- Training BBCA.JK [1d] ---
2025-12-13 14:00:30.686 | INFO     | __main__:run_pipeline:26 - Starting pipeline for BBCA.JK (1d)
2025-12-13 14:00:30.687 | INFO     | src.data_collection.stock_collector:fetch_history:49 - Fetching 730 days of history for BBCA.JK with interval 1d
2025-12-13 14:00:32.313 | WARNING  | src.data_collection.news_collector:fetch_news:18 - News API Key not set. Skipping news collection.
2025-12-13 14:00:32.499 | INFO     | src.data_collection.stock_collector:fetch_history:122 - Successfully updated 729 1d records for BBCA.JK
2025-12-13 14:00:33.423 | INFO     | src.models.lstm_model:train:40 - Training LSTM model with 1541 samples
2025-12-13 14:00:40.696 | INFO     | __main__:run_pipeline:145 - LSTM Results - MSE: 0.002896031210205922, RMSE: 0.05381478616705563, MAE: 0.1328222053775018
2025-12-13 14:00:40.736 | INFO     | src.models.lstm_model:save:57 - Model saved to data/models/BBCA.JK_1d_lstm.h5
2025-12-13 14:00:40.869 | INFO     | __main__:run_pipeline:219 - Logged 386 historical predictions for BBCA.JK
2025-12-13 14:00:40.870 | INFO     | src.models.xgboost_model:train:18 - Training XGBoost model with 1541 samples
2025-12-13 14:00:43.017 | INFO     | __main__:run_pipeline:255 - XGBoost Results - MSE: 0.011954048997025513, RMSE: 0.10933457365822356, MAE: 0.06967979633438882
2025-12-13 14:00:43.026 | INFO     | src.models.xgboost_model:save:28 - XGBoost model saved to data/models/BBCA.JK_1d_xgb.joblib
2025-12-13 14:00:43.047 | INFO     | __main__:<module>:294 - --- Training BBCA.JK [1h] ---
2025-12-13 14:00:43.049 | INFO     | __main__:run_pipeline:26 - Starting pipeline for BBCA.JK (1h)
2025-12-13 14:00:43.049 | INFO     | src.data_collection.stock_collector:fetch_history:49 - Fetching 730 days of history for BBCA.JK with interval 1h
2025-12-13 14:00:44.611 | INFO     | src.data_collection.stock_collector:fetch_history:122 - Successfully updated 4852 1h records for BBCA.JK
2025-12-13 14:00:45.133 | INFO     | src.models.lstm_model:train:40 - Training LSTM model with 8198 samples
2025-12-13 14:00:46.804 | INFO     | src.training.trainer:run_pipeline:26 - Starting pipeline for BBCA.JK (1d)
2025-12-13 14:00:46.807 | INFO     | src.data_collection.stock_collector:fetch_history:49 - Fetching 730 days of history for BBCA.JK with interval 1d
2025-12-13 14:00:48.319 | WARNING  | src.data_collection.news_collector:fetch_news:18 - News API Key not set. Skipping news collection.
2025-12-13 14:00:48.592 | INFO     | src.data_collection.stock_collector:fetch_history:122 - Successfully updated 729 1d records for BBCA.JK
2025-12-13 14:00:49.131 | INFO     | src.models.lstm_model:train:40 - Training LSTM model with 1541 samples
2025-12-13 14:00:59.797 | INFO     | src.training.trainer:run_pipeline:145 - LSTM Results - MSE: 0.0029312717074659496, RMSE: 0.054141220040427145, MAE: 0.13662641062781467
2025-12-13 14:00:59.857 | INFO     | src.models.lstm_model:save:57 - Model saved to data/models/BBCA.JK_1d_lstm.h5
2025-12-13 14:01:00.035 | INFO     | src.training.trainer:run_pipeline:219 - Logged 386 historical predictions for BBCA.JK
2025-12-13 14:01:00.042 | INFO     | src.models.xgboost_model:train:18 - Training XGBoost model with 1541 samples
2025-12-13 14:01:03.208 | INFO     | src.training.trainer:run_pipeline:255 - XGBoost Results - MSE: 0.01136289041149708, RMSE: 0.10659685929471412, MAE: 0.06866421769327288
2025-12-13 14:01:03.214 | INFO     | src.models.xgboost_model:save:28 - XGBoost model saved to data/models/BBCA.JK_1d_xgb.joblib
2025-12-13 14:01:16.155 | INFO     | __main__:run_pipeline:145 - LSTM Results - MSE: 0.0005591037195499126, RMSE: 0.023645374168109766, MAE: 0.14869232297855056
2025-12-13 14:01:16.244 | INFO     | src.models.lstm_model:save:57 - Model saved to data/models/BBCA.JK_1h_lstm.h5
2025-12-13 14:01:17.033 | INFO     | __main__:run_pipeline:219 - Logged 2050 historical predictions for BBCA.JK
2025-12-13 14:01:17.040 | INFO     | src.models.xgboost_model:train:18 - Training XGBoost model with 8198 samples
2025-12-13 14:01:20.033 | INFO     | __main__:run_pipeline:255 - XGBoost Results - MSE: 0.0030279373330770734, RMSE: 0.05502669654883049, MAE: 0.028205396500990094
2025-12-13 14:01:20.038 | INFO     | src.models.xgboost_model:save:28 - XGBoost model saved to data/models/BBCA.JK_1h_xgb.joblib
2025-12-13 14:01:20.083 | INFO     | __main__:<module>:294 - --- Training BBCA.JK [15m] ---
2025-12-13 14:01:20.086 | INFO     | __main__:run_pipeline:26 - Starting pipeline for BBCA.JK (15m)
2025-12-13 14:01:20.087 | INFO     | src.data_collection.stock_collector:fetch_history:49 - Fetching 730 days of history for BBCA.JK with interval 15m
2025-12-13 14:01:20.764 | INFO     | src.data_collection.stock_collector:fetch_history:122 - Successfully updated 1177 15m records for BBCA.JK
2025-12-13 14:01:21.092 | INFO     | src.models.lstm_model:train:40 - Training LSTM model with 1973 samples
2025-12-13 14:01:29.251 | INFO     | __main__:run_pipeline:145 - LSTM Results - MSE: 0.0008966198575106397, RMSE: 0.02994361129708038, MAE: 0.1112025510126316
2025-12-13 14:01:29.279 | INFO     | src.models.lstm_model:save:57 - Model saved to data/models/BBCA.JK_15m_lstm.h5
2025-12-13 14:01:29.470 | INFO     | __main__:run_pipeline:219 - Logged 494 historical predictions for BBCA.JK
2025-12-13 14:01:29.472 | INFO     | src.models.xgboost_model:train:18 - Training XGBoost model with 1973 samples
2025-12-13 14:01:30.825 | INFO     | __main__:run_pipeline:255 - XGBoost Results - MSE: 0.012372851016162938, RMSE: 0.11123331792301683, MAE: 0.07928692469557268
2025-12-13 14:01:30.832 | INFO     | src.models.xgboost_model:save:28 - XGBoost model saved to data/models/BBCA.JK_15m_xgb.joblib
2025-12-13 14:01:30.856 | INFO     | __main__:<module>:294 - --- Training BBRI.JK [1d] ---
2025-12-13 14:01:30.857 | INFO     | __main__:run_pipeline:26 - Starting pipeline for BBRI.JK (1d)
2025-12-13 14:01:30.857 | INFO     | src.data_collection.stock_collector:fetch_history:49 - Fetching 730 days of history for BBRI.JK with interval 1d
2025-12-13 14:01:31.137 | WARNING  | src.data_collection.news_collector:fetch_news:18 - News API Key not set. Skipping news collection.
2025-12-13 14:01:31.406 | INFO     | src.data_collection.stock_collector:fetch_history:122 - Successfully updated 729 1d records for BBRI.JK
2025-12-13 14:01:32.654 | INFO     | src.models.lstm_model:train:40 - Training LSTM model with 1541 samples
2025-12-13 14:01:40.204 | INFO     | __main__:run_pipeline:145 - LSTM Results - MSE: 0.0009752028212965365, RMSE: 0.031228237563086018, MAE: 0.0735123185908857
2025-12-13 14:01:40.237 | INFO     | src.models.lstm_model:save:57 - Model saved to data/models/BBRI.JK_1d_lstm.h5
2025-12-13 14:01:40.396 | INFO     | __main__:run_pipeline:219 - Logged 386 historical predictions for BBRI.JK
2025-12-13 14:01:40.400 | INFO     | src.models.xgboost_model:train:18 - Training XGBoost model with 1541 samples
2025-12-13 14:01:42.173 | INFO     | __main__:run_pipeline:255 - XGBoost Results - MSE: 0.0010305333430369577, RMSE: 0.03210192117361448, MAE: 0.024416760575173665
2025-12-13 14:01:42.178 | INFO     | src.models.xgboost_model:save:28 - XGBoost model saved to data/models/BBRI.JK_1d_xgb.joblib
2025-12-13 14:01:42.186 | INFO     | __main__:<module>:294 - --- Training BBRI.JK [1h] ---
2025-12-13 14:01:42.187 | INFO     | __main__:run_pipeline:26 - Starting pipeline for BBRI.JK (1h)
2025-12-13 14:01:42.187 | INFO     | src.data_collection.stock_collector:fetch_history:49 - Fetching 730 days of history for BBRI.JK with interval 1h
2025-12-13 14:01:43.906 | INFO     | src.data_collection.stock_collector:fetch_history:122 - Successfully updated 4853 1h records for BBRI.JK
2025-12-13 14:01:44.517 | INFO     | src.models.lstm_model:train:40 - Training LSTM model with 8199 samples
2025-12-13 14:02:11.876 | INFO     | __main__:run_pipeline:145 - LSTM Results - MSE: 0.00031020544438786237, RMSE: 0.017612650123926904, MAE: 0.07305028926844757
2025-12-13 14:02:11.902 | INFO     | src.models.lstm_model:save:57 - Model saved to data/models/BBRI.JK_1h_lstm.h5
2025-12-13 14:02:12.811 | INFO     | __main__:run_pipeline:219 - Logged 2050 historical predictions for BBRI.JK
2025-12-13 14:02:12.814 | INFO     | src.models.xgboost_model:train:18 - Training XGBoost model with 8199 samples
2025-12-13 14:02:15.872 | INFO     | __main__:run_pipeline:255 - XGBoost Results - MSE: 0.00014171410099502713, RMSE: 0.011904373187825855, MAE: 0.008242200517378978
2025-12-13 14:02:15.878 | INFO     | src.models.xgboost_model:save:28 - XGBoost model saved to data/models/BBRI.JK_1h_xgb.joblib
2025-12-13 14:02:15.899 | INFO     | __main__:<module>:294 - --- Training BBRI.JK [15m] ---
2025-12-13 14:02:15.900 | INFO     | __main__:run_pipeline:26 - Starting pipeline for BBRI.JK (15m)
2025-12-13 14:02:15.900 | INFO     | src.data_collection.stock_collector:fetch_history:49 - Fetching 730 days of history for BBRI.JK with interval 15m
2025-12-13 14:02:16.459 | INFO     | src.data_collection.stock_collector:fetch_history:122 - Successfully updated 1177 15m records for BBRI.JK
2025-12-13 14:02:16.783 | INFO     | src.models.lstm_model:train:40 - Training LSTM model with 1973 samples
2025-12-13 14:02:24.498 | INFO     | __main__:run_pipeline:145 - LSTM Results - MSE: 0.0010487505981360736, RMSE: 0.03238441906435985, MAE: 0.05054680938923033
2025-12-13 14:02:24.521 | INFO     | src.models.lstm_model:save:57 - Model saved to data/models/BBRI.JK_15m_lstm.h5
2025-12-13 14:02:24.724 | INFO     | __main__:run_pipeline:219 - Logged 494 historical predictions for BBRI.JK
2025-12-13 14:02:24.725 | INFO     | src.models.xgboost_model:train:18 - Training XGBoost model with 1973 samples
2025-12-13 14:02:26.331 | INFO     | __main__:run_pipeline:255 - XGBoost Results - MSE: 0.0013042470498611722, RMSE: 0.03611436071511127, MAE: 0.025674078557536905
2025-12-13 14:02:26.336 | INFO     | src.models.xgboost_model:save:28 - XGBoost model saved to data/models/BBRI.JK_15m_xgb.joblib
2025-12-13 14:02:26.353 | INFO     | __main__:<module>:294 - --- Training TLKM.JK [1d] ---
2025-12-13 14:02:26.354 | INFO     | __main__:run_pipeline:26 - Starting pipeline for TLKM.JK (1d)
2025-12-13 14:02:26.354 | INFO     | src.data_collection.stock_collector:fetch_history:49 - Fetching 730 days of history for TLKM.JK with interval 1d
2025-12-13 14:02:26.637 | WARNING  | src.data_collection.news_collector:fetch_news:18 - News API Key not set. Skipping news collection.
2025-12-13 14:02:26.842 | INFO     | src.data_collection.stock_collector:fetch_history:122 - Successfully updated 729 1d records for TLKM.JK
2025-12-13 14:02:27.150 | INFO     | src.models.lstm_model:train:40 - Training LSTM model with 1541 samples
2025-12-13 14:02:33.488 | INFO     | __main__:run_pipeline:145 - LSTM Results - MSE: 0.0038400362903732513, RMSE: 0.06196802635531691, MAE: 0.21629917695049336
2025-12-13 14:02:33.517 | INFO     | src.models.lstm_model:save:57 - Model saved to data/models/TLKM.JK_1d_lstm.h5
2025-12-13 14:02:33.670 | INFO     | __main__:run_pipeline:219 - Logged 386 historical predictions for TLKM.JK
2025-12-13 14:02:33.671 | INFO     | src.models.xgboost_model:train:18 - Training XGBoost model with 1541 samples
2025-12-13 14:02:35.522 | INFO     | __main__:run_pipeline:255 - XGBoost Results - MSE: 0.0038693380772051454, RMSE: 0.06220400370719834, MAE: 0.03981191640104012
2025-12-13 14:02:35.527 | INFO     | src.models.xgboost_model:save:28 - XGBoost model saved to data/models/TLKM.JK_1d_xgb.joblib
2025-12-13 14:02:35.537 | INFO     | __main__:<module>:294 - --- Training TLKM.JK [1h] ---
2025-12-13 14:02:35.538 | INFO     | __main__:run_pipeline:26 - Starting pipeline for TLKM.JK (1h)
2025-12-13 14:02:35.538 | INFO     | src.data_collection.stock_collector:fetch_history:49 - Fetching 730 days of history for TLKM.JK with interval 1h
2025-12-13 14:02:37.094 | INFO     | src.data_collection.stock_collector:fetch_history:122 - Successfully updated 4846 1h records for TLKM.JK
2025-12-13 14:02:37.560 | INFO     | src.models.lstm_model:train:40 - Training LSTM model with 8193 samples
2025-12-13 14:03:03.193 | INFO     | __main__:run_pipeline:145 - LSTM Results - MSE: 0.0004031068864122419, RMSE: 0.020077521919107496, MAE: 0.16688944867821562
2025-12-13 14:03:03.222 | INFO     | src.models.lstm_model:save:57 - Model saved to data/models/TLKM.JK_1h_lstm.h5
2025-12-13 14:03:03.960 | INFO     | __main__:run_pipeline:219 - Logged 2049 historical predictions for TLKM.JK
2025-12-13 14:03:03.962 | INFO     | src.models.xgboost_model:train:18 - Training XGBoost model with 8193 samples
2025-12-13 14:03:06.203 | INFO     | __main__:run_pipeline:255 - XGBoost Results - MSE: 0.0003879782023540807, RMSE: 0.01969716229191608, MAE: 0.012709083826337241
2025-12-13 14:03:06.206 | INFO     | src.models.xgboost_model:save:28 - XGBoost model saved to data/models/TLKM.JK_1h_xgb.joblib
2025-12-13 14:03:06.222 | INFO     | __main__:<module>:294 - --- Training TLKM.JK [15m] ---
2025-12-13 14:03:06.224 | INFO     | __main__:run_pipeline:26 - Starting pipeline for TLKM.JK (15m)
2025-12-13 14:03:06.224 | INFO     | src.data_collection.stock_collector:fetch_history:49 - Fetching 730 days of history for TLKM.JK with interval 15m
2025-12-13 14:03:06.756 | INFO     | src.data_collection.stock_collector:fetch_history:122 - Successfully updated 1177 15m records for TLKM.JK
2025-12-13 14:03:06.996 | INFO     | src.models.lstm_model:train:40 - Training LSTM model with 1973 samples
2025-12-13 14:03:14.088 | INFO     | __main__:run_pipeline:145 - LSTM Results - MSE: 0.0008415508037282842, RMSE: 0.029009495061587752, MAE: 0.04648030868136665
2025-12-13 14:03:14.114 | INFO     | src.models.lstm_model:save:57 - Model saved to data/models/TLKM.JK_15m_lstm.h5
2025-12-13 14:03:14.303 | INFO     | __main__:run_pipeline:219 - Logged 494 historical predictions for TLKM.JK
2025-12-13 14:03:14.307 | INFO     | src.models.xgboost_model:train:18 - Training XGBoost model with 1973 samples
2025-12-13 14:03:15.803 | INFO     | __main__:run_pipeline:255 - XGBoost Results - MSE: 0.0007137285763144904, RMSE: 0.026715699060935884, MAE: 0.01899823673961481
2025-12-13 14:03:15.807 | INFO     | src.models.xgboost_model:save:28 - XGBoost model saved to data/models/TLKM.JK_15m_xgb.joblib
2025-12-13 14:03:15.818 | INFO     | __main__:<module>:294 - --- Training ASII.JK [1d] ---
2025-12-13 14:03:15.819 | INFO     | __main__:run_pipeline:26 - Starting pipeline for ASII.JK (1d)
2025-12-13 14:03:15.819 | INFO     | src.data_collection.stock_collector:fetch_history:49 - Fetching 730 days of history for ASII.JK with interval 1d
2025-12-13 14:03:16.059 | WARNING  | src.data_collection.news_collector:fetch_news:18 - News API Key not set. Skipping news collection.
2025-12-13 14:03:16.239 | INFO     | src.data_collection.stock_collector:fetch_history:122 - Successfully updated 729 1d records for ASII.JK
2025-12-13 14:03:16.474 | INFO     | src.models.lstm_model:train:40 - Training LSTM model with 1541 samples
2025-12-13 14:03:22.253 | INFO     | __main__:run_pipeline:145 - LSTM Results - MSE: 0.0023310791111065296, RMSE: 0.048281250098837845, MAE: 0.28721604978485515
2025-12-13 14:03:22.282 | INFO     | src.models.lstm_model:save:57 - Model saved to data/models/ASII.JK_1d_lstm.h5
2025-12-13 14:03:22.435 | INFO     | __main__:run_pipeline:219 - Logged 386 historical predictions for ASII.JK
2025-12-13 14:03:22.437 | INFO     | src.models.xgboost_model:train:18 - Training XGBoost model with 1541 samples
2025-12-13 14:03:24.372 | INFO     | __main__:run_pipeline:255 - XGBoost Results - MSE: 0.034515855071185673, RMSE: 0.18578443172447381, MAE: 0.11965893958622305
2025-12-13 14:03:24.378 | INFO     | src.models.xgboost_model:save:28 - XGBoost model saved to data/models/ASII.JK_1d_xgb.joblib
2025-12-13 14:03:24.395 | INFO     | __main__:<module>:294 - --- Training ASII.JK [1h] ---
2025-12-13 14:03:24.396 | INFO     | __main__:run_pipeline:26 - Starting pipeline for ASII.JK (1h)
2025-12-13 14:03:24.396 | INFO     | src.data_collection.stock_collector:fetch_history:49 - Fetching 730 days of history for ASII.JK with interval 1h
2025-12-13 14:03:26.654 | INFO     | src.data_collection.stock_collector:fetch_history:122 - Successfully updated 4843 1h records for ASII.JK
2025-12-13 14:03:28.724 | INFO     | src.models.lstm_model:train:40 - Training LSTM model with 8191 samples
2025-12-13 14:03:58.895 | INFO     | __main__:run_pipeline:145 - LSTM Results - MSE: 0.0005920459432335569, RMSE: 0.02433199423050969, MAE: 0.3122290002884685
2025-12-13 14:03:58.936 | INFO     | src.models.lstm_model:save:57 - Model saved to data/models/ASII.JK_1h_lstm.h5
2025-12-13 14:03:59.621 | INFO     | __main__:run_pipeline:219 - Logged 2048 historical predictions for ASII.JK
2025-12-13 14:03:59.622 | INFO     | src.models.xgboost_model:train:18 - Training XGBoost model with 8191 samples
2025-12-13 14:04:01.782 | INFO     | __main__:run_pipeline:255 - XGBoost Results - MSE: 0.0003960676638277816, RMSE: 0.019901448787155714, MAE: 0.013383712006317982
2025-12-13 14:04:01.786 | INFO     | src.models.xgboost_model:save:28 - XGBoost model saved to data/models/ASII.JK_1h_xgb.joblib
2025-12-13 14:04:01.802 | INFO     | __main__:<module>:294 - --- Training ASII.JK [15m] ---
2025-12-13 14:04:01.803 | INFO     | __main__:run_pipeline:26 - Starting pipeline for ASII.JK (15m)
2025-12-13 14:04:01.803 | INFO     | src.data_collection.stock_collector:fetch_history:49 - Fetching 730 days of history for ASII.JK with interval 15m
2025-12-13 14:04:02.373 | INFO     | src.data_collection.stock_collector:fetch_history:122 - Successfully updated 1177 15m records for ASII.JK
2025-12-13 14:04:02.664 | INFO     | src.models.lstm_model:train:40 - Training LSTM model with 1973 samples
2025-12-13 14:04:09.903 | INFO     | __main__:run_pipeline:145 - LSTM Results - MSE: 0.0025998314575667726, RMSE: 0.05098854241461284, MAE: 0.09268114761561502
2025-12-13 14:04:09.932 | INFO     | src.models.lstm_model:save:57 - Model saved to data/models/ASII.JK_15m_lstm.h5
2025-12-13 14:04:10.123 | INFO     | __main__:run_pipeline:219 - Logged 494 historical predictions for ASII.JK
2025-12-13 14:04:10.125 | INFO     | src.models.xgboost_model:train:18 - Training XGBoost model with 1973 samples
2025-12-13 14:04:11.669 | INFO     | __main__:run_pipeline:255 - XGBoost Results - MSE: 0.02474549247015861, RMSE: 0.15730700070295223, MAE: 0.11937202439049267
2025-12-13 14:04:11.672 | INFO     | src.models.xgboost_model:save:28 - XGBoost model saved to data/models/ASII.JK_15m_xgb.joblib
2025-12-13 14:04:11.689 | INFO     | __main__:<module>:294 - --- Training UNVR.JK [1d] ---
2025-12-13 14:04:11.690 | INFO     | __main__:run_pipeline:26 - Starting pipeline for UNVR.JK (1d)
2025-12-13 14:04:11.690 | INFO     | src.data_collection.stock_collector:fetch_history:49 - Fetching 730 days of history for UNVR.JK with interval 1d
2025-12-13 14:04:11.964 | WARNING  | src.data_collection.news_collector:fetch_news:18 - News API Key not set. Skipping news collection.
2025-12-13 14:04:12.158 | INFO     | src.data_collection.stock_collector:fetch_history:122 - Successfully updated 729 1d records for UNVR.JK
2025-12-13 14:04:12.448 | INFO     | src.models.lstm_model:train:40 - Training LSTM model with 1541 samples
2025-12-13 14:04:19.475 | INFO     | __main__:run_pipeline:145 - LSTM Results - MSE: 0.0013545887288294346, RMSE: 0.03680473785845288, MAE: 0.14312360393468546
2025-12-13 14:04:19.511 | INFO     | src.models.lstm_model:save:57 - Model saved to data/models/UNVR.JK_1d_lstm.h5
2025-12-13 14:04:19.672 | INFO     | __main__:run_pipeline:219 - Logged 386 historical predictions for UNVR.JK
2025-12-13 14:04:19.675 | INFO     | src.models.xgboost_model:train:18 - Training XGBoost model with 1541 samples
2025-12-13 14:04:21.327 | INFO     | __main__:run_pipeline:255 - XGBoost Results - MSE: 0.0005786918000376573, RMSE: 0.024056013801909436, MAE: 0.016574441485835815
2025-12-13 14:04:21.330 | INFO     | src.models.xgboost_model:save:28 - XGBoost model saved to data/models/UNVR.JK_1d_xgb.joblib
2025-12-13 14:04:21.343 | INFO     | __main__:<module>:294 - --- Training UNVR.JK [1h] ---
2025-12-13 14:04:21.344 | INFO     | __main__:run_pipeline:26 - Starting pipeline for UNVR.JK (1h)
2025-12-13 14:04:21.344 | INFO     | src.data_collection.stock_collector:fetch_history:49 - Fetching 730 days of history for UNVR.JK with interval 1h
2025-12-13 14:04:22.931 | INFO     | src.data_collection.stock_collector:fetch_history:122 - Successfully updated 4844 1h records for UNVR.JK
2025-12-13 14:04:24.453 | INFO     | src.models.lstm_model:train:40 - Training LSTM model with 8192 samples
2025-12-13 14:04:47.783 | INFO     | __main__:run_pipeline:145 - LSTM Results - MSE: 0.00034387339376179847, RMSE: 0.018543823601452816, MAE: 0.11060229359971394
2025-12-13 14:04:47.818 | INFO     | src.models.lstm_model:save:57 - Model saved to data/models/UNVR.JK_1h_lstm.h5
2025-12-13 14:04:48.515 | INFO     | __main__:run_pipeline:219 - Logged 2048 historical predictions for UNVR.JK
2025-12-13 14:04:48.516 | INFO     | src.models.xgboost_model:train:18 - Training XGBoost model with 8192 samples
2025-12-13 14:04:50.979 | INFO     | __main__:run_pipeline:255 - XGBoost Results - MSE: 7.741228528791087e-05, RMSE: 0.00879842515953343, MAE: 0.005179221981154809
2025-12-13 14:04:50.982 | INFO     | src.models.xgboost_model:save:28 - XGBoost model saved to data/models/UNVR.JK_1h_xgb.joblib
2025-12-13 14:04:51.006 | INFO     | __main__:<module>:294 - --- Training UNVR.JK [15m] ---
2025-12-13 14:04:51.008 | INFO     | __main__:run_pipeline:26 - Starting pipeline for UNVR.JK (15m)
2025-12-13 14:04:51.008 | INFO     | src.data_collection.stock_collector:fetch_history:49 - Fetching 730 days of history for UNVR.JK with interval 15m
2025-12-13 14:04:51.633 | INFO     | src.data_collection.stock_collector:fetch_history:122 - Successfully updated 1177 15m records for UNVR.JK
2025-12-13 14:04:51.938 | INFO     | src.models.lstm_model:train:40 - Training LSTM model with 1973 samples
2025-12-13 14:04:59.408 | INFO     | __main__:run_pipeline:145 - LSTM Results - MSE: 0.0030859862603698127, RMSE: 0.055551653984105755, MAE: 0.06101764714842029
2025-12-13 14:04:59.441 | INFO     | src.models.lstm_model:save:57 - Model saved to data/models/UNVR.JK_15m_lstm.h5
2025-12-13 14:04:59.629 | INFO     | __main__:run_pipeline:219 - Logged 494 historical predictions for UNVR.JK
2025-12-13 14:04:59.642 | INFO     | src.models.xgboost_model:train:18 - Training XGBoost model with 1973 samples
2025-12-13 14:05:01.278 | INFO     | __main__:run_pipeline:255 - XGBoost Results - MSE: 0.0011358768931670224, RMSE: 0.03370277278158316, MAE: 0.026084962045664295
2025-12-13 14:05:01.282 | INFO     | src.models.xgboost_model:save:28 - XGBoost model saved to data/models/UNVR.JK_15m_xgb.joblib
2025-12-13 14:05:01.294 | INFO     | __main__:<module>:300 - Cycle completed. Sleeping for 1 hour...
2025-12-13 14:05:21.977 | ERROR    | src.api.main:predict:147 - Prediction error: in user code:

    File "/usr/local/lib/python3.10/site-packages/keras/src/engine/training.py", line 2440, in predict_function  *
        return step_function(self, iterator)
    File "/usr/local/lib/python3.10/site-packages/keras/src/engine/training.py", line 2425, in step_function  **
        outputs = model.distribute_strategy.run(run_step, args=(data,))
    File "/usr/local/lib/python3.10/site-packages/keras/src/engine/training.py", line 2413, in run_step  **
        outputs = model.predict_step(data)
    File "/usr/local/lib/python3.10/site-packages/keras/src/engine/training.py", line 2381, in predict_step
        return self(x, training=False)
    File "/usr/local/lib/python3.10/site-packages/keras/src/utils/traceback_utils.py", line 70, in error_handler
        raise e.with_traceback(filtered_tb) from None
    File "/usr/local/lib/python3.10/site-packages/keras/src/engine/input_spec.py", line 298, in assert_input_compatibility
        raise ValueError(

    ValueError: Input 0 of layer "sequential" is incompatible with the layer: expected shape=(None, 60, 11), found shape=(None, 60, 5)

2025-12-13 14:05:24.384 | ERROR    | src.api.main:predict:147 - Prediction error: in user code:

    File "/usr/local/lib/python3.10/site-packages/keras/src/engine/training.py", line 2440, in predict_function  *
        return step_function(self, iterator)
    File "/usr/local/lib/python3.10/site-packages/keras/src/engine/training.py", line 2425, in step_function  **
        outputs = model.distribute_strategy.run(run_step, args=(data,))
    File "/usr/local/lib/python3.10/site-packages/keras/src/engine/training.py", line 2413, in run_step  **
        outputs = model.predict_step(data)
    File "/usr/local/lib/python3.10/site-packages/keras/src/engine/training.py", line 2381, in predict_step
        return self(x, training=False)
    File "/usr/local/lib/python3.10/site-packages/keras/src/utils/traceback_utils.py", line 70, in error_handler
        raise e.with_traceback(filtered_tb) from None
    File "/usr/local/lib/python3.10/site-packages/keras/src/engine/input_spec.py", line 298, in assert_input_compatibility
        raise ValueError(

    ValueError: Input 0 of layer "sequential" is incompatible with the layer: expected shape=(None, 60, 11), found shape=(None, 60, 5)

2025-12-13 14:06:52.546 | INFO     | src.training.trainer:run_pipeline:26 - Starting pipeline for BBCA.JK (1d)
2025-12-13 14:06:52.562 | INFO     | src.data_collection.stock_collector:fetch_history:49 - Fetching 730 days of history for BBCA.JK with interval 1d
2025-12-13 14:06:53.776 | WARNING  | src.data_collection.news_collector:fetch_news:18 - News API Key not set. Skipping news collection.
2025-12-13 14:06:54.002 | INFO     | src.data_collection.stock_collector:fetch_history:122 - Successfully updated 729 1d records for BBCA.JK
2025-12-13 14:06:54.606 | INFO     | src.models.lstm_model:train:40 - Training LSTM model with 1541 samples
2025-12-13 14:06:55.386 | INFO     | __main__:<module>:287 - Starting Continuous Model Trainer...
2025-12-13 14:06:55.387 | INFO     | __main__:<module>:294 - --- Training BBCA.JK [1d] ---
2025-12-13 14:06:55.388 | INFO     | __main__:run_pipeline:26 - Starting pipeline for BBCA.JK (1d)
2025-12-13 14:06:55.388 | INFO     | src.data_collection.stock_collector:fetch_history:49 - Fetching 730 days of history for BBCA.JK with interval 1d
2025-12-13 14:06:57.590 | INFO     | src.data_collection.news_collector:fetch_news:21 - Fetching news for BBCA.JK Indonesia Stock
2025-12-13 14:06:58.410 | INFO     | src.data_collection.news_collector:fetch_news:28 - Found 0 articles
2025-12-13 14:06:58.426 | INFO     | src.data_collection.news_collector:fetch_news:66 - Saved 0 new articles
2025-12-13 14:06:58.704 | INFO     | src.data_collection.stock_collector:fetch_history:122 - Successfully updated 729 1d records for BBCA.JK
2025-12-13 14:07:00.579 | INFO     | src.models.lstm_model:train:40 - Training LSTM model with 1541 samples
2025-12-13 14:07:04.537 | INFO     | src.training.trainer:run_pipeline:145 - LSTM Results - MSE: 0.002942317291280548, RMSE: 0.05424313128203928, MAE: 0.13823968922426766
2025-12-13 14:07:04.670 | INFO     | src.models.lstm_model:save:57 - Model saved to data/models/BBCA.JK_1d_lstm.h5
2025-12-13 14:07:05.129 | INFO     | src.training.trainer:run_pipeline:219 - Logged 386 historical predictions for BBCA.JK
2025-12-13 14:07:05.143 | INFO     | src.models.xgboost_model:train:18 - Training XGBoost model with 1541 samples
2025-12-13 14:07:05.594 | ERROR    | src.api.main:predict:147 - Prediction error: in user code:

    File "/usr/local/lib/python3.10/site-packages/keras/src/engine/training.py", line 2440, in predict_function  *
        return step_function(self, iterator)
    File "/usr/local/lib/python3.10/site-packages/keras/src/engine/training.py", line 2425, in step_function  **
        outputs = model.distribute_strategy.run(run_step, args=(data,))
    File "/usr/local/lib/python3.10/site-packages/keras/src/engine/training.py", line 2413, in run_step  **
        outputs = model.predict_step(data)
    File "/usr/local/lib/python3.10/site-packages/keras/src/engine/training.py", line 2381, in predict_step
        return self(x, training=False)
    File "/usr/local/lib/python3.10/site-packages/keras/src/utils/traceback_utils.py", line 70, in error_handler
        raise e.with_traceback(filtered_tb) from None
    File "/usr/local/lib/python3.10/site-packages/keras/src/engine/input_spec.py", line 298, in assert_input_compatibility
        raise ValueError(

    ValueError: Input 0 of layer "sequential_1" is incompatible with the layer: expected shape=(None, 60, 11), found shape=(None, 60, 5)

2025-12-13 14:07:08.440 | INFO     | src.training.trainer:run_pipeline:255 - XGBoost Results - MSE: 0.01181093118355822, RMSE: 0.10867810811547199, MAE: 0.06948878280293773
2025-12-13 14:07:08.456 | INFO     | src.models.xgboost_model:save:28 - XGBoost model saved to data/models/BBCA.JK_1d_xgb.joblib
2025-12-13 14:07:09.989 | INFO     | __main__:run_pipeline:145 - LSTM Results - MSE: 0.0036794597281413063, RMSE: 0.06065855033003432, MAE: 0.13850760927010322
2025-12-13 14:07:10.035 | INFO     | src.models.lstm_model:save:57 - Model saved to data/models/BBCA.JK_1d_lstm.h5
2025-12-13 14:07:10.167 | INFO     | __main__:run_pipeline:219 - Logged 386 historical predictions for BBCA.JK
2025-12-13 14:07:10.169 | INFO     | src.models.xgboost_model:train:18 - Training XGBoost model with 1541 samples
2025-12-13 14:07:11.798 | INFO     | __main__:run_pipeline:255 - XGBoost Results - MSE: 0.012212485221804006, RMSE: 0.1105101136629766, MAE: 0.07054381181465247
2025-12-13 14:07:11.801 | INFO     | src.models.xgboost_model:save:28 - XGBoost model saved to data/models/BBCA.JK_1d_xgb.joblib
2025-12-13 14:07:11.805 | INFO     | __main__:<module>:294 - --- Training BBCA.JK [1h] ---
2025-12-13 14:07:11.806 | INFO     | __main__:run_pipeline:26 - Starting pipeline for BBCA.JK (1h)
2025-12-13 14:07:11.806 | INFO     | src.data_collection.stock_collector:fetch_history:49 - Fetching 730 days of history for BBCA.JK with interval 1h
2025-12-13 14:07:13.282 | INFO     | src.data_collection.stock_collector:fetch_history:122 - Successfully updated 4852 1h records for BBCA.JK
2025-12-13 14:07:14.318 | INFO     | src.models.lstm_model:train:40 - Training LSTM model with 8198 samples
2025-12-13 14:07:43.488 | INFO     | __main__:run_pipeline:145 - LSTM Results - MSE: 0.0005096871214041004, RMSE: 0.02257625126995402, MAE: 0.14957308228181385
2025-12-13 14:07:43.659 | INFO     | src.models.lstm_model:save:57 - Model saved to data/models/BBCA.JK_1h_lstm.h5
2025-12-13 14:07:44.538 | ERROR    | src.api.main:predict:147 - Prediction error: in user code:

    File "/usr/local/lib/python3.10/site-packages/keras/src/engine/training.py", line 2440, in predict_function  *
        return step_function(self, iterator)
    File "/usr/local/lib/python3.10/site-packages/keras/src/engine/training.py", line 2425, in step_function  **
        outputs = model.distribute_strategy.run(run_step, args=(data,))
    File "/usr/local/lib/python3.10/site-packages/keras/src/engine/training.py", line 2413, in run_step  **
        outputs = model.predict_step(data)
    File "/usr/local/lib/python3.10/site-packages/keras/src/engine/training.py", line 2381, in predict_step
        return self(x, training=False)
    File "/usr/local/lib/python3.10/site-packages/keras/src/utils/traceback_utils.py", line 70, in error_handler
        raise e.with_traceback(filtered_tb) from None
    File "/usr/local/lib/python3.10/site-packages/keras/src/engine/input_spec.py", line 298, in assert_input_compatibility
        raise ValueError(

    ValueError: Input 0 of layer "sequential" is incompatible with the layer: expected shape=(None, 60, 11), found shape=(None, 60, 5)

2025-12-13 14:07:44.558 | INFO     | __main__:run_pipeline:219 - Logged 2050 historical predictions for BBCA.JK
2025-12-13 14:07:44.564 | INFO     | src.models.xgboost_model:train:18 - Training XGBoost model with 8198 samples
2025-12-13 14:07:48.008 | INFO     | __main__:run_pipeline:255 - XGBoost Results - MSE: 0.0030279373330770734, RMSE: 0.05502669654883049, MAE: 0.028205396500990094
2025-12-13 14:07:48.019 | INFO     | src.models.xgboost_model:save:28 - XGBoost model saved to data/models/BBCA.JK_1h_xgb.joblib
2025-12-13 14:07:48.055 | INFO     | __main__:<module>:294 - --- Training BBCA.JK [15m] ---
2025-12-13 14:07:48.059 | INFO     | __main__:run_pipeline:26 - Starting pipeline for BBCA.JK (15m)
2025-12-13 14:07:48.059 | INFO     | src.data_collection.stock_collector:fetch_history:49 - Fetching 730 days of history for BBCA.JK with interval 15m
2025-12-13 14:07:48.714 | INFO     | src.data_collection.stock_collector:fetch_history:122 - Successfully updated 1177 15m records for BBCA.JK
2025-12-13 14:07:49.057 | INFO     | src.models.lstm_model:train:40 - Training LSTM model with 1973 samples
2025-12-13 14:07:57.364 | ERROR    | src.api.main:predict:147 - Prediction error: in user code:

    File "/usr/local/lib/python3.10/site-packages/keras/src/engine/training.py", line 2440, in predict_function  *
        return step_function(self, iterator)
    File "/usr/local/lib/python3.10/site-packages/keras/src/engine/training.py", line 2425, in step_function  **
        outputs = model.distribute_strategy.run(run_step, args=(data,))
    File "/usr/local/lib/python3.10/site-packages/keras/src/engine/training.py", line 2413, in run_step  **
        outputs = model.predict_step(data)
    File "/usr/local/lib/python3.10/site-packages/keras/src/engine/training.py", line 2381, in predict_step
        return self(x, training=False)
    File "/usr/local/lib/python3.10/site-packages/keras/src/utils/traceback_utils.py", line 70, in error_handler
        raise e.with_traceback(filtered_tb) from None
    File "/usr/local/lib/python3.10/site-packages/keras/src/engine/input_spec.py", line 298, in assert_input_compatibility
        raise ValueError(

    ValueError: Input 0 of layer "sequential" is incompatible with the layer: expected shape=(None, 60, 11), found shape=(None, 60, 5)

2025-12-13 14:07:58.048 | INFO     | __main__:run_pipeline:145 - LSTM Results - MSE: 0.0015014765165521993, RMSE: 0.03874889052027425, MAE: 0.11244971635153045
2025-12-13 14:07:58.105 | INFO     | src.models.lstm_model:save:57 - Model saved to data/models/BBCA.JK_15m_lstm.h5
2025-12-13 14:07:58.766 | INFO     | __main__:run_pipeline:219 - Logged 494 historical predictions for BBCA.JK
2025-12-13 14:07:58.798 | INFO     | src.models.xgboost_model:train:18 - Training XGBoost model with 1973 samples
2025-12-13 14:08:00.567 | INFO     | __main__:run_pipeline:255 - XGBoost Results - MSE: 0.012372851016162938, RMSE: 0.11123331792301683, MAE: 0.07928692469557268
2025-12-13 14:08:00.571 | INFO     | src.models.xgboost_model:save:28 - XGBoost model saved to data/models/BBCA.JK_15m_xgb.joblib
2025-12-13 14:08:00.589 | INFO     | __main__:<module>:294 - --- Training BBRI.JK [1d] ---
2025-12-13 14:08:00.592 | INFO     | __main__:run_pipeline:26 - Starting pipeline for BBRI.JK (1d)
2025-12-13 14:08:00.592 | INFO     | src.data_collection.stock_collector:fetch_history:49 - Fetching 730 days of history for BBRI.JK with interval 1d
2025-12-13 14:08:01.095 | INFO     | src.data_collection.news_collector:fetch_news:21 - Fetching news for BBRI.JK Indonesia Stock
2025-12-13 14:08:01.719 | INFO     | src.data_collection.news_collector:fetch_news:28 - Found 0 articles
2025-12-13 14:08:01.723 | INFO     | src.data_collection.news_collector:fetch_news:66 - Saved 0 new articles
2025-12-13 14:08:01.984 | INFO     | src.data_collection.stock_collector:fetch_history:122 - Successfully updated 729 1d records for BBRI.JK
2025-12-13 14:08:02.264 | INFO     | src.models.lstm_model:train:40 - Training LSTM model with 1541 samples
2025-12-13 14:08:06.354 | ERROR    | src.api.main:predict:147 - Prediction error: in user code:

    File "/usr/local/lib/python3.10/site-packages/keras/src/engine/training.py", line 2440, in predict_function  *
        return step_function(self, iterator)
    File "/usr/local/lib/python3.10/site-packages/keras/src/engine/training.py", line 2425, in step_function  **
        outputs = model.distribute_strategy.run(run_step, args=(data,))
    File "/usr/local/lib/python3.10/site-packages/keras/src/engine/training.py", line 2413, in run_step  **
        outputs = model.predict_step(data)
    File "/usr/local/lib/python3.10/site-packages/keras/src/engine/training.py", line 2381, in predict_step
        return self(x, training=False)
    File "/usr/local/lib/python3.10/site-packages/keras/src/utils/traceback_utils.py", line 70, in error_handler
        raise e.with_traceback(filtered_tb) from None
    File "/usr/local/lib/python3.10/site-packages/keras/src/engine/input_spec.py", line 298, in assert_input_compatibility
        raise ValueError(

    ValueError: Input 0 of layer "sequential" is incompatible with the layer: expected shape=(None, 60, 11), found shape=(None, 60, 5)

2025-12-13 14:08:06.523 | INFO     | src.training.trainer:run_pipeline:26 - Starting pipeline for BBCA.JK (1d)
2025-12-13 14:08:06.523 | INFO     | src.data_collection.stock_collector:fetch_history:49 - Fetching 730 days of history for BBCA.JK with interval 1d
2025-12-13 14:08:06.808 | WARNING  | src.data_collection.news_collector:fetch_news:18 - News API Key not set. Skipping news collection.
2025-12-13 14:08:07.050 | INFO     | src.data_collection.stock_collector:fetch_history:122 - Successfully updated 729 1d records for BBCA.JK
2025-12-13 14:08:07.374 | INFO     | src.models.lstm_model:train:40 - Training LSTM model with 1541 samples
2025-12-13 14:08:09.782 | INFO     | __main__:run_pipeline:145 - LSTM Results - MSE: 0.0029970251088587106, RMSE: 0.05474509209836723, MAE: 0.0824920151112064
2025-12-13 14:08:09.842 | INFO     | src.models.lstm_model:save:57 - Model saved to data/models/BBRI.JK_1d_lstm.h5
2025-12-13 14:08:10.008 | INFO     | __main__:run_pipeline:219 - Logged 386 historical predictions for BBRI.JK
2025-12-13 14:08:10.010 | INFO     | src.models.xgboost_model:train:18 - Training XGBoost model with 1541 samples
2025-12-13 14:08:11.338 | ERROR    | src.api.main:predict:147 - Prediction error: in user code:

    File "/usr/local/lib/python3.10/site-packages/keras/src/engine/training.py", line 2440, in predict_function  *
        return step_function(self, iterator)
    File "/usr/local/lib/python3.10/site-packages/keras/src/engine/training.py", line 2425, in step_function  **
        outputs = model.distribute_strategy.run(run_step, args=(data,))
    File "/usr/local/lib/python3.10/site-packages/keras/src/engine/training.py", line 2413, in run_step  **
        outputs = model.predict_step(data)
    File "/usr/local/lib/python3.10/site-packages/keras/src/engine/training.py", line 2381, in predict_step
        return self(x, training=False)
    File "/usr/local/lib/python3.10/site-packages/keras/src/utils/traceback_utils.py", line 70, in error_handler
        raise e.with_traceback(filtered_tb) from None
    File "/usr/local/lib/python3.10/site-packages/keras/src/engine/input_spec.py", line 298, in assert_input_compatibility
        raise ValueError(

    ValueError: Input 0 of layer "sequential" is incompatible with the layer: expected shape=(None, 60, 11), found shape=(None, 60, 5)

2025-12-13 14:08:13.042 | INFO     | __main__:run_pipeline:255 - XGBoost Results - MSE: 0.0011097457279566104, RMSE: 0.0333128462902318, MAE: 0.02532866766648336
2025-12-13 14:08:13.053 | INFO     | src.models.xgboost_model:save:28 - XGBoost model saved to data/models/BBRI.JK_1d_xgb.joblib
2025-12-13 14:08:13.070 | INFO     | __main__:<module>:294 - --- Training BBRI.JK [1h] ---
2025-12-13 14:08:13.072 | INFO     | __main__:run_pipeline:26 - Starting pipeline for BBRI.JK (1h)
2025-12-13 14:08:13.072 | INFO     | src.data_collection.stock_collector:fetch_history:49 - Fetching 730 days of history for BBRI.JK with interval 1h
2025-12-13 14:08:14.664 | ERROR    | src.api.main:predict:147 - Prediction error: in user code:

    File "/usr/local/lib/python3.10/site-packages/keras/src/engine/training.py", line 2440, in predict_function  *
        return step_function(self, iterator)
    File "/usr/local/lib/python3.10/site-packages/keras/src/engine/training.py", line 2425, in step_function  **
        outputs = model.distribute_strategy.run(run_step, args=(data,))
    File "/usr/local/lib/python3.10/site-packages/keras/src/engine/training.py", line 2413, in run_step  **
        outputs = model.predict_step(data)
    File "/usr/local/lib/python3.10/site-packages/keras/src/engine/training.py", line 2381, in predict_step
        return self(x, training=False)
    File "/usr/local/lib/python3.10/site-packages/keras/src/utils/traceback_utils.py", line 70, in error_handler
        raise e.with_traceback(filtered_tb) from None
    File "/usr/local/lib/python3.10/site-packages/keras/src/engine/input_spec.py", line 298, in assert_input_compatibility
        raise ValueError(

    ValueError: Input 0 of layer "sequential" is incompatible with the layer: expected shape=(None, 60, 11), found shape=(None, 60, 5)

2025-12-13 14:08:15.432 | INFO     | src.data_collection.stock_collector:fetch_history:122 - Successfully updated 4853 1h records for BBRI.JK
2025-12-13 14:08:16.118 | INFO     | src.models.lstm_model:train:40 - Training LSTM model with 8199 samples
2025-12-13 14:08:16.389 | INFO     | src.training.trainer:run_pipeline:145 - LSTM Results - MSE: 0.002267566952963418, RMSE: 0.047618976815587064, MAE: 0.1313388190276545
2025-12-13 14:08:16.437 | INFO     | src.models.lstm_model:save:57 - Model saved to data/models/BBCA.JK_1d_lstm.h5
2025-12-13 14:08:16.642 | INFO     | src.training.trainer:run_pipeline:219 - Logged 386 historical predictions for BBCA.JK
2025-12-13 14:08:16.645 | INFO     | src.models.xgboost_model:train:18 - Training XGBoost model with 1541 samples
2025-12-13 14:08:19.324 | INFO     | src.training.trainer:run_pipeline:255 - XGBoost Results - MSE: 0.012238040270493092, RMSE: 0.11062567636174295, MAE: 0.07081257329096127
2025-12-13 14:08:19.330 | INFO     | src.models.xgboost_model:save:28 - XGBoost model saved to data/models/BBCA.JK_1d_xgb.joblib
2025-12-13 14:08:44.631 | INFO     | __main__:run_pipeline:145 - LSTM Results - MSE: 0.0002410194947303558, RMSE: 0.015524802566549947, MAE: 0.07340020078163238
2025-12-13 14:08:44.667 | INFO     | src.models.lstm_model:save:57 - Model saved to data/models/BBRI.JK_1h_lstm.h5
2025-12-13 14:08:45.367 | INFO     | __main__:run_pipeline:219 - Logged 2050 historical predictions for BBRI.JK
2025-12-13 14:08:45.369 | INFO     | src.models.xgboost_model:train:18 - Training XGBoost model with 8199 samples
2025-12-13 14:08:48.111 | INFO     | __main__:run_pipeline:255 - XGBoost Results - MSE: 0.00014171410099502713, RMSE: 0.011904373187825855, MAE: 0.008242200517378978
2025-12-13 14:08:48.122 | INFO     | src.models.xgboost_model:save:28 - XGBoost model saved to data/models/BBRI.JK_1h_xgb.joblib
2025-12-13 14:08:48.150 | INFO     | __main__:<module>:294 - --- Training BBRI.JK [15m] ---
2025-12-13 14:08:48.152 | INFO     | __main__:run_pipeline:26 - Starting pipeline for BBRI.JK (15m)
2025-12-13 14:08:48.152 | INFO     | src.data_collection.stock_collector:fetch_history:49 - Fetching 730 days of history for BBRI.JK with interval 15m
2025-12-13 14:08:48.804 | INFO     | src.data_collection.stock_collector:fetch_history:122 - Successfully updated 1177 15m records for BBRI.JK
2025-12-13 14:08:49.123 | INFO     | src.models.lstm_model:train:40 - Training LSTM model with 1973 samples
2025-12-13 14:08:57.486 | INFO     | __main__:run_pipeline:145 - LSTM Results - MSE: 0.0005657138580834415, RMSE: 0.023784740025559276, MAE: 0.045782183418702015
2025-12-13 14:08:57.514 | INFO     | src.models.lstm_model:save:57 - Model saved to data/models/BBRI.JK_15m_lstm.h5
2025-12-13 14:08:57.728 | INFO     | __main__:run_pipeline:219 - Logged 494 historical predictions for BBRI.JK
2025-12-13 14:08:57.731 | INFO     | src.models.xgboost_model:train:18 - Training XGBoost model with 1973 samples
2025-12-13 14:08:59.150 | INFO     | __main__:run_pipeline:255 - XGBoost Results - MSE: 0.0013042470498611722, RMSE: 0.03611436071511127, MAE: 0.025674078557536905
2025-12-13 14:08:59.153 | INFO     | src.models.xgboost_model:save:28 - XGBoost model saved to data/models/BBRI.JK_15m_xgb.joblib
2025-12-13 14:08:59.160 | INFO     | __main__:<module>:294 - --- Training TLKM.JK [1d] ---
2025-12-13 14:08:59.161 | INFO     | __main__:run_pipeline:26 - Starting pipeline for TLKM.JK (1d)
2025-12-13 14:08:59.161 | INFO     | src.data_collection.stock_collector:fetch_history:49 - Fetching 730 days of history for TLKM.JK with interval 1d
2025-12-13 14:08:59.551 | INFO     | src.data_collection.news_collector:fetch_news:21 - Fetching news for TLKM.JK Indonesia Stock
2025-12-13 14:09:00.069 | INFO     | src.data_collection.news_collector:fetch_news:28 - Found 0 articles
2025-12-13 14:09:00.071 | INFO     | src.data_collection.news_collector:fetch_news:66 - Saved 0 new articles
2025-12-13 14:09:00.286 | INFO     | src.data_collection.stock_collector:fetch_history:122 - Successfully updated 729 1d records for TLKM.JK
2025-12-13 14:09:00.537 | INFO     | src.models.lstm_model:train:40 - Training LSTM model with 1541 samples
2025-12-13 14:09:07.713 | INFO     | __main__:run_pipeline:145 - LSTM Results - MSE: 0.003211787836327944, RMSE: 0.05667263745695928, MAE: 0.22119611080500148
2025-12-13 14:09:07.746 | INFO     | src.models.lstm_model:save:57 - Model saved to data/models/TLKM.JK_1d_lstm.h5
2025-12-13 14:09:07.907 | INFO     | __main__:run_pipeline:219 - Logged 386 historical predictions for TLKM.JK
2025-12-13 14:09:07.909 | INFO     | src.models.xgboost_model:train:18 - Training XGBoost model with 1541 samples
2025-12-13 14:09:09.503 | INFO     | __main__:run_pipeline:255 - XGBoost Results - MSE: 0.0038693380772051454, RMSE: 0.06220400370719834, MAE: 0.03981191640104012
2025-12-13 14:09:09.507 | INFO     | src.models.xgboost_model:save:28 - XGBoost model saved to data/models/TLKM.JK_1d_xgb.joblib
2025-12-13 14:09:09.524 | INFO     | __main__:<module>:294 - --- Training TLKM.JK [1h] ---
2025-12-13 14:09:09.525 | INFO     | __main__:run_pipeline:26 - Starting pipeline for TLKM.JK (1h)
2025-12-13 14:09:09.525 | INFO     | src.data_collection.stock_collector:fetch_history:49 - Fetching 730 days of history for TLKM.JK with interval 1h
2025-12-13 14:09:11.107 | INFO     | src.data_collection.stock_collector:fetch_history:122 - Successfully updated 4846 1h records for TLKM.JK
2025-12-13 14:09:11.758 | INFO     | src.models.lstm_model:train:40 - Training LSTM model with 8193 samples
2025-12-13 14:09:11.769 | ERROR    | src.api.main:predict:147 - Prediction error: in user code:

    File "/usr/local/lib/python3.10/site-packages/keras/src/engine/training.py", line 2440, in predict_function  *
        return step_function(self, iterator)
    File "/usr/local/lib/python3.10/site-packages/keras/src/engine/training.py", line 2425, in step_function  **
        outputs = model.distribute_strategy.run(run_step, args=(data,))
    File "/usr/local/lib/python3.10/site-packages/keras/src/engine/training.py", line 2413, in run_step  **
        outputs = model.predict_step(data)
    File "/usr/local/lib/python3.10/site-packages/keras/src/engine/training.py", line 2381, in predict_step
        return self(x, training=False)
    File "/usr/local/lib/python3.10/site-packages/keras/src/utils/traceback_utils.py", line 70, in error_handler
        raise e.with_traceback(filtered_tb) from None
    File "/usr/local/lib/python3.10/site-packages/keras/src/engine/input_spec.py", line 298, in assert_input_compatibility
        raise ValueError(

    ValueError: Input 0 of layer "sequential_2" is incompatible with the layer: expected shape=(None, 60, 11), found shape=(None, 60, 5)

2025-12-13 14:09:15.971 | ERROR    | src.api.main:predict:147 - Prediction error: in user code:

    File "/usr/local/lib/python3.10/site-packages/keras/src/engine/training.py", line 2440, in predict_function  *
        return step_function(self, iterator)
    File "/usr/local/lib/python3.10/site-packages/keras/src/engine/training.py", line 2425, in step_function  **
        outputs = model.distribute_strategy.run(run_step, args=(data,))
    File "/usr/local/lib/python3.10/site-packages/keras/src/engine/training.py", line 2413, in run_step  **
        outputs = model.predict_step(data)
    File "/usr/local/lib/python3.10/site-packages/keras/src/engine/training.py", line 2381, in predict_step
        return self(x, training=False)
    File "/usr/local/lib/python3.10/site-packages/keras/src/utils/traceback_utils.py", line 70, in error_handler
        raise e.with_traceback(filtered_tb) from None
    File "/usr/local/lib/python3.10/site-packages/keras/src/engine/input_spec.py", line 298, in assert_input_compatibility
        raise ValueError(

    ValueError: Input 0 of layer "sequential_2" is incompatible with the layer: expected shape=(None, 60, 11), found shape=(None, 60, 5)

2025-12-13 14:09:18.284 | ERROR    | src.api.main:predict:147 - Prediction error: in user code:

    File "/usr/local/lib/python3.10/site-packages/keras/src/engine/training.py", line 2440, in predict_function  *
        return step_function(self, iterator)
    File "/usr/local/lib/python3.10/site-packages/keras/src/engine/training.py", line 2425, in step_function  **
        outputs = model.distribute_strategy.run(run_step, args=(data,))
    File "/usr/local/lib/python3.10/site-packages/keras/src/engine/training.py", line 2413, in run_step  **
        outputs = model.predict_step(data)
    File "/usr/local/lib/python3.10/site-packages/keras/src/engine/training.py", line 2381, in predict_step
        return self(x, training=False)
    File "/usr/local/lib/python3.10/site-packages/keras/src/utils/traceback_utils.py", line 70, in error_handler
        raise e.with_traceback(filtered_tb) from None
    File "/usr/local/lib/python3.10/site-packages/keras/src/engine/input_spec.py", line 298, in assert_input_compatibility
        raise ValueError(

    ValueError: Input 0 of layer "sequential_2" is incompatible with the layer: expected shape=(None, 60, 11), found shape=(None, 60, 5)

2025-12-13 14:09:24.362 | ERROR    | src.api.main:predict:147 - Prediction error: in user code:

    File "/usr/local/lib/python3.10/site-packages/keras/src/engine/training.py", line 2440, in predict_function  *
        return step_function(self, iterator)
    File "/usr/local/lib/python3.10/site-packages/keras/src/engine/training.py", line 2425, in step_function  **
        outputs = model.distribute_strategy.run(run_step, args=(data,))
    File "/usr/local/lib/python3.10/site-packages/keras/src/engine/training.py", line 2413, in run_step  **
        outputs = model.predict_step(data)
    File "/usr/local/lib/python3.10/site-packages/keras/src/engine/training.py", line 2381, in predict_step
        return self(x, training=False)
    File "/usr/local/lib/python3.10/site-packages/keras/src/utils/traceback_utils.py", line 70, in error_handler
        raise e.with_traceback(filtered_tb) from None
    File "/usr/local/lib/python3.10/site-packages/keras/src/engine/input_spec.py", line 298, in assert_input_compatibility
        raise ValueError(

    ValueError: Input 0 of layer "sequential_2" is incompatible with the layer: expected shape=(None, 60, 11), found shape=(None, 60, 5)

2025-12-13 14:09:24.543 | INFO     | src.training.trainer:run_pipeline:26 - Starting pipeline for BBCA.JK (1d)
2025-12-13 14:09:24.544 | INFO     | src.data_collection.stock_collector:fetch_history:49 - Fetching 730 days of history for BBCA.JK with interval 1d
2025-12-13 14:09:24.811 | WARNING  | src.data_collection.news_collector:fetch_news:18 - News API Key not set. Skipping news collection.
2025-12-13 14:09:25.039 | INFO     | src.data_collection.stock_collector:fetch_history:122 - Successfully updated 729 1d records for BBCA.JK
2025-12-13 14:09:25.534 | INFO     | src.models.lstm_model:train:40 - Training LSTM model with 1541 samples
2025-12-13 14:09:29.780 | ERROR    | src.api.main:predict:147 - Prediction error: in user code:

    File "/usr/local/lib/python3.10/site-packages/keras/src/engine/training.py", line 2440, in predict_function  *
        return step_function(self, iterator)
    File "/usr/local/lib/python3.10/site-packages/keras/src/engine/training.py", line 2425, in step_function  **
        outputs = model.distribute_strategy.run(run_step, args=(data,))
    File "/usr/local/lib/python3.10/site-packages/keras/src/engine/training.py", line 2413, in run_step  **
        outputs = model.predict_step(data)
    File "/usr/local/lib/python3.10/site-packages/keras/src/engine/training.py", line 2381, in predict_step
        return self(x, training=False)
    File "/usr/local/lib/python3.10/site-packages/keras/src/utils/traceback_utils.py", line 70, in error_handler
        raise e.with_traceback(filtered_tb) from None
    File "/usr/local/lib/python3.10/site-packages/keras/src/engine/input_spec.py", line 298, in assert_input_compatibility
        raise ValueError(

    ValueError: Input 0 of layer "sequential_2" is incompatible with the layer: expected shape=(None, 60, 11), found shape=(None, 60, 5)

2025-12-13 14:09:32.320 | ERROR    | src.api.main:predict:147 - Prediction error: in user code:

    File "/usr/local/lib/python3.10/site-packages/keras/src/engine/training.py", line 2440, in predict_function  *
        return step_function(self, iterator)
    File "/usr/local/lib/python3.10/site-packages/keras/src/engine/training.py", line 2425, in step_function  **
        outputs = model.distribute_strategy.run(run_step, args=(data,))
    File "/usr/local/lib/python3.10/site-packages/keras/src/engine/training.py", line 2413, in run_step  **
        outputs = model.predict_step(data)
    File "/usr/local/lib/python3.10/site-packages/keras/src/engine/training.py", line 2381, in predict_step
        return self(x, training=False)
    File "/usr/local/lib/python3.10/site-packages/keras/src/utils/traceback_utils.py", line 70, in error_handler
        raise e.with_traceback(filtered_tb) from None
    File "/usr/local/lib/python3.10/site-packages/keras/src/engine/input_spec.py", line 298, in assert_input_compatibility
        raise ValueError(

    ValueError: Input 0 of layer "sequential_2" is incompatible with the layer: expected shape=(None, 60, 11), found shape=(None, 60, 5)

2025-12-13 14:09:33.783 | INFO     | src.training.trainer:run_pipeline:145 - LSTM Results - MSE: 0.003286444841100344, RMSE: 0.05732752254458886, MAE: 0.1336281853130142
2025-12-13 14:09:33.801 | INFO     | src.models.lstm_model:save:57 - Model saved to data/models/BBCA.JK_1d_lstm.h5
2025-12-13 14:09:33.964 | INFO     | src.training.trainer:run_pipeline:219 - Logged 386 historical predictions for BBCA.JK
2025-12-13 14:09:33.969 | INFO     | src.models.xgboost_model:train:18 - Training XGBoost model with 1541 samples
2025-12-13 14:09:36.543 | INFO     | src.training.trainer:run_pipeline:255 - XGBoost Results - MSE: 0.011971364832011321, RMSE: 0.10941373237400925, MAE: 0.07035542252786696
2025-12-13 14:09:36.551 | INFO     | src.models.xgboost_model:save:28 - XGBoost model saved to data/models/BBCA.JK_1d_xgb.joblib
2025-12-13 14:09:39.724 | ERROR    | src.api.main:predict:147 - Prediction error: in user code:

    File "/usr/local/lib/python3.10/site-packages/keras/src/engine/training.py", line 2440, in predict_function  *
        return step_function(self, iterator)
    File "/usr/local/lib/python3.10/site-packages/keras/src/engine/training.py", line 2425, in step_function  **
        outputs = model.distribute_strategy.run(run_step, args=(data,))
    File "/usr/local/lib/python3.10/site-packages/keras/src/engine/training.py", line 2413, in run_step  **
        outputs = model.predict_step(data)
    File "/usr/local/lib/python3.10/site-packages/keras/src/engine/training.py", line 2381, in predict_step
        return self(x, training=False)
    File "/usr/local/lib/python3.10/site-packages/keras/src/utils/traceback_utils.py", line 70, in error_handler
        raise e.with_traceback(filtered_tb) from None
    File "/usr/local/lib/python3.10/site-packages/keras/src/engine/input_spec.py", line 298, in assert_input_compatibility
        raise ValueError(

    ValueError: Input 0 of layer "sequential_3" is incompatible with the layer: expected shape=(None, 60, 11), found shape=(None, 60, 5)

2025-12-13 14:09:44.110 | INFO     | __main__:run_pipeline:145 - LSTM Results - MSE: 0.0003905987675552822, RMSE: 0.019763571730719177, MAE: 0.1658345394244644
2025-12-13 14:09:44.150 | INFO     | src.models.lstm_model:save:57 - Model saved to data/models/TLKM.JK_1h_lstm.h5
2025-12-13 14:09:44.887 | INFO     | __main__:run_pipeline:219 - Logged 2049 historical predictions for TLKM.JK
2025-12-13 14:09:44.889 | INFO     | src.models.xgboost_model:train:18 - Training XGBoost model with 8193 samples
2025-12-13 14:09:48.100 | ERROR    | src.api.main:predict:147 - Prediction error: in user code:

    File "/usr/local/lib/python3.10/site-packages/keras/src/engine/training.py", line 2440, in predict_function  *
        return step_function(self, iterator)
    File "/usr/local/lib/python3.10/site-packages/keras/src/engine/training.py", line 2425, in step_function  **
        outputs = model.distribute_strategy.run(run_step, args=(data,))
    File "/usr/local/lib/python3.10/site-packages/keras/src/engine/training.py", line 2413, in run_step  **
        outputs = model.predict_step(data)
    File "/usr/local/lib/python3.10/site-packages/keras/src/engine/training.py", line 2381, in predict_step
        return self(x, training=False)
    File "/usr/local/lib/python3.10/site-packages/keras/src/utils/traceback_utils.py", line 70, in error_handler
        raise e.with_traceback(filtered_tb) from None
    File "/usr/local/lib/python3.10/site-packages/keras/src/engine/input_spec.py", line 298, in assert_input_compatibility
        raise ValueError(

    ValueError: Input 0 of layer "sequential_12" is incompatible with the layer: expected shape=(None, 60, 11), found shape=(None, 60, 5)

2025-12-13 14:09:48.863 | INFO     | __main__:run_pipeline:255 - XGBoost Results - MSE: 0.0003879782023540807, RMSE: 0.01969716229191608, MAE: 0.012709083826337241
2025-12-13 14:09:48.874 | INFO     | src.models.xgboost_model:save:28 - XGBoost model saved to data/models/TLKM.JK_1h_xgb.joblib
2025-12-13 14:09:48.922 | INFO     | __main__:<module>:294 - --- Training TLKM.JK [15m] ---
2025-12-13 14:09:48.926 | INFO     | __main__:run_pipeline:26 - Starting pipeline for TLKM.JK (15m)
2025-12-13 14:09:48.926 | INFO     | src.data_collection.stock_collector:fetch_history:49 - Fetching 730 days of history for TLKM.JK with interval 15m
2025-12-13 14:09:49.489 | INFO     | src.data_collection.stock_collector:fetch_history:122 - Successfully updated 1177 15m records for TLKM.JK
2025-12-13 14:09:49.806 | INFO     | src.models.lstm_model:train:40 - Training LSTM model with 1973 samples
2025-12-13 14:09:57.213 | INFO     | __main__:run_pipeline:145 - LSTM Results - MSE: 0.0009437419326798605, RMSE: 0.030720383016490216, MAE: 0.04723555859795278
2025-12-13 14:09:57.239 | INFO     | src.models.lstm_model:save:57 - Model saved to data/models/TLKM.JK_15m_lstm.h5
2025-12-13 14:09:57.417 | INFO     | __main__:run_pipeline:219 - Logged 494 historical predictions for TLKM.JK
2025-12-13 14:09:57.419 | INFO     | src.models.xgboost_model:train:18 - Training XGBoost model with 1973 samples
2025-12-13 14:09:58.787 | INFO     | __main__:run_pipeline:255 - XGBoost Results - MSE: 0.0007137285763144904, RMSE: 0.026715699060935884, MAE: 0.01899823673961481
2025-12-13 14:09:58.790 | INFO     | src.models.xgboost_model:save:28 - XGBoost model saved to data/models/TLKM.JK_15m_xgb.joblib
2025-12-13 14:09:58.797 | INFO     | __main__:<module>:294 - --- Training ASII.JK [1d] ---
2025-12-13 14:09:58.798 | INFO     | __main__:run_pipeline:26 - Starting pipeline for ASII.JK (1d)
2025-12-13 14:09:58.798 | INFO     | src.data_collection.stock_collector:fetch_history:49 - Fetching 730 days of history for ASII.JK with interval 1d
2025-12-13 14:09:59.185 | INFO     | src.data_collection.news_collector:fetch_news:21 - Fetching news for ASII.JK Indonesia Stock
2025-12-13 14:09:59.785 | INFO     | src.data_collection.news_collector:fetch_news:28 - Found 0 articles
2025-12-13 14:09:59.786 | INFO     | src.data_collection.news_collector:fetch_news:66 - Saved 0 new articles
2025-12-13 14:10:00.000 | INFO     | src.data_collection.stock_collector:fetch_history:122 - Successfully updated 729 1d records for ASII.JK
2025-12-13 14:10:00.323 | INFO     | src.models.lstm_model:train:40 - Training LSTM model with 1541 samples
2025-12-13 14:10:00.832 | ERROR    | src.api.main:predict:147 - Prediction error: in user code:

    File "/usr/local/lib/python3.10/site-packages/keras/src/engine/training.py", line 2440, in predict_function  *
        return step_function(self, iterator)
    File "/usr/local/lib/python3.10/site-packages/keras/src/engine/training.py", line 2425, in step_function  **
        outputs = model.distribute_strategy.run(run_step, args=(data,))
    File "/usr/local/lib/python3.10/site-packages/keras/src/engine/training.py", line 2413, in run_step  **
        outputs = model.predict_step(data)
    File "/usr/local/lib/python3.10/site-packages/keras/src/engine/training.py", line 2381, in predict_step
        return self(x, training=False)
    File "/usr/local/lib/python3.10/site-packages/keras/src/utils/traceback_utils.py", line 70, in error_handler
        raise e.with_traceback(filtered_tb) from None
    File "/usr/local/lib/python3.10/site-packages/keras/src/engine/input_spec.py", line 298, in assert_input_compatibility
        raise ValueError(

    ValueError: Input 0 of layer "sequential_12" is incompatible with the layer: expected shape=(None, 60, 11), found shape=(None, 60, 5)

2025-12-13 14:10:07.276 | INFO     | __main__:run_pipeline:145 - LSTM Results - MSE: 0.003059339284792766, RMSE: 0.055311294369168096, MAE: 0.28488474183472995
2025-12-13 14:10:07.306 | INFO     | src.models.lstm_model:save:57 - Model saved to data/models/ASII.JK_1d_lstm.h5
2025-12-13 14:10:07.464 | INFO     | __main__:run_pipeline:219 - Logged 386 historical predictions for ASII.JK
2025-12-13 14:10:07.466 | INFO     | src.models.xgboost_model:train:18 - Training XGBoost model with 1541 samples
2025-12-13 14:10:09.471 | INFO     | __main__:run_pipeline:255 - XGBoost Results - MSE: 0.03427746439188036, RMSE: 0.1851417413547803, MAE: 0.11922929943671833
2025-12-13 14:10:09.477 | INFO     | src.models.xgboost_model:save:28 - XGBoost model saved to data/models/ASII.JK_1d_xgb.joblib
2025-12-13 14:10:09.501 | INFO     | __main__:<module>:294 - --- Training ASII.JK [1h] ---
2025-12-13 14:10:09.503 | INFO     | __main__:run_pipeline:26 - Starting pipeline for ASII.JK (1h)
2025-12-13 14:10:09.504 | INFO     | src.data_collection.stock_collector:fetch_history:49 - Fetching 730 days of history for ASII.JK with interval 1h
2025-12-13 14:10:12.224 | INFO     | src.data_collection.stock_collector:fetch_history:122 - Successfully updated 4843 1h records for ASII.JK
2025-12-13 14:10:12.683 | INFO     | src.models.lstm_model:train:40 - Training LSTM model with 8191 samples
2025-12-13 14:10:41.994 | INFO     | __main__:run_pipeline:145 - LSTM Results - MSE: 0.0008211691523896359, RMSE: 0.028656049141318068, MAE: 0.3191956952746667
2025-12-13 14:10:42.077 | INFO     | src.models.lstm_model:save:57 - Model saved to data/models/ASII.JK_1h_lstm.h5
2025-12-13 14:10:42.792 | INFO     | __main__:run_pipeline:219 - Logged 2048 historical predictions for ASII.JK
2025-12-13 14:10:42.798 | INFO     | src.models.xgboost_model:train:18 - Training XGBoost model with 8191 samples
2025-12-13 14:10:46.224 | INFO     | __main__:run_pipeline:255 - XGBoost Results - MSE: 0.0003960676638277816, RMSE: 0.019901448787155714, MAE: 0.013383712006317982
2025-12-13 14:10:46.240 | INFO     | src.models.xgboost_model:save:28 - XGBoost model saved to data/models/ASII.JK_1h_xgb.joblib
2025-12-13 14:10:46.316 | INFO     | __main__:<module>:294 - --- Training ASII.JK [15m] ---
2025-12-13 14:10:46.320 | INFO     | __main__:run_pipeline:26 - Starting pipeline for ASII.JK (15m)
2025-12-13 14:10:46.320 | INFO     | src.data_collection.stock_collector:fetch_history:49 - Fetching 730 days of history for ASII.JK with interval 15m
2025-12-13 14:10:46.959 | INFO     | src.data_collection.stock_collector:fetch_history:122 - Successfully updated 1177 15m records for ASII.JK
2025-12-13 14:10:47.401 | INFO     | src.models.lstm_model:train:40 - Training LSTM model with 1973 samples
2025-12-13 14:10:55.945 | INFO     | __main__:run_pipeline:145 - LSTM Results - MSE: 0.004782091936239488, RMSE: 0.06915267121550323, MAE: 0.0982259352249427
2025-12-13 14:10:55.995 | INFO     | src.models.lstm_model:save:57 - Model saved to data/models/ASII.JK_15m_lstm.h5
2025-12-13 14:10:56.183 | INFO     | __main__:run_pipeline:219 - Logged 494 historical predictions for ASII.JK
2025-12-13 14:10:56.185 | INFO     | src.models.xgboost_model:train:18 - Training XGBoost model with 1973 samples
2025-12-13 14:10:58.030 | INFO     | __main__:run_pipeline:255 - XGBoost Results - MSE: 0.02474549247015861, RMSE: 0.15730700070295223, MAE: 0.11937202439049267
2025-12-13 14:10:58.033 | INFO     | src.models.xgboost_model:save:28 - XGBoost model saved to data/models/ASII.JK_15m_xgb.joblib
2025-12-13 14:10:58.048 | INFO     | __main__:<module>:294 - --- Training UNVR.JK [1d] ---
2025-12-13 14:10:58.048 | INFO     | __main__:run_pipeline:26 - Starting pipeline for UNVR.JK (1d)
2025-12-13 14:10:58.049 | INFO     | src.data_collection.stock_collector:fetch_history:49 - Fetching 730 days of history for UNVR.JK with interval 1d
2025-12-13 14:10:58.441 | INFO     | src.data_collection.news_collector:fetch_news:21 - Fetching news for UNVR.JK Indonesia Stock
2025-12-13 14:10:59.077 | INFO     | src.data_collection.news_collector:fetch_news:28 - Found 0 articles
2025-12-13 14:10:59.079 | INFO     | src.data_collection.news_collector:fetch_news:66 - Saved 0 new articles
2025-12-13 14:10:59.291 | INFO     | src.data_collection.stock_collector:fetch_history:122 - Successfully updated 729 1d records for UNVR.JK
2025-12-13 14:10:59.579 | INFO     | src.models.lstm_model:train:40 - Training LSTM model with 1541 samples
2025-12-13 14:11:06.289 | INFO     | __main__:run_pipeline:145 - LSTM Results - MSE: 0.0019390651036786124, RMSE: 0.04403481694839451, MAE: 0.1414696950803139
2025-12-13 14:11:06.324 | INFO     | src.models.lstm_model:save:57 - Model saved to data/models/UNVR.JK_1d_lstm.h5
2025-12-13 14:11:06.490 | INFO     | __main__:run_pipeline:219 - Logged 386 historical predictions for UNVR.JK
2025-12-13 14:11:06.492 | INFO     | src.models.xgboost_model:train:18 - Training XGBoost model with 1541 samples
2025-12-13 14:11:08.138 | INFO     | __main__:run_pipeline:255 - XGBoost Results - MSE: 0.0005786918000376573, RMSE: 0.024056013801909436, MAE: 0.016574441485835815
2025-12-13 14:11:08.141 | INFO     | src.models.xgboost_model:save:28 - XGBoost model saved to data/models/UNVR.JK_1d_xgb.joblib
2025-12-13 14:11:08.157 | INFO     | __main__:<module>:294 - --- Training UNVR.JK [1h] ---
2025-12-13 14:11:08.158 | INFO     | __main__:run_pipeline:26 - Starting pipeline for UNVR.JK (1h)
2025-12-13 14:11:08.158 | INFO     | src.data_collection.stock_collector:fetch_history:49 - Fetching 730 days of history for UNVR.JK with interval 1h
2025-12-13 14:11:09.716 | INFO     | src.data_collection.stock_collector:fetch_history:122 - Successfully updated 4844 1h records for UNVR.JK
2025-12-13 14:11:11.084 | INFO     | src.models.lstm_model:train:40 - Training LSTM model with 8192 samples
2025-12-13 14:11:39.395 | INFO     | __main__:run_pipeline:145 - LSTM Results - MSE: 0.0001240823054025074, RMSE: 0.011139223734287206, MAE: 0.11004819124637881
2025-12-13 14:11:39.441 | INFO     | src.models.lstm_model:save:57 - Model saved to data/models/UNVR.JK_1h_lstm.h5
2025-12-13 14:11:40.232 | INFO     | __main__:run_pipeline:219 - Logged 2048 historical predictions for UNVR.JK
2025-12-13 14:11:40.235 | INFO     | src.models.xgboost_model:train:18 - Training XGBoost model with 8192 samples
2025-12-13 14:11:43.236 | ERROR    | src.api.main:predict:147 - Prediction error: in user code:

    File "/usr/local/lib/python3.10/site-packages/keras/src/engine/training.py", line 2440, in predict_function  *
        return step_function(self, iterator)
    File "/usr/local/lib/python3.10/site-packages/keras/src/engine/training.py", line 2425, in step_function  **
        outputs = model.distribute_strategy.run(run_step, args=(data,))
    File "/usr/local/lib/python3.10/site-packages/keras/src/engine/training.py", line 2413, in run_step  **
        outputs = model.predict_step(data)
    File "/usr/local/lib/python3.10/site-packages/keras/src/engine/training.py", line 2381, in predict_step
        return self(x, training=False)
    File "/usr/local/lib/python3.10/site-packages/keras/src/utils/traceback_utils.py", line 70, in error_handler
        raise e.with_traceback(filtered_tb) from None
    File "/usr/local/lib/python3.10/site-packages/keras/src/engine/input_spec.py", line 298, in assert_input_compatibility
        raise ValueError(

    ValueError: Input 0 of layer "sequential_3" is incompatible with the layer: expected shape=(None, 60, 11), found shape=(None, 60, 5)

2025-12-13 14:11:45.528 | INFO     | __main__:run_pipeline:255 - XGBoost Results - MSE: 7.741228528791087e-05, RMSE: 0.00879842515953343, MAE: 0.005179221981154809
2025-12-13 14:11:45.541 | INFO     | src.models.xgboost_model:save:28 - XGBoost model saved to data/models/UNVR.JK_1h_xgb.joblib
2025-12-13 14:11:45.642 | INFO     | __main__:<module>:294 - --- Training UNVR.JK [15m] ---
2025-12-13 14:11:45.644 | INFO     | __main__:run_pipeline:26 - Starting pipeline for UNVR.JK (15m)
2025-12-13 14:11:45.644 | INFO     | src.data_collection.stock_collector:fetch_history:49 - Fetching 730 days of history for UNVR.JK with interval 15m
2025-12-13 14:11:46.282 | INFO     | src.data_collection.stock_collector:fetch_history:122 - Successfully updated 1177 15m records for UNVR.JK
2025-12-13 14:11:46.732 | INFO     | src.models.lstm_model:train:40 - Training LSTM model with 1973 samples
2025-12-13 14:11:52.075 | ERROR    | src.api.main:predict:147 - Prediction error: in user code:

    File "/usr/local/lib/python3.10/site-packages/keras/src/engine/training.py", line 2440, in predict_function  *
        return step_function(self, iterator)
    File "/usr/local/lib/python3.10/site-packages/keras/src/engine/training.py", line 2425, in step_function  **
        outputs = model.distribute_strategy.run(run_step, args=(data,))
    File "/usr/local/lib/python3.10/site-packages/keras/src/engine/training.py", line 2413, in run_step  **
        outputs = model.predict_step(data)
    File "/usr/local/lib/python3.10/site-packages/keras/src/engine/training.py", line 2381, in predict_step
        return self(x, training=False)
    File "/usr/local/lib/python3.10/site-packages/keras/src/utils/traceback_utils.py", line 70, in error_handler
        raise e.with_traceback(filtered_tb) from None
    File "/usr/local/lib/python3.10/site-packages/keras/src/engine/input_spec.py", line 298, in assert_input_compatibility
        raise ValueError(

    ValueError: Input 0 of layer "sequential_3" is incompatible with the layer: expected shape=(None, 60, 11), found shape=(None, 60, 5)

2025-12-13 14:11:55.532 | INFO     | __main__:run_pipeline:145 - LSTM Results - MSE: 0.0017293392355533894, RMSE: 0.04158532476190837, MAE: 0.0550772929597852
2025-12-13 14:11:55.564 | INFO     | src.models.lstm_model:save:57 - Model saved to data/models/UNVR.JK_15m_lstm.h5
2025-12-13 14:11:55.765 | INFO     | __main__:run_pipeline:219 - Logged 494 historical predictions for UNVR.JK
2025-12-13 14:11:55.767 | INFO     | src.models.xgboost_model:train:18 - Training XGBoost model with 1973 samples
2025-12-13 14:11:58.024 | INFO     | __main__:run_pipeline:255 - XGBoost Results - MSE: 0.0011358768931670224, RMSE: 0.03370277278158316, MAE: 0.026084962045664295
2025-12-13 14:11:58.033 | INFO     | src.models.xgboost_model:save:28 - XGBoost model saved to data/models/UNVR.JK_15m_xgb.joblib
2025-12-13 14:11:58.079 | INFO     | __main__:<module>:300 - Cycle completed. Sleeping for 1 hour...
2025-12-13 14:12:09.643 | ERROR    | src.api.main:predict:147 - Prediction error: in user code:

    File "/usr/local/lib/python3.10/site-packages/keras/src/engine/training.py", line 2440, in predict_function  *
        return step_function(self, iterator)
    File "/usr/local/lib/python3.10/site-packages/keras/src/engine/training.py", line 2425, in step_function  **
        outputs = model.distribute_strategy.run(run_step, args=(data,))
    File "/usr/local/lib/python3.10/site-packages/keras/src/engine/training.py", line 2413, in run_step  **
        outputs = model.predict_step(data)
    File "/usr/local/lib/python3.10/site-packages/keras/src/engine/training.py", line 2381, in predict_step
        return self(x, training=False)
    File "/usr/local/lib/python3.10/site-packages/keras/src/utils/traceback_utils.py", line 70, in error_handler
        raise e.with_traceback(filtered_tb) from None
    File "/usr/local/lib/python3.10/site-packages/keras/src/engine/input_spec.py", line 298, in assert_input_compatibility
        raise ValueError(

    ValueError: Input 0 of layer "sequential_2" is incompatible with the layer: expected shape=(None, 60, 11), found shape=(None, 60, 5)

2025-12-13 14:25:09.230 | INFO     | src.training.trainer:run_pipeline:26 - Starting pipeline for BBCA.JK (1d)
2025-12-13 14:25:09.238 | INFO     | src.data_collection.stock_collector:fetch_history:49 - Fetching 730 days of history for BBCA.JK with interval 1d
2025-12-13 14:25:11.154 | INFO     | src.data_collection.news_collector:fetch_news:45 - Fetching Google News RSS for: BBCA 
2025-12-13 14:25:11.207 | ERROR    | src.data_collection.news_collector:fetch_news:104 - Error fetching Google News: URL can't contain control characters. '/rss/search?q=saham+BBCA &hl=id-ID&gl=ID&ceid=ID:id' (found at least ' ')
2025-12-13 14:25:11.593 | INFO     | src.data_collection.stock_collector:fetch_history:122 - Successfully updated 729 1d records for BBCA.JK
2025-12-13 14:25:14.314 | INFO     | src.models.lstm_model:train:40 - Training LSTM model with 1541 samples
2025-12-13 14:25:27.646 | INFO     | src.training.trainer:run_pipeline:145 - LSTM Results - MSE: 0.0030477019369485638, RMSE: 0.055205995480097664, MAE: 0.13127211345337708
2025-12-13 14:25:27.767 | INFO     | src.models.lstm_model:save:57 - Model saved to data/models/BBCA.JK_1d_lstm.h5
2025-12-13 14:25:27.984 | INFO     | src.training.trainer:run_pipeline:219 - Logged 386 historical predictions for BBCA.JK
2025-12-13 14:25:27.994 | INFO     | src.models.xgboost_model:train:18 - Training XGBoost model with 1541 samples
2025-12-13 14:25:33.239 | INFO     | src.training.trainer:run_pipeline:255 - XGBoost Results - MSE: 0.012335349745120619, RMSE: 0.11106461968205995, MAE: 0.07113705642255912
2025-12-13 14:25:33.259 | INFO     | src.models.xgboost_model:save:28 - XGBoost model saved to data/models/BBCA.JK_1d_xgb.joblib
2025-12-13 14:37:20.549 | ERROR    | src.api.main:predict:147 - Prediction error: in user code:

    File "/usr/local/lib/python3.10/site-packages/keras/src/engine/training.py", line 2440, in predict_function  *
        return step_function(self, iterator)
    File "/usr/local/lib/python3.10/site-packages/keras/src/engine/training.py", line 2425, in step_function  **
        outputs = model.distribute_strategy.run(run_step, args=(data,))
    File "/usr/local/lib/python3.10/site-packages/keras/src/engine/training.py", line 2413, in run_step  **
        outputs = model.predict_step(data)
    File "/usr/local/lib/python3.10/site-packages/keras/src/engine/training.py", line 2381, in predict_step
        return self(x, training=False)
    File "/usr/local/lib/python3.10/site-packages/keras/src/utils/traceback_utils.py", line 70, in error_handler
        raise e.with_traceback(filtered_tb) from None
    File "/usr/local/lib/python3.10/site-packages/keras/src/engine/input_spec.py", line 298, in assert_input_compatibility
        raise ValueError(

    ValueError: Input 0 of layer "sequential_2" is incompatible with the layer: expected shape=(None, 60, 11), found shape=(None, 60, 5)

2025-12-13 14:37:47.706 | ERROR    | src.api.main:predict:147 - Prediction error: in user code:

    File "/usr/local/lib/python3.10/site-packages/keras/src/engine/training.py", line 2440, in predict_function  *
        return step_function(self, iterator)
    File "/usr/local/lib/python3.10/site-packages/keras/src/engine/training.py", line 2425, in step_function  **
        outputs = model.distribute_strategy.run(run_step, args=(data,))
    File "/usr/local/lib/python3.10/site-packages/keras/src/engine/training.py", line 2413, in run_step  **
        outputs = model.predict_step(data)
    File "/usr/local/lib/python3.10/site-packages/keras/src/engine/training.py", line 2381, in predict_step
        return self(x, training=False)
    File "/usr/local/lib/python3.10/site-packages/keras/src/utils/traceback_utils.py", line 70, in error_handler
        raise e.with_traceback(filtered_tb) from None
    File "/usr/local/lib/python3.10/site-packages/keras/src/engine/input_spec.py", line 298, in assert_input_compatibility
        raise ValueError(

    ValueError: Input 0 of layer "sequential" is incompatible with the layer: expected shape=(None, 60, 11), found shape=(None, 60, 5)

2025-12-13 14:43:05.758 | INFO     | __main__:<module>:287 - Starting Continuous Model Trainer...
2025-12-13 14:43:05.772 | INFO     | __main__:<module>:294 - --- Training BBCA.JK [1d] ---
2025-12-13 14:43:05.774 | INFO     | __main__:run_pipeline:26 - Starting pipeline for BBCA.JK (1d)
2025-12-13 14:43:05.775 | INFO     | src.data_collection.stock_collector:fetch_history:49 - Fetching 730 days of history for BBCA.JK with interval 1d
2025-12-13 14:43:07.801 | INFO     | src.data_collection.news_collector:fetch_news:45 - Fetching Google News RSS for: BBCA 
2025-12-13 14:43:07.979 | ERROR    | src.data_collection.news_collector:fetch_news:104 - Error fetching Google News: URL can't contain control characters. '/rss/search?q=saham+BBCA &hl=id-ID&gl=ID&ceid=ID:id' (found at least ' ')
2025-12-13 14:43:08.438 | INFO     | src.data_collection.stock_collector:fetch_history:122 - Successfully updated 729 1d records for BBCA.JK
2025-12-13 14:43:09.740 | INFO     | src.models.lstm_model:train:40 - Training LSTM model with 1541 samples
2025-12-13 14:43:18.543 | INFO     | __main__:run_pipeline:145 - LSTM Results - MSE: 0.002683939617785589, RMSE: 0.05180675262729357, MAE: 0.1346766254119317
2025-12-13 14:43:18.569 | INFO     | src.models.lstm_model:save:57 - Model saved to data/models/BBCA.JK_1d_lstm.h5
2025-12-13 14:43:18.734 | INFO     | __main__:run_pipeline:219 - Logged 386 historical predictions for BBCA.JK
2025-12-13 14:43:18.742 | INFO     | src.models.xgboost_model:train:18 - Training XGBoost model with 1541 samples
2025-12-13 14:43:24.517 | INFO     | __main__:run_pipeline:255 - XGBoost Results - MSE: 0.01223869345087693, RMSE: 0.1106286285320257, MAE: 0.07104005145224189
2025-12-13 14:43:24.528 | INFO     | src.models.xgboost_model:save:28 - XGBoost model saved to data/models/BBCA.JK_1d_xgb.joblib
2025-12-13 14:43:24.556 | INFO     | __main__:<module>:294 - --- Training BBCA.JK [1h] ---
2025-12-13 14:43:24.558 | INFO     | __main__:run_pipeline:26 - Starting pipeline for BBCA.JK (1h)
2025-12-13 14:43:24.558 | INFO     | src.data_collection.stock_collector:fetch_history:49 - Fetching 730 days of history for BBCA.JK with interval 1h
2025-12-13 14:43:26.083 | INFO     | src.data_collection.stock_collector:fetch_history:122 - Successfully updated 4852 1h records for BBCA.JK
2025-12-13 14:43:26.862 | INFO     | src.models.lstm_model:train:40 - Training LSTM model with 8198 samples
2025-12-13 14:43:56.727 | INFO     | __main__:run_pipeline:145 - LSTM Results - MSE: 0.0009151451864714862, RMSE: 0.030251366687663653, MAE: 0.15395479766770964
2025-12-13 14:43:56.779 | INFO     | src.models.lstm_model:save:57 - Model saved to data/models/BBCA.JK_1h_lstm.h5
2025-12-13 14:43:57.482 | INFO     | __main__:run_pipeline:219 - Logged 2050 historical predictions for BBCA.JK
2025-12-13 14:43:57.484 | INFO     | src.models.xgboost_model:train:18 - Training XGBoost model with 8198 samples
2025-12-13 14:44:01.355 | INFO     | __main__:run_pipeline:255 - XGBoost Results - MSE: 0.0030279373330770734, RMSE: 0.05502669654883049, MAE: 0.028205396500990094
2025-12-13 14:44:01.361 | INFO     | src.models.xgboost_model:save:28 - XGBoost model saved to data/models/BBCA.JK_1h_xgb.joblib
2025-12-13 14:44:01.394 | INFO     | __main__:<module>:294 - --- Training BBCA.JK [15m] ---
2025-12-13 14:44:01.396 | INFO     | __main__:run_pipeline:26 - Starting pipeline for BBCA.JK (15m)
2025-12-13 14:44:01.396 | INFO     | src.data_collection.stock_collector:fetch_history:49 - Fetching 730 days of history for BBCA.JK with interval 15m
2025-12-13 14:44:01.909 | INFO     | src.data_collection.stock_collector:fetch_history:122 - Successfully updated 1177 15m records for BBCA.JK
2025-12-13 14:44:02.207 | INFO     | src.models.lstm_model:train:40 - Training LSTM model with 1973 samples
2025-12-13 14:44:09.753 | INFO     | __main__:run_pipeline:145 - LSTM Results - MSE: 0.0015270067968113832, RMSE: 0.03907693433230636, MAE: 0.11411524584931244
2025-12-13 14:44:09.785 | INFO     | src.models.lstm_model:save:57 - Model saved to data/models/BBCA.JK_15m_lstm.h5
2025-12-13 14:44:09.967 | INFO     | __main__:run_pipeline:219 - Logged 494 historical predictions for BBCA.JK
2025-12-13 14:44:09.968 | INFO     | src.models.xgboost_model:train:18 - Training XGBoost model with 1973 samples
2025-12-13 14:44:11.347 | INFO     | __main__:run_pipeline:255 - XGBoost Results - MSE: 0.012372851016162938, RMSE: 0.11123331792301683, MAE: 0.07928692469557268
2025-12-13 14:44:11.352 | INFO     | src.models.xgboost_model:save:28 - XGBoost model saved to data/models/BBCA.JK_15m_xgb.joblib
2025-12-13 14:44:11.360 | INFO     | __main__:<module>:294 - --- Training BBRI.JK [1d] ---
2025-12-13 14:44:11.361 | INFO     | __main__:run_pipeline:26 - Starting pipeline for BBRI.JK (1d)
2025-12-13 14:44:11.361 | INFO     | src.data_collection.stock_collector:fetch_history:49 - Fetching 730 days of history for BBRI.JK with interval 1d
2025-12-13 14:44:11.752 | INFO     | src.data_collection.news_collector:fetch_news:45 - Fetching Google News RSS for: BBRI 
2025-12-13 14:44:11.766 | ERROR    | src.data_collection.news_collector:fetch_news:104 - Error fetching Google News: URL can't contain control characters. '/rss/search?q=saham+BBRI &hl=id-ID&gl=ID&ceid=ID:id' (found at least ' ')
2025-12-13 14:44:11.984 | INFO     | src.data_collection.stock_collector:fetch_history:122 - Successfully updated 729 1d records for BBRI.JK
2025-12-13 14:44:12.277 | INFO     | src.models.lstm_model:train:40 - Training LSTM model with 1541 samples
2025-12-13 14:44:18.290 | INFO     | __main__:run_pipeline:145 - LSTM Results - MSE: 0.0012477952907213267, RMSE: 0.035324146001302376, MAE: 0.07351672896932812
2025-12-13 14:44:18.315 | INFO     | src.models.lstm_model:save:57 - Model saved to data/models/BBRI.JK_1d_lstm.h5
2025-12-13 14:44:18.452 | INFO     | __main__:run_pipeline:219 - Logged 386 historical predictions for BBRI.JK
2025-12-13 14:44:18.456 | INFO     | src.models.xgboost_model:train:18 - Training XGBoost model with 1541 samples
2025-12-13 14:44:20.559 | INFO     | __main__:run_pipeline:255 - XGBoost Results - MSE: 0.0011209439846199386, RMSE: 0.033480501558667525, MAE: 0.025469212477465673
2025-12-13 14:44:20.567 | INFO     | src.models.xgboost_model:save:28 - XGBoost model saved to data/models/BBRI.JK_1d_xgb.joblib
2025-12-13 14:44:20.579 | INFO     | __main__:<module>:294 - --- Training BBRI.JK [1h] ---
2025-12-13 14:44:20.583 | INFO     | __main__:run_pipeline:26 - Starting pipeline for BBRI.JK (1h)
2025-12-13 14:44:20.583 | INFO     | src.data_collection.stock_collector:fetch_history:49 - Fetching 730 days of history for BBRI.JK with interval 1h
2025-12-13 14:44:22.109 | INFO     | src.data_collection.stock_collector:fetch_history:122 - Successfully updated 4853 1h records for BBRI.JK
2025-12-13 14:44:22.529 | INFO     | src.models.lstm_model:train:40 - Training LSTM model with 8199 samples
2025-12-13 14:45:00.597 | INFO     | __main__:run_pipeline:145 - LSTM Results - MSE: 0.0002721716354739402, RMSE: 0.01649762514648518, MAE: 0.0735632229513165
2025-12-13 14:45:00.674 | INFO     | src.models.lstm_model:save:57 - Model saved to data/models/BBRI.JK_1h_lstm.h5
2025-12-13 14:45:01.479 | INFO     | __main__:run_pipeline:219 - Logged 2050 historical predictions for BBRI.JK
2025-12-13 14:45:01.482 | INFO     | src.models.xgboost_model:train:18 - Training XGBoost model with 8199 samples
2025-12-13 14:45:05.232 | INFO     | __main__:run_pipeline:255 - XGBoost Results - MSE: 0.00014171410099502713, RMSE: 0.011904373187825855, MAE: 0.008242200517378978
2025-12-13 14:45:05.235 | INFO     | src.models.xgboost_model:save:28 - XGBoost model saved to data/models/BBRI.JK_1h_xgb.joblib
2025-12-13 14:45:05.270 | INFO     | __main__:<module>:294 - --- Training BBRI.JK [15m] ---
2025-12-13 14:45:05.271 | INFO     | __main__:run_pipeline:26 - Starting pipeline for BBRI.JK (15m)
2025-12-13 14:45:05.271 | INFO     | src.data_collection.stock_collector:fetch_history:49 - Fetching 730 days of history for BBRI.JK with interval 15m
2025-12-13 14:45:06.433 | INFO     | src.data_collection.stock_collector:fetch_history:122 - Successfully updated 1177 15m records for BBRI.JK
2025-12-13 14:45:06.653 | INFO     | src.models.lstm_model:train:40 - Training LSTM model with 1973 samples
2025-12-13 14:45:13.718 | INFO     | __main__:run_pipeline:145 - LSTM Results - MSE: 0.0006589821138149247, RMSE: 0.025670646930198795, MAE: 0.046103328559588874
2025-12-13 14:45:13.746 | INFO     | src.models.lstm_model:save:57 - Model saved to data/models/BBRI.JK_15m_lstm.h5
2025-12-13 14:45:13.927 | INFO     | __main__:run_pipeline:219 - Logged 494 historical predictions for BBRI.JK
2025-12-13 14:45:13.929 | INFO     | src.models.xgboost_model:train:18 - Training XGBoost model with 1973 samples
2025-12-13 14:45:15.341 | INFO     | __main__:run_pipeline:255 - XGBoost Results - MSE: 0.0013042470498611722, RMSE: 0.03611436071511127, MAE: 0.025674078557536905
2025-12-13 14:45:15.344 | INFO     | src.models.xgboost_model:save:28 - XGBoost model saved to data/models/BBRI.JK_15m_xgb.joblib
2025-12-13 14:45:15.354 | INFO     | __main__:<module>:294 - --- Training TLKM.JK [1d] ---
2025-12-13 14:45:15.355 | INFO     | __main__:run_pipeline:26 - Starting pipeline for TLKM.JK (1d)
2025-12-13 14:45:15.355 | INFO     | src.data_collection.stock_collector:fetch_history:49 - Fetching 730 days of history for TLKM.JK with interval 1d
2025-12-13 14:45:15.763 | INFO     | src.data_collection.news_collector:fetch_news:45 - Fetching Google News RSS for: TLKM 
2025-12-13 14:45:15.775 | ERROR    | src.data_collection.news_collector:fetch_news:104 - Error fetching Google News: URL can't contain control characters. '/rss/search?q=saham+TLKM &hl=id-ID&gl=ID&ceid=ID:id' (found at least ' ')
2025-12-13 14:45:15.954 | INFO     | src.data_collection.stock_collector:fetch_history:122 - Successfully updated 729 1d records for TLKM.JK
2025-12-13 14:45:16.174 | INFO     | src.models.lstm_model:train:40 - Training LSTM model with 1541 samples
2025-12-13 14:45:22.104 | INFO     | __main__:run_pipeline:145 - LSTM Results - MSE: 0.0037013842211437043, RMSE: 0.060839002466704734, MAE: 0.21531189228760914
2025-12-13 14:45:22.144 | INFO     | src.models.lstm_model:save:57 - Model saved to data/models/TLKM.JK_1d_lstm.h5
2025-12-13 14:45:22.309 | INFO     | __main__:run_pipeline:219 - Logged 386 historical predictions for TLKM.JK
2025-12-13 14:45:22.311 | INFO     | src.models.xgboost_model:train:18 - Training XGBoost model with 1541 samples
2025-12-13 14:45:24.151 | INFO     | __main__:run_pipeline:255 - XGBoost Results - MSE: 0.0038693380772051454, RMSE: 0.06220400370719834, MAE: 0.03981191640104012
2025-12-13 14:45:24.157 | INFO     | src.models.xgboost_model:save:28 - XGBoost model saved to data/models/TLKM.JK_1d_xgb.joblib
2025-12-13 14:45:24.175 | INFO     | __main__:<module>:294 - --- Training TLKM.JK [1h] ---
2025-12-13 14:45:24.176 | INFO     | __main__:run_pipeline:26 - Starting pipeline for TLKM.JK (1h)
2025-12-13 14:45:24.176 | INFO     | src.data_collection.stock_collector:fetch_history:49 - Fetching 730 days of history for TLKM.JK with interval 1h
2025-12-13 14:45:25.661 | INFO     | src.data_collection.stock_collector:fetch_history:122 - Successfully updated 4846 1h records for TLKM.JK
2025-12-13 14:45:26.110 | INFO     | src.models.lstm_model:train:40 - Training LSTM model with 8193 samples
2025-12-13 14:45:50.323 | INFO     | __main__:run_pipeline:145 - LSTM Results - MSE: 0.00044644599922640633, RMSE: 0.02112926878115772, MAE: 0.16175160469375613
2025-12-13 14:45:50.349 | INFO     | src.models.lstm_model:save:57 - Model saved to data/models/TLKM.JK_1h_lstm.h5
2025-12-13 14:45:51.063 | INFO     | __main__:run_pipeline:219 - Logged 2049 historical predictions for TLKM.JK
2025-12-13 14:45:51.065 | INFO     | src.models.xgboost_model:train:18 - Training XGBoost model with 8193 samples
2025-12-13 14:45:54.440 | INFO     | __main__:run_pipeline:255 - XGBoost Results - MSE: 0.0003879782023540807, RMSE: 0.01969716229191608, MAE: 0.012709083826337241
2025-12-13 14:45:54.444 | INFO     | src.models.xgboost_model:save:28 - XGBoost model saved to data/models/TLKM.JK_1h_xgb.joblib
2025-12-13 14:45:54.472 | INFO     | __main__:<module>:294 - --- Training TLKM.JK [15m] ---
2025-12-13 14:45:54.474 | INFO     | __main__:run_pipeline:26 - Starting pipeline for TLKM.JK (15m)
2025-12-13 14:45:54.474 | INFO     | src.data_collection.stock_collector:fetch_history:49 - Fetching 730 days of history for TLKM.JK with interval 15m
2025-12-13 14:45:55.010 | INFO     | src.data_collection.stock_collector:fetch_history:122 - Successfully updated 1177 15m records for TLKM.JK
2025-12-13 14:45:55.308 | INFO     | src.models.lstm_model:train:40 - Training LSTM model with 1973 samples
2025-12-13 14:46:02.678 | INFO     | __main__:run_pipeline:145 - LSTM Results - MSE: 0.0014474333432985711, RMSE: 0.03804514874854048, MAE: 0.04949045016957811
2025-12-13 14:46:02.705 | INFO     | src.models.lstm_model:save:57 - Model saved to data/models/TLKM.JK_15m_lstm.h5
2025-12-13 14:46:02.873 | INFO     | __main__:run_pipeline:219 - Logged 494 historical predictions for TLKM.JK
2025-12-13 14:46:02.875 | INFO     | src.models.xgboost_model:train:18 - Training XGBoost model with 1973 samples
2025-12-13 14:46:04.318 | INFO     | __main__:run_pipeline:255 - XGBoost Results - MSE: 0.0007137285763144904, RMSE: 0.026715699060935884, MAE: 0.01899823673961481
2025-12-13 14:46:04.322 | INFO     | src.models.xgboost_model:save:28 - XGBoost model saved to data/models/TLKM.JK_15m_xgb.joblib
2025-12-13 14:46:04.330 | INFO     | __main__:<module>:294 - --- Training ASII.JK [1d] ---
2025-12-13 14:46:04.333 | INFO     | __main__:run_pipeline:26 - Starting pipeline for ASII.JK (1d)
2025-12-13 14:46:04.333 | INFO     | src.data_collection.stock_collector:fetch_history:49 - Fetching 730 days of history for ASII.JK with interval 1d
2025-12-13 14:46:04.750 | INFO     | src.data_collection.news_collector:fetch_news:45 - Fetching Google News RSS for: ASII 
2025-12-13 14:46:04.771 | ERROR    | src.data_collection.news_collector:fetch_news:104 - Error fetching Google News: URL can't contain control characters. '/rss/search?q=saham+ASII &hl=id-ID&gl=ID&ceid=ID:id' (found at least ' ')
2025-12-13 14:46:04.941 | INFO     | src.data_collection.stock_collector:fetch_history:122 - Successfully updated 729 1d records for ASII.JK
2025-12-13 14:46:05.183 | INFO     | src.models.lstm_model:train:40 - Training LSTM model with 1541 samples
2025-12-13 14:46:11.494 | INFO     | __main__:run_pipeline:145 - LSTM Results - MSE: 0.0029481568875826983, RMSE: 0.054296932579867695, MAE: 0.2861346329461153
2025-12-13 14:46:11.521 | INFO     | src.models.lstm_model:save:57 - Model saved to data/models/ASII.JK_1d_lstm.h5
2025-12-13 14:46:11.673 | INFO     | __main__:run_pipeline:219 - Logged 386 historical predictions for ASII.JK
2025-12-13 14:46:11.675 | INFO     | src.models.xgboost_model:train:18 - Training XGBoost model with 1541 samples
2025-12-13 14:46:13.303 | INFO     | __main__:run_pipeline:255 - XGBoost Results - MSE: 0.034599252764640584, RMSE: 0.18600874378544838, MAE: 0.1197846528683295
2025-12-13 14:46:13.306 | INFO     | src.models.xgboost_model:save:28 - XGBoost model saved to data/models/ASII.JK_1d_xgb.joblib
2025-12-13 14:46:13.315 | INFO     | __main__:<module>:294 - --- Training ASII.JK [1h] ---
2025-12-13 14:46:13.316 | INFO     | __main__:run_pipeline:26 - Starting pipeline for ASII.JK (1h)
2025-12-13 14:46:13.316 | INFO     | src.data_collection.stock_collector:fetch_history:49 - Fetching 730 days of history for ASII.JK with interval 1h
2025-12-13 14:46:14.885 | INFO     | src.data_collection.stock_collector:fetch_history:122 - Successfully updated 4843 1h records for ASII.JK
2025-12-13 14:46:16.555 | INFO     | src.models.lstm_model:train:40 - Training LSTM model with 8191 samples
2025-12-13 14:46:43.598 | INFO     | __main__:run_pipeline:145 - LSTM Results - MSE: 0.0006267742405854477, RMSE: 0.0250354596639536, MAE: 0.3075723937489558
2025-12-13 14:46:43.631 | INFO     | src.models.lstm_model:save:57 - Model saved to data/models/ASII.JK_1h_lstm.h5
2025-12-13 14:46:44.353 | INFO     | __main__:run_pipeline:219 - Logged 2048 historical predictions for ASII.JK
2025-12-13 14:46:44.359 | INFO     | src.models.xgboost_model:train:18 - Training XGBoost model with 8191 samples
2025-12-13 14:46:46.973 | INFO     | __main__:run_pipeline:255 - XGBoost Results - MSE: 0.0003960676638277816, RMSE: 0.019901448787155714, MAE: 0.013383712006317982
2025-12-13 14:46:46.980 | INFO     | src.models.xgboost_model:save:28 - XGBoost model saved to data/models/ASII.JK_1h_xgb.joblib
2025-12-13 14:46:47.042 | INFO     | __main__:<module>:294 - --- Training ASII.JK [15m] ---
2025-12-13 14:46:47.054 | INFO     | __main__:run_pipeline:26 - Starting pipeline for ASII.JK (15m)
2025-12-13 14:46:47.055 | INFO     | src.data_collection.stock_collector:fetch_history:49 - Fetching 730 days of history for ASII.JK with interval 15m
2025-12-13 14:46:47.606 | INFO     | src.data_collection.stock_collector:fetch_history:122 - Successfully updated 1177 15m records for ASII.JK
2025-12-13 14:46:47.930 | INFO     | src.models.lstm_model:train:40 - Training LSTM model with 1973 samples
2025-12-13 14:46:55.306 | INFO     | __main__:run_pipeline:145 - LSTM Results - MSE: 0.005884721244354069, RMSE: 0.07671193677879648, MAE: 0.1035089326055804
2025-12-13 14:46:55.332 | INFO     | src.models.lstm_model:save:57 - Model saved to data/models/ASII.JK_15m_lstm.h5
2025-12-13 14:46:55.509 | INFO     | __main__:run_pipeline:219 - Logged 494 historical predictions for ASII.JK
2025-12-13 14:46:55.510 | INFO     | src.models.xgboost_model:train:18 - Training XGBoost model with 1973 samples
2025-12-13 14:46:56.898 | INFO     | __main__:run_pipeline:255 - XGBoost Results - MSE: 0.02474549247015861, RMSE: 0.15730700070295223, MAE: 0.11937202439049267
2025-12-13 14:46:56.901 | INFO     | src.models.xgboost_model:save:28 - XGBoost model saved to data/models/ASII.JK_15m_xgb.joblib
2025-12-13 14:46:56.923 | INFO     | __main__:<module>:294 - --- Training UNVR.JK [1d] ---
2025-12-13 14:46:56.925 | INFO     | __main__:run_pipeline:26 - Starting pipeline for UNVR.JK (1d)
2025-12-13 14:46:56.925 | INFO     | src.data_collection.stock_collector:fetch_history:49 - Fetching 730 days of history for UNVR.JK with interval 1d
2025-12-13 14:46:57.383 | INFO     | src.data_collection.news_collector:fetch_news:45 - Fetching Google News RSS for: UNVR 
2025-12-13 14:46:57.401 | ERROR    | src.data_collection.news_collector:fetch_news:104 - Error fetching Google News: URL can't contain control characters. '/rss/search?q=saham+UNVR &hl=id-ID&gl=ID&ceid=ID:id' (found at least ' ')
2025-12-13 14:46:57.601 | INFO     | src.data_collection.stock_collector:fetch_history:122 - Successfully updated 729 1d records for UNVR.JK
2025-12-13 14:46:57.947 | INFO     | src.models.lstm_model:train:40 - Training LSTM model with 1541 samples
2025-12-13 14:47:04.478 | INFO     | __main__:run_pipeline:145 - LSTM Results - MSE: 0.0011427013513542104, RMSE: 0.03380386592320781, MAE: 0.14250998196070813
2025-12-13 14:47:04.512 | INFO     | src.models.lstm_model:save:57 - Model saved to data/models/UNVR.JK_1d_lstm.h5
2025-12-13 14:47:04.659 | INFO     | __main__:run_pipeline:219 - Logged 386 historical predictions for UNVR.JK
2025-12-13 14:47:04.666 | INFO     | src.models.xgboost_model:train:18 - Training XGBoost model with 1541 samples
2025-12-13 14:47:06.225 | INFO     | __main__:run_pipeline:255 - XGBoost Results - MSE: 0.0005786918000376573, RMSE: 0.024056013801909436, MAE: 0.016574441485835815
2025-12-13 14:47:06.232 | INFO     | src.models.xgboost_model:save:28 - XGBoost model saved to data/models/UNVR.JK_1d_xgb.joblib
2025-12-13 14:47:06.241 | INFO     | __main__:<module>:294 - --- Training UNVR.JK [1h] ---
2025-12-13 14:47:06.241 | INFO     | __main__:run_pipeline:26 - Starting pipeline for UNVR.JK (1h)
2025-12-13 14:47:06.241 | INFO     | src.data_collection.stock_collector:fetch_history:49 - Fetching 730 days of history for UNVR.JK with interval 1h
2025-12-13 14:47:08.385 | INFO     | src.data_collection.stock_collector:fetch_history:122 - Successfully updated 4844 1h records for UNVR.JK
2025-12-13 14:47:08.749 | INFO     | src.models.lstm_model:train:40 - Training LSTM model with 8192 samples
2025-12-13 14:47:33.916 | INFO     | __main__:run_pipeline:145 - LSTM Results - MSE: 8.941848603848736e-05, RMSE: 0.009456134836099122, MAE: 0.11049884926429482
2025-12-13 14:47:33.957 | INFO     | src.models.lstm_model:save:57 - Model saved to data/models/UNVR.JK_1h_lstm.h5
2025-12-13 14:47:34.671 | INFO     | __main__:run_pipeline:219 - Logged 2048 historical predictions for UNVR.JK
2025-12-13 14:47:34.672 | INFO     | src.models.xgboost_model:train:18 - Training XGBoost model with 8192 samples
2025-12-13 14:47:37.394 | INFO     | __main__:run_pipeline:255 - XGBoost Results - MSE: 7.741228528791087e-05, RMSE: 0.00879842515953343, MAE: 0.005179221981154809
2025-12-13 14:47:37.399 | INFO     | src.models.xgboost_model:save:28 - XGBoost model saved to data/models/UNVR.JK_1h_xgb.joblib
2025-12-13 14:47:37.427 | INFO     | __main__:<module>:294 - --- Training UNVR.JK [15m] ---
2025-12-13 14:47:37.428 | INFO     | __main__:run_pipeline:26 - Starting pipeline for UNVR.JK (15m)
2025-12-13 14:47:37.429 | INFO     | src.data_collection.stock_collector:fetch_history:49 - Fetching 730 days of history for UNVR.JK with interval 15m
2025-12-13 14:47:37.968 | INFO     | src.data_collection.stock_collector:fetch_history:122 - Successfully updated 1177 15m records for UNVR.JK
2025-12-13 14:47:38.303 | INFO     | src.models.lstm_model:train:40 - Training LSTM model with 1973 samples
2025-12-13 14:47:45.639 | INFO     | __main__:run_pipeline:145 - LSTM Results - MSE: 0.0008538118485711981, RMSE: 0.029220059010398973, MAE: 0.051107038558194824
2025-12-13 14:47:45.664 | INFO     | src.models.lstm_model:save:57 - Model saved to data/models/UNVR.JK_15m_lstm.h5
2025-12-13 14:47:45.851 | INFO     | __main__:run_pipeline:219 - Logged 494 historical predictions for UNVR.JK
2025-12-13 14:47:45.852 | INFO     | src.models.xgboost_model:train:18 - Training XGBoost model with 1973 samples
2025-12-13 14:47:47.804 | INFO     | __main__:run_pipeline:255 - XGBoost Results - MSE: 0.0011358768931670224, RMSE: 0.03370277278158316, MAE: 0.026084962045664295
2025-12-13 14:47:47.814 | INFO     | src.models.xgboost_model:save:28 - XGBoost model saved to data/models/UNVR.JK_15m_xgb.joblib
2025-12-13 14:47:47.849 | INFO     | __main__:<module>:300 - Cycle completed. Sleeping for 1 hour...
2025-12-13 15:47:47.930 | INFO     | __main__:<module>:294 - --- Training BBCA.JK [1d] ---
2025-12-13 15:47:48.137 | INFO     | __main__:run_pipeline:26 - Starting pipeline for BBCA.JK (1d)
2025-12-13 15:47:48.146 | INFO     | src.data_collection.stock_collector:fetch_history:49 - Fetching 730 days of history for BBCA.JK with interval 1d
2025-12-13 15:47:50.366 | INFO     | src.data_collection.news_collector:fetch_news:45 - Fetching Google News RSS for: BBCA 
2025-12-13 15:47:50.547 | ERROR    | src.data_collection.news_collector:fetch_news:104 - Error fetching Google News: URL can't contain control characters. '/rss/search?q=saham+BBCA &hl=id-ID&gl=ID&ceid=ID:id' (found at least ' ')
2025-12-13 15:47:50.903 | INFO     | src.data_collection.stock_collector:fetch_history:122 - Successfully updated 729 1d records for BBCA.JK
2025-12-13 15:47:53.277 | INFO     | src.models.lstm_model:train:40 - Training LSTM model with 1541 samples
2025-12-13 15:48:04.592 | INFO     | __main__:run_pipeline:145 - LSTM Results - MSE: 0.002896457059880631, RMSE: 0.05381874264492465, MAE: 0.1352949603433455
2025-12-13 15:48:04.936 | INFO     | src.models.lstm_model:save:57 - Model saved to data/models/BBCA.JK_1d_lstm.h5
2025-12-13 15:48:05.424 | INFO     | __main__:run_pipeline:219 - Logged 386 historical predictions for BBCA.JK
2025-12-13 15:48:05.461 | INFO     | src.models.xgboost_model:train:18 - Training XGBoost model with 1541 samples
2025-12-13 15:48:08.104 | INFO     | __main__:run_pipeline:255 - XGBoost Results - MSE: 0.011698301777113033, RMSE: 0.10815868794097418, MAE: 0.06900849766219191
2025-12-13 15:48:08.115 | INFO     | src.models.xgboost_model:save:28 - XGBoost model saved to data/models/BBCA.JK_1d_xgb.joblib
2025-12-13 15:48:08.155 | INFO     | __main__:<module>:294 - --- Training BBCA.JK [1h] ---
2025-12-13 15:48:08.157 | INFO     | __main__:run_pipeline:26 - Starting pipeline for BBCA.JK (1h)
2025-12-13 15:48:08.157 | INFO     | src.data_collection.stock_collector:fetch_history:49 - Fetching 730 days of history for BBCA.JK with interval 1h
2025-12-13 15:48:09.585 | INFO     | src.data_collection.stock_collector:fetch_history:122 - Successfully updated 4852 1h records for BBCA.JK
2025-12-13 15:48:13.698 | INFO     | src.models.lstm_model:train:40 - Training LSTM model with 8198 samples
2025-12-13 15:48:47.219 | INFO     | __main__:run_pipeline:145 - LSTM Results - MSE: 0.0004208678998369463, RMSE: 0.020515065192120308, MAE: 0.15369983567269946
2025-12-13 15:48:47.289 | INFO     | src.models.lstm_model:save:57 - Model saved to data/models/BBCA.JK_1h_lstm.h5
2025-12-13 15:48:47.926 | INFO     | __main__:run_pipeline:219 - Logged 2050 historical predictions for BBCA.JK
2025-12-13 15:48:47.929 | INFO     | src.models.xgboost_model:train:18 - Training XGBoost model with 8198 samples
2025-12-13 15:48:50.392 | INFO     | __main__:run_pipeline:255 - XGBoost Results - MSE: 0.0030279373330770734, RMSE: 0.05502669654883049, MAE: 0.028205396500990094
2025-12-13 15:48:50.399 | INFO     | src.models.xgboost_model:save:28 - XGBoost model saved to data/models/BBCA.JK_1h_xgb.joblib
2025-12-13 15:48:50.460 | INFO     | __main__:<module>:294 - --- Training BBCA.JK [15m] ---
2025-12-13 15:48:50.462 | INFO     | __main__:run_pipeline:26 - Starting pipeline for BBCA.JK (15m)
2025-12-13 15:48:50.462 | INFO     | src.data_collection.stock_collector:fetch_history:49 - Fetching 730 days of history for BBCA.JK with interval 15m
2025-12-13 15:48:51.032 | INFO     | src.data_collection.stock_collector:fetch_history:122 - Successfully updated 1177 15m records for BBCA.JK
2025-12-13 15:48:51.397 | INFO     | src.models.lstm_model:train:40 - Training LSTM model with 1973 samples
2025-12-13 15:48:58.487 | INFO     | __main__:run_pipeline:145 - LSTM Results - MSE: 0.00099479732332989, RMSE: 0.03154040778636018, MAE: 0.11174154907520024
2025-12-13 15:48:58.514 | INFO     | src.models.lstm_model:save:57 - Model saved to data/models/BBCA.JK_15m_lstm.h5
2025-12-13 15:48:58.695 | INFO     | __main__:run_pipeline:219 - Logged 494 historical predictions for BBCA.JK
2025-12-13 15:48:58.697 | INFO     | src.models.xgboost_model:train:18 - Training XGBoost model with 1973 samples
2025-12-13 15:49:00.141 | INFO     | __main__:run_pipeline:255 - XGBoost Results - MSE: 0.012372851016162938, RMSE: 0.11123331792301683, MAE: 0.07928692469557268
2025-12-13 15:49:00.145 | INFO     | src.models.xgboost_model:save:28 - XGBoost model saved to data/models/BBCA.JK_15m_xgb.joblib
2025-12-13 15:49:00.162 | INFO     | __main__:<module>:294 - --- Training BBRI.JK [1d] ---
2025-12-13 15:49:00.164 | INFO     | __main__:run_pipeline:26 - Starting pipeline for BBRI.JK (1d)
2025-12-13 15:49:00.164 | INFO     | src.data_collection.stock_collector:fetch_history:49 - Fetching 730 days of history for BBRI.JK with interval 1d
2025-12-13 15:49:00.427 | INFO     | src.data_collection.news_collector:fetch_news:45 - Fetching Google News RSS for: BBRI 
2025-12-13 15:49:00.441 | ERROR    | src.data_collection.news_collector:fetch_news:104 - Error fetching Google News: URL can't contain control characters. '/rss/search?q=saham+BBRI &hl=id-ID&gl=ID&ceid=ID:id' (found at least ' ')
2025-12-13 15:49:00.635 | INFO     | src.data_collection.stock_collector:fetch_history:122 - Successfully updated 729 1d records for BBRI.JK
2025-12-13 15:49:00.919 | INFO     | src.models.lstm_model:train:40 - Training LSTM model with 1541 samples
2025-12-13 15:49:06.722 | INFO     | __main__:run_pipeline:145 - LSTM Results - MSE: 0.001166426491617884, RMSE: 0.03415298656952103, MAE: 0.07301152566491537
2025-12-13 15:49:06.745 | INFO     | src.models.lstm_model:save:57 - Model saved to data/models/BBRI.JK_1d_lstm.h5
2025-12-13 15:49:06.880 | INFO     | __main__:run_pipeline:219 - Logged 386 historical predictions for BBRI.JK
2025-12-13 15:49:06.881 | INFO     | src.models.xgboost_model:train:18 - Training XGBoost model with 1541 samples
2025-12-13 15:49:08.443 | INFO     | __main__:run_pipeline:255 - XGBoost Results - MSE: 0.0010799446863302823, RMSE: 0.03286251186884962, MAE: 0.025189255107361266
2025-12-13 15:49:08.446 | INFO     | src.models.xgboost_model:save:28 - XGBoost model saved to data/models/BBRI.JK_1d_xgb.joblib
2025-12-13 15:49:08.460 | INFO     | __main__:<module>:294 - --- Training BBRI.JK [1h] ---
2025-12-13 15:49:08.461 | INFO     | __main__:run_pipeline:26 - Starting pipeline for BBRI.JK (1h)
2025-12-13 15:49:08.461 | INFO     | src.data_collection.stock_collector:fetch_history:49 - Fetching 730 days of history for BBRI.JK with interval 1h
2025-12-13 15:49:10.099 | INFO     | src.data_collection.stock_collector:fetch_history:122 - Successfully updated 4853 1h records for BBRI.JK
2025-12-13 15:49:10.436 | INFO     | src.models.lstm_model:train:40 - Training LSTM model with 8199 samples
2025-12-13 15:49:34.627 | INFO     | __main__:run_pipeline:145 - LSTM Results - MSE: 0.0003143272143483921, RMSE: 0.01772927562954539, MAE: 0.07250929752245865
2025-12-13 15:49:34.652 | INFO     | src.models.lstm_model:save:57 - Model saved to data/models/BBRI.JK_1h_lstm.h5
2025-12-13 15:49:35.326 | INFO     | __main__:run_pipeline:219 - Logged 2050 historical predictions for BBRI.JK
2025-12-13 15:49:35.328 | INFO     | src.models.xgboost_model:train:18 - Training XGBoost model with 8199 samples
2025-12-13 15:49:38.285 | INFO     | __main__:run_pipeline:255 - XGBoost Results - MSE: 0.00014171410099502713, RMSE: 0.011904373187825855, MAE: 0.008242200517378978
2025-12-13 15:49:38.290 | INFO     | src.models.xgboost_model:save:28 - XGBoost model saved to data/models/BBRI.JK_1h_xgb.joblib
2025-12-13 15:49:38.324 | INFO     | __main__:<module>:294 - --- Training BBRI.JK [15m] ---
2025-12-13 15:49:38.325 | INFO     | __main__:run_pipeline:26 - Starting pipeline for BBRI.JK (15m)
2025-12-13 15:49:38.326 | INFO     | src.data_collection.stock_collector:fetch_history:49 - Fetching 730 days of history for BBRI.JK with interval 15m
2025-12-13 15:49:38.862 | INFO     | src.data_collection.stock_collector:fetch_history:122 - Successfully updated 1177 15m records for BBRI.JK
2025-12-13 15:49:39.186 | INFO     | src.models.lstm_model:train:40 - Training LSTM model with 1973 samples
2025-12-13 15:49:47.527 | INFO     | __main__:run_pipeline:145 - LSTM Results - MSE: 0.0010573789513435422, RMSE: 0.032517363843699604, MAE: 0.049847241460891284
2025-12-13 15:49:47.558 | INFO     | src.models.lstm_model:save:57 - Model saved to data/models/BBRI.JK_15m_lstm.h5
2025-12-13 15:49:47.747 | INFO     | __main__:run_pipeline:219 - Logged 494 historical predictions for BBRI.JK
2025-12-13 15:49:47.749 | INFO     | src.models.xgboost_model:train:18 - Training XGBoost model with 1973 samples
2025-12-13 15:49:49.358 | INFO     | __main__:run_pipeline:255 - XGBoost Results - MSE: 0.0013042470498611722, RMSE: 0.03611436071511127, MAE: 0.025674078557536905
2025-12-13 15:49:49.363 | INFO     | src.models.xgboost_model:save:28 - XGBoost model saved to data/models/BBRI.JK_15m_xgb.joblib
2025-12-13 15:49:49.387 | INFO     | __main__:<module>:294 - --- Training TLKM.JK [1d] ---
2025-12-13 15:49:49.388 | INFO     | __main__:run_pipeline:26 - Starting pipeline for TLKM.JK (1d)
2025-12-13 15:49:49.388 | INFO     | src.data_collection.stock_collector:fetch_history:49 - Fetching 730 days of history for TLKM.JK with interval 1d
2025-12-13 15:49:49.654 | INFO     | src.data_collection.news_collector:fetch_news:45 - Fetching Google News RSS for: TLKM 
2025-12-13 15:49:49.665 | ERROR    | src.data_collection.news_collector:fetch_news:104 - Error fetching Google News: URL can't contain control characters. '/rss/search?q=saham+TLKM &hl=id-ID&gl=ID&ceid=ID:id' (found at least ' ')
2025-12-13 15:49:49.893 | INFO     | src.data_collection.stock_collector:fetch_history:122 - Successfully updated 729 1d records for TLKM.JK
2025-12-13 15:49:50.232 | INFO     | src.models.lstm_model:train:40 - Training LSTM model with 1541 samples
2025-12-13 15:49:56.212 | INFO     | __main__:run_pipeline:145 - LSTM Results - MSE: 0.0040893654462281735, RMSE: 0.06394814654255566, MAE: 0.21712119277341718
2025-12-13 15:49:56.242 | INFO     | src.models.lstm_model:save:57 - Model saved to data/models/TLKM.JK_1d_lstm.h5
2025-12-13 15:49:56.389 | INFO     | __main__:run_pipeline:219 - Logged 386 historical predictions for TLKM.JK
2025-12-13 15:49:56.390 | INFO     | src.models.xgboost_model:train:18 - Training XGBoost model with 1541 samples
2025-12-13 15:49:57.964 | INFO     | __main__:run_pipeline:255 - XGBoost Results - MSE: 0.0038693380772051454, RMSE: 0.06220400370719834, MAE: 0.03981191640104012
2025-12-13 15:49:57.970 | INFO     | src.models.xgboost_model:save:28 - XGBoost model saved to data/models/TLKM.JK_1d_xgb.joblib
2025-12-13 15:49:57.989 | INFO     | __main__:<module>:294 - --- Training TLKM.JK [1h] ---
2025-12-13 15:49:57.990 | INFO     | __main__:run_pipeline:26 - Starting pipeline for TLKM.JK (1h)
2025-12-13 15:49:57.990 | INFO     | src.data_collection.stock_collector:fetch_history:49 - Fetching 730 days of history for TLKM.JK with interval 1h
2025-12-13 15:49:59.524 | INFO     | src.data_collection.stock_collector:fetch_history:122 - Successfully updated 4846 1h records for TLKM.JK
2025-12-13 15:50:00.147 | INFO     | src.models.lstm_model:train:40 - Training LSTM model with 8193 samples
2025-12-13 15:50:23.651 | INFO     | __main__:run_pipeline:145 - LSTM Results - MSE: 0.0003828891313129764, RMSE: 0.019567553023129295, MAE: 0.16544357193818446
2025-12-13 15:50:23.678 | INFO     | src.models.lstm_model:save:57 - Model saved to data/models/TLKM.JK_1h_lstm.h5
2025-12-13 15:50:24.367 | INFO     | __main__:run_pipeline:219 - Logged 2049 historical predictions for TLKM.JK
2025-12-13 15:50:24.369 | INFO     | src.models.xgboost_model:train:18 - Training XGBoost model with 8193 samples
2025-12-13 15:50:27.368 | INFO     | __main__:run_pipeline:255 - XGBoost Results - MSE: 0.0003879782023540807, RMSE: 0.01969716229191608, MAE: 0.012709083826337241
2025-12-13 15:50:27.372 | INFO     | src.models.xgboost_model:save:28 - XGBoost model saved to data/models/TLKM.JK_1h_xgb.joblib
2025-12-13 15:50:27.400 | INFO     | __main__:<module>:294 - --- Training TLKM.JK [15m] ---
2025-12-13 15:50:27.401 | INFO     | __main__:run_pipeline:26 - Starting pipeline for TLKM.JK (15m)
2025-12-13 15:50:27.402 | INFO     | src.data_collection.stock_collector:fetch_history:49 - Fetching 730 days of history for TLKM.JK with interval 15m
2025-12-13 15:50:27.961 | INFO     | src.data_collection.stock_collector:fetch_history:122 - Successfully updated 1177 15m records for TLKM.JK
2025-12-13 15:50:28.263 | INFO     | src.models.lstm_model:train:40 - Training LSTM model with 1973 samples
2025-12-13 15:50:35.722 | INFO     | __main__:run_pipeline:145 - LSTM Results - MSE: 0.0011819341913409354, RMSE: 0.03437926979068833, MAE: 0.04808584154140917
2025-12-13 15:50:35.776 | INFO     | src.models.lstm_model:save:57 - Model saved to data/models/TLKM.JK_15m_lstm.h5
2025-12-13 15:50:35.964 | INFO     | __main__:run_pipeline:219 - Logged 494 historical predictions for TLKM.JK
2025-12-13 15:50:35.966 | INFO     | src.models.xgboost_model:train:18 - Training XGBoost model with 1973 samples
2025-12-13 15:50:37.281 | INFO     | __main__:run_pipeline:255 - XGBoost Results - MSE: 0.0007137285763144904, RMSE: 0.026715699060935884, MAE: 0.01899823673961481
2025-12-13 15:50:37.286 | INFO     | src.models.xgboost_model:save:28 - XGBoost model saved to data/models/TLKM.JK_15m_xgb.joblib
2025-12-13 15:50:37.309 | INFO     | __main__:<module>:294 - --- Training ASII.JK [1d] ---
2025-12-13 15:50:37.310 | INFO     | __main__:run_pipeline:26 - Starting pipeline for ASII.JK (1d)
2025-12-13 15:50:37.310 | INFO     | src.data_collection.stock_collector:fetch_history:49 - Fetching 730 days of history for ASII.JK with interval 1d
2025-12-13 15:50:37.557 | INFO     | src.data_collection.news_collector:fetch_news:45 - Fetching Google News RSS for: ASII 
2025-12-13 15:50:37.571 | ERROR    | src.data_collection.news_collector:fetch_news:104 - Error fetching Google News: URL can't contain control characters. '/rss/search?q=saham+ASII &hl=id-ID&gl=ID&ceid=ID:id' (found at least ' ')
2025-12-13 15:50:37.744 | INFO     | src.data_collection.stock_collector:fetch_history:122 - Successfully updated 729 1d records for ASII.JK
2025-12-13 15:50:38.014 | INFO     | src.models.lstm_model:train:40 - Training LSTM model with 1541 samples
2025-12-13 15:50:45.123 | INFO     | __main__:run_pipeline:145 - LSTM Results - MSE: 0.002807860474358841, RMSE: 0.05298924866761975, MAE: 0.28554827542088496
2025-12-13 15:50:45.145 | INFO     | src.models.lstm_model:save:57 - Model saved to data/models/ASII.JK_1d_lstm.h5
2025-12-13 15:50:45.291 | INFO     | __main__:run_pipeline:219 - Logged 386 historical predictions for ASII.JK
2025-12-13 15:50:45.293 | INFO     | src.models.xgboost_model:train:18 - Training XGBoost model with 1541 samples
2025-12-13 15:50:47.296 | INFO     | __main__:run_pipeline:255 - XGBoost Results - MSE: 0.03460183596860044, RMSE: 0.18601568742608898, MAE: 0.11967035430548746
2025-12-13 15:50:47.302 | INFO     | src.models.xgboost_model:save:28 - XGBoost model saved to data/models/ASII.JK_1d_xgb.joblib
2025-12-13 15:50:47.352 | INFO     | __main__:<module>:294 - --- Training ASII.JK [1h] ---
2025-12-13 15:50:47.354 | INFO     | __main__:run_pipeline:26 - Starting pipeline for ASII.JK (1h)
2025-12-13 15:50:47.354 | INFO     | src.data_collection.stock_collector:fetch_history:49 - Fetching 730 days of history for ASII.JK with interval 1h
2025-12-13 15:50:48.922 | INFO     | src.data_collection.stock_collector:fetch_history:122 - Successfully updated 4843 1h records for ASII.JK
2025-12-13 15:50:49.426 | INFO     | src.models.lstm_model:train:40 - Training LSTM model with 8191 samples
2025-12-13 15:51:14.266 | INFO     | __main__:run_pipeline:145 - LSTM Results - MSE: 0.0005184900742999091, RMSE: 0.022770377122478872, MAE: 0.3138202061301869
2025-12-13 15:51:14.298 | INFO     | src.models.lstm_model:save:57 - Model saved to data/models/ASII.JK_1h_lstm.h5
2025-12-13 15:51:14.996 | INFO     | __main__:run_pipeline:219 - Logged 2048 historical predictions for ASII.JK
2025-12-13 15:51:14.997 | INFO     | src.models.xgboost_model:train:18 - Training XGBoost model with 8191 samples
2025-12-13 15:51:18.095 | INFO     | __main__:run_pipeline:255 - XGBoost Results - MSE: 0.0003960676638277816, RMSE: 0.019901448787155714, MAE: 0.013383712006317982
2025-12-13 15:51:18.100 | INFO     | src.models.xgboost_model:save:28 - XGBoost model saved to data/models/ASII.JK_1h_xgb.joblib
2025-12-13 15:51:18.138 | INFO     | __main__:<module>:294 - --- Training ASII.JK [15m] ---
2025-12-13 15:51:18.139 | INFO     | __main__:run_pipeline:26 - Starting pipeline for ASII.JK (15m)
2025-12-13 15:51:18.139 | INFO     | src.data_collection.stock_collector:fetch_history:49 - Fetching 730 days of history for ASII.JK with interval 15m
2025-12-13 15:51:18.700 | INFO     | src.data_collection.stock_collector:fetch_history:122 - Successfully updated 1177 15m records for ASII.JK
2025-12-13 15:51:19.053 | INFO     | src.models.lstm_model:train:40 - Training LSTM model with 1973 samples
2025-12-13 15:51:26.869 | INFO     | __main__:run_pipeline:145 - LSTM Results - MSE: 0.001965528706419775, RMSE: 0.0443342836461781, MAE: 0.09121880004772015
2025-12-13 15:51:26.902 | INFO     | src.models.lstm_model:save:57 - Model saved to data/models/ASII.JK_15m_lstm.h5
2025-12-13 15:51:27.095 | INFO     | __main__:run_pipeline:219 - Logged 494 historical predictions for ASII.JK
2025-12-13 15:51:27.097 | INFO     | src.models.xgboost_model:train:18 - Training XGBoost model with 1973 samples
2025-12-13 15:51:28.586 | INFO     | __main__:run_pipeline:255 - XGBoost Results - MSE: 0.02474549247015861, RMSE: 0.15730700070295223, MAE: 0.11937202439049267
2025-12-13 15:51:28.589 | INFO     | src.models.xgboost_model:save:28 - XGBoost model saved to data/models/ASII.JK_15m_xgb.joblib
2025-12-13 15:51:28.608 | INFO     | __main__:<module>:294 - --- Training UNVR.JK [1d] ---
2025-12-13 15:51:28.609 | INFO     | __main__:run_pipeline:26 - Starting pipeline for UNVR.JK (1d)
2025-12-13 15:51:28.609 | INFO     | src.data_collection.stock_collector:fetch_history:49 - Fetching 730 days of history for UNVR.JK with interval 1d
2025-12-13 15:51:28.872 | INFO     | src.data_collection.news_collector:fetch_news:45 - Fetching Google News RSS for: UNVR 
2025-12-13 15:51:28.882 | ERROR    | src.data_collection.news_collector:fetch_news:104 - Error fetching Google News: URL can't contain control characters. '/rss/search?q=saham+UNVR &hl=id-ID&gl=ID&ceid=ID:id' (found at least ' ')
2025-12-13 15:51:29.068 | INFO     | src.data_collection.stock_collector:fetch_history:122 - Successfully updated 729 1d records for UNVR.JK
2025-12-13 15:51:29.371 | INFO     | src.models.lstm_model:train:40 - Training LSTM model with 1541 samples
2025-12-13 15:51:35.422 | INFO     | __main__:run_pipeline:145 - LSTM Results - MSE: 0.002245708701634072, RMSE: 0.047388909057226376, MAE: 0.1448862248649361
2025-12-13 15:51:35.452 | INFO     | src.models.lstm_model:save:57 - Model saved to data/models/UNVR.JK_1d_lstm.h5
2025-12-13 15:51:35.614 | INFO     | __main__:run_pipeline:219 - Logged 386 historical predictions for UNVR.JK
2025-12-13 15:51:35.616 | INFO     | src.models.xgboost_model:train:18 - Training XGBoost model with 1541 samples
2025-12-13 15:51:38.824 | INFO     | __main__:run_pipeline:255 - XGBoost Results - MSE: 0.0005786918000376573, RMSE: 0.024056013801909436, MAE: 0.016574441485835815
2025-12-13 15:51:38.830 | INFO     | src.models.xgboost_model:save:28 - XGBoost model saved to data/models/UNVR.JK_1d_xgb.joblib
2025-12-13 15:51:38.855 | INFO     | __main__:<module>:294 - --- Training UNVR.JK [1h] ---
2025-12-13 15:51:38.857 | INFO     | __main__:run_pipeline:26 - Starting pipeline for UNVR.JK (1h)
2025-12-13 15:51:38.857 | INFO     | src.data_collection.stock_collector:fetch_history:49 - Fetching 730 days of history for UNVR.JK with interval 1h
2025-12-13 15:51:40.374 | INFO     | src.data_collection.stock_collector:fetch_history:122 - Successfully updated 4844 1h records for UNVR.JK
2025-12-13 15:51:42.662 | INFO     | src.models.lstm_model:train:40 - Training LSTM model with 8192 samples
2025-12-13 15:52:10.944 | INFO     | __main__:run_pipeline:145 - LSTM Results - MSE: 0.00010780559320912798, RMSE: 0.01038294723135623, MAE: 0.10951772755231567
2025-12-13 15:52:10.987 | INFO     | src.models.lstm_model:save:57 - Model saved to data/models/UNVR.JK_1h_lstm.h5
2025-12-13 15:52:11.742 | INFO     | __main__:run_pipeline:219 - Logged 2048 historical predictions for UNVR.JK
2025-12-13 15:52:11.744 | INFO     | src.models.xgboost_model:train:18 - Training XGBoost model with 8192 samples
2025-12-13 15:52:14.175 | INFO     | __main__:run_pipeline:255 - XGBoost Results - MSE: 7.741228528791087e-05, RMSE: 0.00879842515953343, MAE: 0.005179221981154809
2025-12-13 15:52:14.182 | INFO     | src.models.xgboost_model:save:28 - XGBoost model saved to data/models/UNVR.JK_1h_xgb.joblib
2025-12-13 15:52:14.223 | INFO     | __main__:<module>:294 - --- Training UNVR.JK [15m] ---
2025-12-13 15:52:14.225 | INFO     | __main__:run_pipeline:26 - Starting pipeline for UNVR.JK (15m)
2025-12-13 15:52:14.225 | INFO     | src.data_collection.stock_collector:fetch_history:49 - Fetching 730 days of history for UNVR.JK with interval 15m
2025-12-13 15:52:14.795 | INFO     | src.data_collection.stock_collector:fetch_history:122 - Successfully updated 1177 15m records for UNVR.JK
2025-12-13 15:52:15.143 | INFO     | src.models.lstm_model:train:40 - Training LSTM model with 1973 samples
2025-12-13 15:52:25.178 | INFO     | __main__:run_pipeline:145 - LSTM Results - MSE: 0.0009546645754818536, RMSE: 0.030897646762849975, MAE: 0.0490767668210899
2025-12-13 15:52:25.208 | INFO     | src.models.lstm_model:save:57 - Model saved to data/models/UNVR.JK_15m_lstm.h5
2025-12-13 15:52:25.399 | INFO     | __main__:run_pipeline:219 - Logged 494 historical predictions for UNVR.JK
2025-12-13 15:52:25.400 | INFO     | src.models.xgboost_model:train:18 - Training XGBoost model with 1973 samples
2025-12-13 15:52:27.246 | INFO     | __main__:run_pipeline:255 - XGBoost Results - MSE: 0.0011358768931670224, RMSE: 0.03370277278158316, MAE: 0.026084962045664295
2025-12-13 15:52:27.252 | INFO     | src.models.xgboost_model:save:28 - XGBoost model saved to data/models/UNVR.JK_15m_xgb.joblib
2025-12-13 15:52:27.276 | INFO     | __main__:<module>:300 - Cycle completed. Sleeping for 1 hour...
2025-12-13 15:54:58.508 | ERROR    | src.api.main:predict:147 - Prediction error: in user code:

    File "/usr/local/lib/python3.10/site-packages/keras/src/engine/training.py", line 2440, in predict_function  *
        return step_function(self, iterator)
    File "/usr/local/lib/python3.10/site-packages/keras/src/engine/training.py", line 2425, in step_function  **
        outputs = model.distribute_strategy.run(run_step, args=(data,))
    File "/usr/local/lib/python3.10/site-packages/keras/src/engine/training.py", line 2413, in run_step  **
        outputs = model.predict_step(data)
    File "/usr/local/lib/python3.10/site-packages/keras/src/engine/training.py", line 2381, in predict_step
        return self(x, training=False)
    File "/usr/local/lib/python3.10/site-packages/keras/src/utils/traceback_utils.py", line 70, in error_handler
        raise e.with_traceback(filtered_tb) from None
    File "/usr/local/lib/python3.10/site-packages/keras/src/engine/input_spec.py", line 298, in assert_input_compatibility
        raise ValueError(

    ValueError: Input 0 of layer "sequential_15" is incompatible with the layer: expected shape=(None, 60, 11), found shape=(None, 60, 5)

2025-12-13 15:55:25.661 | ERROR    | src.api.main:predict:147 - Prediction error: in user code:

    File "/usr/local/lib/python3.10/site-packages/keras/src/engine/training.py", line 2440, in predict_function  *
        return step_function(self, iterator)
    File "/usr/local/lib/python3.10/site-packages/keras/src/engine/training.py", line 2425, in step_function  **
        outputs = model.distribute_strategy.run(run_step, args=(data,))
    File "/usr/local/lib/python3.10/site-packages/keras/src/engine/training.py", line 2413, in run_step  **
        outputs = model.predict_step(data)
    File "/usr/local/lib/python3.10/site-packages/keras/src/engine/training.py", line 2381, in predict_step
        return self(x, training=False)
    File "/usr/local/lib/python3.10/site-packages/keras/src/utils/traceback_utils.py", line 70, in error_handler
        raise e.with_traceback(filtered_tb) from None
    File "/usr/local/lib/python3.10/site-packages/keras/src/engine/input_spec.py", line 298, in assert_input_compatibility
        raise ValueError(

    ValueError: Input 0 of layer "sequential_15" is incompatible with the layer: expected shape=(None, 60, 11), found shape=(None, 60, 5)

2025-12-13 15:57:02.509 | INFO     | src.training.trainer:run_pipeline:26 - Starting pipeline for BBCA.JK (1d)
2025-12-13 15:57:02.514 | INFO     | src.data_collection.stock_collector:fetch_history:49 - Fetching 730 days of history for BBCA.JK with interval 1d
2025-12-13 15:57:04.949 | ERROR    | src.data_collection.stock_collector:fetch_history:86 - News collection failed: unexpected indent (news_collector.py, line 39)
2025-12-13 15:57:05.439 | INFO     | src.data_collection.stock_collector:fetch_history:122 - Successfully updated 729 1d records for BBCA.JK
2025-12-13 15:57:08.236 | INFO     | src.models.lstm_model:train:40 - Training LSTM model with 1541 samples
2025-12-13 15:57:20.515 | INFO     | __main__:<module>:287 - Starting Continuous Model Trainer...
2025-12-13 15:57:20.522 | INFO     | __main__:<module>:294 - --- Training BBCA.JK [1d] ---
2025-12-13 15:57:20.523 | INFO     | __main__:run_pipeline:26 - Starting pipeline for BBCA.JK (1d)
2025-12-13 15:57:20.523 | INFO     | src.data_collection.stock_collector:fetch_history:49 - Fetching 730 days of history for BBCA.JK with interval 1d
2025-12-13 15:57:21.722 | ERROR    | src.data_collection.stock_collector:fetch_history:86 - News collection failed: unexpected indent (news_collector.py, line 39)
2025-12-13 15:57:21.949 | INFO     | src.data_collection.stock_collector:fetch_history:122 - Successfully updated 729 1d records for BBCA.JK
2025-12-13 15:57:23.639 | INFO     | src.models.lstm_model:train:40 - Training LSTM model with 1541 samples
2025-12-13 15:57:24.873 | INFO     | src.training.trainer:run_pipeline:145 - LSTM Results - MSE: 0.0032101386809096906, RMSE: 0.05665808575048835, MAE: 0.13728800830878787
2025-12-13 15:57:25.020 | INFO     | src.models.lstm_model:save:57 - Model saved to data/models/BBCA.JK_1d_lstm.h5
2025-12-13 15:57:25.198 | INFO     | src.training.trainer:run_pipeline:219 - Logged 386 historical predictions for BBCA.JK
2025-12-13 15:57:25.202 | INFO     | src.models.xgboost_model:train:18 - Training XGBoost model with 1541 samples
2025-12-13 15:57:29.454 | INFO     | src.training.trainer:run_pipeline:26 - Starting pipeline for BBCA.JK (1d)
2025-12-13 15:57:29.459 | INFO     | src.data_collection.stock_collector:fetch_history:49 - Fetching 730 days of history for BBCA.JK with interval 1d
2025-12-13 15:57:30.161 | ERROR    | src.data_collection.stock_collector:fetch_history:86 - News collection failed: unexpected indent (news_collector.py, line 39)
2025-12-13 15:57:30.791 | INFO     | src.data_collection.stock_collector:fetch_history:122 - Successfully updated 729 1d records for BBCA.JK
2025-12-13 15:57:32.899 | INFO     | src.models.lstm_model:train:40 - Training LSTM model with 1541 samples
2025-12-13 15:57:33.040 | INFO     | src.training.trainer:run_pipeline:255 - XGBoost Results - MSE: 0.012169978266395922, RMSE: 0.1103176244595392, MAE: 0.07037690327677804
2025-12-13 15:57:33.050 | INFO     | src.models.xgboost_model:save:28 - XGBoost model saved to data/models/BBCA.JK_1d_xgb.joblib
2025-12-13 15:57:37.376 | INFO     | __main__:run_pipeline:145 - LSTM Results - MSE: 0.0028141563732980096, RMSE: 0.05304862272762611, MAE: 0.13724301045419243
2025-12-13 15:57:37.485 | INFO     | src.models.lstm_model:save:57 - Model saved to data/models/BBCA.JK_1d_lstm.h5
2025-12-13 15:57:37.691 | INFO     | __main__:run_pipeline:219 - Logged 386 historical predictions for BBCA.JK
2025-12-13 15:57:37.699 | INFO     | src.models.xgboost_model:train:18 - Training XGBoost model with 1541 samples
2025-12-13 15:57:40.662 | INFO     | __main__:run_pipeline:255 - XGBoost Results - MSE: 0.011718380698376545, RMSE: 0.10825146972848242, MAE: 0.0696187590166571
2025-12-13 15:57:40.671 | INFO     | src.models.xgboost_model:save:28 - XGBoost model saved to data/models/BBCA.JK_1d_xgb.joblib
2025-12-13 15:57:40.696 | INFO     | __main__:<module>:294 - --- Training BBCA.JK [1h] ---
2025-12-13 15:57:40.699 | INFO     | __main__:run_pipeline:26 - Starting pipeline for BBCA.JK (1h)
2025-12-13 15:57:40.700 | INFO     | src.data_collection.stock_collector:fetch_history:49 - Fetching 730 days of history for BBCA.JK with interval 1h
2025-12-13 15:57:43.150 | INFO     | src.training.trainer:run_pipeline:145 - LSTM Results - MSE: 0.0023464610078479725, RMSE: 0.04844028290429333, MAE: 0.13252668993061514
2025-12-13 15:57:43.152 | INFO     | src.data_collection.stock_collector:fetch_history:122 - Successfully updated 4852 1h records for BBCA.JK
2025-12-13 15:57:43.238 | INFO     | src.models.lstm_model:save:57 - Model saved to data/models/BBCA.JK_1d_lstm.h5
2025-12-13 15:57:43.392 | INFO     | src.training.trainer:run_pipeline:219 - Logged 386 historical predictions for BBCA.JK
2025-12-13 15:57:43.395 | INFO     | src.models.xgboost_model:train:18 - Training XGBoost model with 1541 samples
2025-12-13 15:57:44.871 | INFO     | src.models.lstm_model:train:40 - Training LSTM model with 8198 samples
2025-12-13 15:57:45.992 | INFO     | src.training.trainer:run_pipeline:255 - XGBoost Results - MSE: 0.011402557451305154, RMSE: 0.1067827582117317, MAE: 0.0687735275139325
2025-12-13 15:57:46.011 | INFO     | src.models.xgboost_model:save:28 - XGBoost model saved to data/models/BBCA.JK_1d_xgb.joblib
2025-12-13 15:58:16.635 | INFO     | __main__:run_pipeline:145 - LSTM Results - MSE: 0.00045082945065554064, RMSE: 0.021232744774417195, MAE: 0.15097010563874344
2025-12-13 15:58:16.675 | INFO     | src.models.lstm_model:save:57 - Model saved to data/models/BBCA.JK_1h_lstm.h5
2025-12-13 15:58:17.369 | INFO     | __main__:run_pipeline:219 - Logged 2050 historical predictions for BBCA.JK
2025-12-13 15:58:17.372 | INFO     | src.models.xgboost_model:train:18 - Training XGBoost model with 8198 samples
2025-12-13 15:58:20.516 | INFO     | __main__:run_pipeline:255 - XGBoost Results - MSE: 0.0030279373330770734, RMSE: 0.05502669654883049, MAE: 0.028205396500990094
2025-12-13 15:58:20.635 | INFO     | src.models.xgboost_model:save:28 - XGBoost model saved to data/models/BBCA.JK_1h_xgb.joblib
2025-12-13 15:58:20.742 | INFO     | __main__:<module>:294 - --- Training BBCA.JK [15m] ---
2025-12-13 15:58:20.753 | INFO     | __main__:run_pipeline:26 - Starting pipeline for BBCA.JK (15m)
2025-12-13 15:58:20.754 | INFO     | src.data_collection.stock_collector:fetch_history:49 - Fetching 730 days of history for BBCA.JK with interval 15m
2025-12-13 15:58:21.966 | INFO     | src.data_collection.stock_collector:fetch_history:122 - Successfully updated 1177 15m records for BBCA.JK
2025-12-13 15:58:22.316 | INFO     | src.models.lstm_model:train:40 - Training LSTM model with 1973 samples
2025-12-13 15:58:29.805 | INFO     | __main__:run_pipeline:145 - LSTM Results - MSE: 0.0006991272105811829, RMSE: 0.02644101379639561, MAE: 0.11199383970930694
2025-12-13 15:58:29.835 | INFO     | src.models.lstm_model:save:57 - Model saved to data/models/BBCA.JK_15m_lstm.h5
2025-12-13 15:58:30.034 | INFO     | __main__:run_pipeline:219 - Logged 494 historical predictions for BBCA.JK
2025-12-13 15:58:30.036 | INFO     | src.models.xgboost_model:train:18 - Training XGBoost model with 1973 samples
2025-12-13 15:58:32.403 | INFO     | __main__:run_pipeline:255 - XGBoost Results - MSE: 0.012372851016162938, RMSE: 0.11123331792301683, MAE: 0.07928692469557268
2025-12-13 15:58:32.413 | INFO     | src.models.xgboost_model:save:28 - XGBoost model saved to data/models/BBCA.JK_15m_xgb.joblib
2025-12-13 15:58:32.440 | INFO     | __main__:<module>:294 - --- Training BBRI.JK [1d] ---
2025-12-13 15:58:32.442 | INFO     | __main__:run_pipeline:26 - Starting pipeline for BBRI.JK (1d)
2025-12-13 15:58:32.442 | INFO     | src.data_collection.stock_collector:fetch_history:49 - Fetching 730 days of history for BBRI.JK with interval 1d
2025-12-13 15:58:32.809 | INFO     | src.data_collection.news_collector:fetch_news:53 - Fetching Google News RSS for: BBRI
2025-12-13 15:58:41.121 | INFO     | __main__:<module>:287 - Starting Continuous Model Trainer...
2025-12-13 15:58:41.121 | INFO     | __main__:<module>:294 - --- Training BBCA.JK [1d] ---
2025-12-13 15:58:41.122 | INFO     | __main__:run_pipeline:26 - Starting pipeline for BBCA.JK (1d)
2025-12-13 15:58:41.122 | INFO     | src.data_collection.stock_collector:fetch_history:49 - Fetching 730 days of history for BBCA.JK with interval 1d
2025-12-13 15:58:42.333 | INFO     | src.data_collection.news_collector:fetch_news:53 - Fetching Google News RSS for: BBCA
2025-12-13 15:58:43.456 | INFO     | src.data_collection.news_collector:fetch_news:62 - Found 100 articles
2025-12-13 15:58:43.474 | INFO     | src.data_collection.news_collector:fetch_news:109 - Saved 10 new articles from Google News
2025-12-13 15:58:43.689 | INFO     | src.data_collection.stock_collector:fetch_history:122 - Successfully updated 729 1d records for BBCA.JK
2025-12-13 15:58:44.707 | INFO     | src.models.lstm_model:train:40 - Training LSTM model with 1553 samples
2025-12-13 15:58:49.431 | INFO     | src.training.trainer:run_pipeline:26 - Starting pipeline for BBCA.JK (1d)
2025-12-13 15:58:49.433 | INFO     | src.data_collection.stock_collector:fetch_history:49 - Fetching 730 days of history for BBCA.JK with interval 1d
2025-12-13 15:58:50.696 | INFO     | src.data_collection.news_collector:fetch_news:53 - Fetching Google News RSS for: BBCA
2025-12-13 15:58:51.217 | INFO     | src.data_collection.news_collector:fetch_news:62 - Found 100 articles
2025-12-13 15:58:51.227 | INFO     | src.data_collection.news_collector:fetch_news:109 - Saved 10 new articles from Google News
2025-12-13 15:58:51.480 | INFO     | src.data_collection.stock_collector:fetch_history:122 - Successfully updated 729 1d records for BBCA.JK
2025-12-13 15:58:51.984 | INFO     | __main__:run_pipeline:145 - LSTM Results - MSE: 0.0025920983884213968, RMSE: 0.050912654501817096, MAE: 0.12949702350856263
2025-12-13 15:58:52.026 | INFO     | src.models.lstm_model:save:57 - Model saved to data/models/BBCA.JK_1d_lstm.h5
2025-12-13 15:58:52.051 | INFO     | src.models.lstm_model:train:40 - Training LSTM model with 1574 samples
2025-12-13 15:58:52.580 | INFO     | __main__:run_pipeline:219 - Logged 389 historical predictions for BBCA.JK
2025-12-13 15:58:52.592 | INFO     | src.models.xgboost_model:train:18 - Training XGBoost model with 1553 samples
2025-12-13 15:58:56.420 | INFO     | __main__:run_pipeline:255 - XGBoost Results - MSE: 0.010664725854193757, RMSE: 0.10327015955344389, MAE: 0.06782337789708572
2025-12-13 15:58:56.430 | INFO     | src.models.xgboost_model:save:28 - XGBoost model saved to data/models/BBCA.JK_1d_xgb.joblib
2025-12-13 15:58:56.447 | INFO     | __main__:<module>:294 - --- Training BBCA.JK [1h] ---
2025-12-13 15:58:56.449 | INFO     | __main__:run_pipeline:26 - Starting pipeline for BBCA.JK (1h)
2025-12-13 15:58:56.450 | INFO     | src.data_collection.stock_collector:fetch_history:49 - Fetching 730 days of history for BBCA.JK with interval 1h
2025-12-13 15:58:58.290 | INFO     | src.data_collection.stock_collector:fetch_history:122 - Successfully updated 4852 1h records for BBCA.JK
2025-12-13 15:58:59.144 | INFO     | src.models.lstm_model:train:40 - Training LSTM model with 8379 samples
2025-12-13 15:59:02.444 | INFO     | src.training.trainer:run_pipeline:145 - LSTM Results - MSE: 0.0033040041208845525, RMSE: 0.057480467298766394, MAE: 0.12269735886637444
2025-12-13 15:59:02.546 | INFO     | src.models.lstm_model:save:57 - Model saved to data/models/BBCA.JK_1d_lstm.h5
2025-12-13 15:59:02.779 | INFO     | src.training.trainer:run_pipeline:219 - Logged 394 historical predictions for BBCA.JK
2025-12-13 15:59:02.782 | INFO     | src.models.xgboost_model:train:18 - Training XGBoost model with 1574 samples
2025-12-13 15:59:06.521 | INFO     | src.training.trainer:run_pipeline:255 - XGBoost Results - MSE: 0.011116835996822843, RMSE: 0.10543640735923641, MAE: 0.06869081273529812
2025-12-13 15:59:06.530 | INFO     | src.models.xgboost_model:save:28 - XGBoost model saved to data/models/BBCA.JK_1d_xgb.joblib
2025-12-13 15:59:10.356 | ERROR    | src.api.main:predict:147 - Prediction error: in user code:

    File "/usr/local/lib/python3.10/site-packages/keras/src/engine/training.py", line 2440, in predict_function  *
        return step_function(self, iterator)
    File "/usr/local/lib/python3.10/site-packages/keras/src/engine/training.py", line 2425, in step_function  **
        outputs = model.distribute_strategy.run(run_step, args=(data,))
    File "/usr/local/lib/python3.10/site-packages/keras/src/engine/training.py", line 2413, in run_step  **
        outputs = model.predict_step(data)
    File "/usr/local/lib/python3.10/site-packages/keras/src/engine/training.py", line 2381, in predict_step
        return self(x, training=False)
    File "/usr/local/lib/python3.10/site-packages/keras/src/utils/traceback_utils.py", line 70, in error_handler
        raise e.with_traceback(filtered_tb) from None
    File "/usr/local/lib/python3.10/site-packages/keras/src/engine/input_spec.py", line 298, in assert_input_compatibility
        raise ValueError(

    ValueError: Input 0 of layer "sequential" is incompatible with the layer: expected shape=(None, 60, 11), found shape=(None, 60, 5)

2025-12-13 15:59:32.418 | INFO     | __main__:run_pipeline:145 - LSTM Results - MSE: 0.0007139537865504785, RMSE: 0.02671991367034105, MAE: 0.12176669174009272
2025-12-13 15:59:32.492 | INFO     | src.models.lstm_model:save:57 - Model saved to data/models/BBCA.JK_1h_lstm.h5
2025-12-13 15:59:33.181 | INFO     | __main__:run_pipeline:219 - Logged 2095 historical predictions for BBCA.JK
2025-12-13 15:59:33.183 | INFO     | src.models.xgboost_model:train:18 - Training XGBoost model with 8379 samples
2025-12-13 15:59:35.872 | INFO     | __main__:run_pipeline:255 - XGBoost Results - MSE: 0.0031819249238785575, RMSE: 0.05640855364107963, MAE: 0.028700136928252903
2025-12-13 15:59:35.881 | INFO     | src.models.xgboost_model:save:28 - XGBoost model saved to data/models/BBCA.JK_1h_xgb.joblib
2025-12-13 15:59:35.918 | INFO     | __main__:<module>:294 - --- Training BBCA.JK [15m] ---
2025-12-13 15:59:35.922 | INFO     | __main__:run_pipeline:26 - Starting pipeline for BBCA.JK (15m)
2025-12-13 15:59:35.923 | INFO     | src.data_collection.stock_collector:fetch_history:49 - Fetching 730 days of history for BBCA.JK with interval 15m
2025-12-13 15:59:36.475 | INFO     | src.data_collection.stock_collector:fetch_history:122 - Successfully updated 1177 15m records for BBCA.JK
2025-12-13 15:59:36.805 | INFO     | src.models.lstm_model:train:40 - Training LSTM model with 2607 samples
2025-12-13 15:59:46.221 | INFO     | __main__:run_pipeline:145 - LSTM Results - MSE: 0.0011198363287305952, RMSE: 0.033463955664723724, MAE: 0.041069029667143576
2025-12-13 15:59:46.245 | INFO     | src.models.lstm_model:save:57 - Model saved to data/models/BBCA.JK_15m_lstm.h5
2025-12-13 15:59:46.486 | INFO     | __main__:run_pipeline:219 - Logged 652 historical predictions for BBCA.JK
2025-12-13 15:59:46.487 | INFO     | src.models.xgboost_model:train:18 - Training XGBoost model with 2607 samples
2025-12-13 15:59:48.760 | INFO     | __main__:run_pipeline:255 - XGBoost Results - MSE: 0.003419401583562684, RMSE: 0.05847564949243988, MAE: 0.05183920311502592
2025-12-13 15:59:48.766 | INFO     | src.models.xgboost_model:save:28 - XGBoost model saved to data/models/BBCA.JK_15m_xgb.joblib
2025-12-13 15:59:48.785 | INFO     | __main__:<module>:294 - --- Training BBRI.JK [1d] ---
2025-12-13 15:59:48.786 | INFO     | __main__:run_pipeline:26 - Starting pipeline for BBRI.JK (1d)
2025-12-13 15:59:48.787 | INFO     | src.data_collection.stock_collector:fetch_history:49 - Fetching 730 days of history for BBRI.JK with interval 1d
2025-12-13 15:59:49.068 | INFO     | src.data_collection.news_collector:fetch_news:53 - Fetching Google News RSS for: BBRI
2025-12-13 15:59:49.665 | INFO     | src.data_collection.news_collector:fetch_news:62 - Found 100 articles
2025-12-13 15:59:49.676 | INFO     | src.data_collection.news_collector:fetch_news:109 - Saved 10 new articles from Google News
2025-12-13 15:59:49.956 | INFO     | src.data_collection.stock_collector:fetch_history:122 - Successfully updated 729 1d records for BBRI.JK
2025-12-13 15:59:51.486 | INFO     | src.models.lstm_model:train:40 - Training LSTM model with 1552 samples
2025-12-13 15:59:58.020 | INFO     | __main__:run_pipeline:145 - LSTM Results - MSE: 0.0013159729037193393, RMSE: 0.036276340825934186, MAE: 0.07607415618674672
2025-12-13 15:59:58.049 | INFO     | src.models.lstm_model:save:57 - Model saved to data/models/BBRI.JK_1d_lstm.h5
2025-12-13 15:59:58.209 | INFO     | __main__:run_pipeline:219 - Logged 388 historical predictions for BBRI.JK
2025-12-13 15:59:58.210 | INFO     | src.models.xgboost_model:train:18 - Training XGBoost model with 1552 samples
2025-12-13 16:00:00.068 | INFO     | __main__:run_pipeline:255 - XGBoost Results - MSE: 0.001148789101210973, RMSE: 0.0338937914847391, MAE: 0.026147251159889754
2025-12-13 16:00:00.075 | INFO     | src.models.xgboost_model:save:28 - XGBoost model saved to data/models/BBRI.JK_1d_xgb.joblib
2025-12-13 16:00:00.084 | INFO     | __main__:<module>:294 - --- Training BBRI.JK [1h] ---
2025-12-13 16:00:00.085 | INFO     | __main__:run_pipeline:26 - Starting pipeline for BBRI.JK (1h)
2025-12-13 16:00:00.085 | INFO     | src.data_collection.stock_collector:fetch_history:49 - Fetching 730 days of history for BBRI.JK with interval 1h
2025-12-13 16:00:01.747 | INFO     | src.data_collection.stock_collector:fetch_history:122 - Successfully updated 4853 1h records for BBRI.JK
2025-12-13 16:00:02.198 | INFO     | src.models.lstm_model:train:40 - Training LSTM model with 8256 samples
2025-12-13 16:00:24.619 | INFO     | __main__:run_pipeline:145 - LSTM Results - MSE: 0.0013507888138145098, RMSE: 0.036753078970536736, MAE: 0.0749631484017213
2025-12-13 16:00:24.647 | INFO     | src.models.lstm_model:save:57 - Model saved to data/models/BBRI.JK_1h_lstm.h5
2025-12-13 16:00:25.918 | INFO     | __main__:run_pipeline:219 - Logged 2064 historical predictions for BBRI.JK
2025-12-13 16:00:25.921 | INFO     | src.models.xgboost_model:train:18 - Training XGBoost model with 8256 samples
2025-12-13 16:00:28.720 | INFO     | __main__:run_pipeline:255 - XGBoost Results - MSE: 0.00013450091481625684, RMSE: 0.011597452945205549, MAE: 0.0080702872726472
2025-12-13 16:00:28.724 | INFO     | src.models.xgboost_model:save:28 - XGBoost model saved to data/models/BBRI.JK_1h_xgb.joblib
2025-12-13 16:00:28.752 | INFO     | __main__:<module>:294 - --- Training BBRI.JK [15m] ---
2025-12-13 16:00:28.753 | INFO     | __main__:run_pipeline:26 - Starting pipeline for BBRI.JK (15m)
2025-12-13 16:00:28.753 | INFO     | src.data_collection.stock_collector:fetch_history:49 - Fetching 730 days of history for BBRI.JK with interval 15m
2025-12-13 16:00:29.334 | INFO     | src.data_collection.stock_collector:fetch_history:122 - Successfully updated 1177 15m records for BBRI.JK
2025-12-13 16:00:29.661 | INFO     | src.models.lstm_model:train:40 - Training LSTM model with 2172 samples
2025-12-13 16:00:37.754 | INFO     | __main__:run_pipeline:145 - LSTM Results - MSE: 0.0021644659590955373, RMSE: 0.04652382141543768, MAE: 0.061005110278546874
2025-12-13 16:00:37.790 | INFO     | src.models.lstm_model:save:57 - Model saved to data/models/BBRI.JK_15m_lstm.h5
2025-12-13 16:00:37.978 | INFO     | __main__:run_pipeline:219 - Logged 544 historical predictions for BBRI.JK
2025-12-13 16:00:37.980 | INFO     | src.models.xgboost_model:train:18 - Training XGBoost model with 2172 samples
2025-12-13 16:00:39.465 | INFO     | __main__:run_pipeline:255 - XGBoost Results - MSE: 0.0021049731238651564, RMSE: 0.04587998609268704, MAE: 0.03349358374707903
2025-12-13 16:00:39.468 | INFO     | src.models.xgboost_model:save:28 - XGBoost model saved to data/models/BBRI.JK_15m_xgb.joblib
2025-12-13 16:00:39.483 | INFO     | __main__:<module>:294 - --- Training TLKM.JK [1d] ---
2025-12-13 16:00:39.484 | INFO     | __main__:run_pipeline:26 - Starting pipeline for TLKM.JK (1d)
2025-12-13 16:00:39.484 | INFO     | src.data_collection.stock_collector:fetch_history:49 - Fetching 730 days of history for TLKM.JK with interval 1d
2025-12-13 16:00:39.726 | INFO     | src.data_collection.news_collector:fetch_news:53 - Fetching Google News RSS for: TLKM
2025-12-13 16:00:40.748 | INFO     | src.data_collection.news_collector:fetch_news:62 - Found 100 articles
2025-12-13 16:00:40.752 | INFO     | src.data_collection.news_collector:fetch_news:109 - Saved 10 new articles from Google News
2025-12-13 16:00:40.934 | INFO     | src.data_collection.stock_collector:fetch_history:122 - Successfully updated 729 1d records for TLKM.JK
2025-12-13 16:00:41.219 | INFO     | src.models.lstm_model:train:40 - Training LSTM model with 1543 samples
2025-12-13 16:00:48.172 | INFO     | __main__:run_pipeline:145 - LSTM Results - MSE: 0.005167101486710651, RMSE: 0.07188255342369698, MAE: 0.21476683521555268
2025-12-13 16:00:48.202 | INFO     | src.models.lstm_model:save:57 - Model saved to data/models/TLKM.JK_1d_lstm.h5
2025-12-13 16:00:48.431 | INFO     | __main__:run_pipeline:219 - Logged 386 historical predictions for TLKM.JK
2025-12-13 16:00:48.438 | INFO     | src.models.xgboost_model:train:18 - Training XGBoost model with 1543 samples
2025-12-13 16:00:50.395 | INFO     | __main__:run_pipeline:255 - XGBoost Results - MSE: 0.004187329544304987, RMSE: 0.06470957845871805, MAE: 0.0407849489431852
2025-12-13 16:00:50.399 | INFO     | src.models.xgboost_model:save:28 - XGBoost model saved to data/models/TLKM.JK_1d_xgb.joblib
2025-12-13 16:00:50.423 | INFO     | __main__:<module>:294 - --- Training TLKM.JK [1h] ---
2025-12-13 16:00:50.425 | INFO     | __main__:run_pipeline:26 - Starting pipeline for TLKM.JK (1h)
2025-12-13 16:00:50.425 | INFO     | src.data_collection.stock_collector:fetch_history:49 - Fetching 730 days of history for TLKM.JK with interval 1h
2025-12-13 16:00:52.250 | INFO     | src.data_collection.stock_collector:fetch_history:122 - Successfully updated 4846 1h records for TLKM.JK
2025-12-13 16:00:52.956 | ERROR    | src.api.main:predict:147 - Prediction error: in user code:

    File "/usr/local/lib/python3.10/site-packages/keras/src/engine/training.py", line 2440, in predict_function  *
        return step_function(self, iterator)
    File "/usr/local/lib/python3.10/site-packages/keras/src/engine/training.py", line 2425, in step_function  **
        outputs = model.distribute_strategy.run(run_step, args=(data,))
    File "/usr/local/lib/python3.10/site-packages/keras/src/engine/training.py", line 2413, in run_step  **
        outputs = model.predict_step(data)
    File "/usr/local/lib/python3.10/site-packages/keras/src/engine/training.py", line 2381, in predict_step
        return self(x, training=False)
    File "/usr/local/lib/python3.10/site-packages/keras/src/utils/traceback_utils.py", line 70, in error_handler
        raise e.with_traceback(filtered_tb) from None
    File "/usr/local/lib/python3.10/site-packages/keras/src/engine/input_spec.py", line 298, in assert_input_compatibility
        raise ValueError(

    ValueError: Input 0 of layer "sequential_3" is incompatible with the layer: expected shape=(None, 60, 11), found shape=(None, 60, 5)

2025-12-13 16:00:53.055 | INFO     | src.models.lstm_model:train:40 - Training LSTM model with 8204 samples
2025-12-13 16:01:18.332 | INFO     | __main__:run_pipeline:145 - LSTM Results - MSE: 0.00037199883233287137, RMSE: 0.01928727125160196, MAE: 0.16447690578864183
2025-12-13 16:01:18.363 | INFO     | src.models.lstm_model:save:57 - Model saved to data/models/TLKM.JK_1h_lstm.h5
2025-12-13 16:01:19.067 | INFO     | __main__:run_pipeline:219 - Logged 2051 historical predictions for TLKM.JK
2025-12-13 16:01:19.069 | INFO     | src.models.xgboost_model:train:18 - Training XGBoost model with 8204 samples
2025-12-13 16:01:22.931 | INFO     | __main__:run_pipeline:255 - XGBoost Results - MSE: 0.0003806278005811438, RMSE: 0.019509684789384574, MAE: 0.012551080758635303
2025-12-13 16:01:22.943 | INFO     | src.models.xgboost_model:save:28 - XGBoost model saved to data/models/TLKM.JK_1h_xgb.joblib
2025-12-13 16:01:22.972 | INFO     | __main__:<module>:294 - --- Training TLKM.JK [15m] ---
2025-12-13 16:01:22.974 | INFO     | __main__:run_pipeline:26 - Starting pipeline for TLKM.JK (15m)
2025-12-13 16:01:22.974 | INFO     | src.data_collection.stock_collector:fetch_history:49 - Fetching 730 days of history for TLKM.JK with interval 15m
2025-12-13 16:01:24.100 | INFO     | src.data_collection.stock_collector:fetch_history:122 - Successfully updated 1177 15m records for TLKM.JK
2025-12-13 16:01:24.479 | INFO     | src.models.lstm_model:train:40 - Training LSTM model with 2009 samples
2025-12-13 16:01:32.990 | INFO     | __main__:run_pipeline:145 - LSTM Results - MSE: 0.0015279732895263575, RMSE: 0.03908929891321099, MAE: 0.057477283720992575
2025-12-13 16:01:33.022 | INFO     | src.models.lstm_model:save:57 - Model saved to data/models/TLKM.JK_15m_lstm.h5
2025-12-13 16:01:33.222 | INFO     | __main__:run_pipeline:219 - Logged 503 historical predictions for TLKM.JK
2025-12-13 16:01:33.224 | INFO     | src.models.xgboost_model:train:18 - Training XGBoost model with 2009 samples
2025-12-13 16:01:34.677 | INFO     | __main__:run_pipeline:255 - XGBoost Results - MSE: 0.0006884679005761102, RMSE: 0.02623867185236536, MAE: 0.018843774152030066
2025-12-13 16:01:34.681 | INFO     | src.models.xgboost_model:save:28 - XGBoost model saved to data/models/TLKM.JK_15m_xgb.joblib
2025-12-13 16:01:34.690 | INFO     | __main__:<module>:294 - --- Training ASII.JK [1d] ---
2025-12-13 16:01:34.691 | INFO     | __main__:run_pipeline:26 - Starting pipeline for ASII.JK (1d)
2025-12-13 16:01:34.691 | INFO     | src.data_collection.stock_collector:fetch_history:49 - Fetching 730 days of history for ASII.JK with interval 1d
2025-12-13 16:01:34.940 | INFO     | src.data_collection.news_collector:fetch_news:53 - Fetching Google News RSS for: ASII
2025-12-13 16:01:36.102 | INFO     | src.data_collection.news_collector:fetch_news:62 - Found 100 articles
2025-12-13 16:01:36.105 | INFO     | src.data_collection.news_collector:fetch_news:109 - Saved 10 new articles from Google News
2025-12-13 16:01:36.289 | INFO     | src.data_collection.stock_collector:fetch_history:122 - Successfully updated 729 1d records for ASII.JK
2025-12-13 16:01:36.529 | INFO     | src.models.lstm_model:train:40 - Training LSTM model with 1544 samples
2025-12-13 16:01:42.013 | ERROR    | src.api.main:predict:147 - Prediction error: in user code:

    File "/usr/local/lib/python3.10/site-packages/keras/src/engine/training.py", line 2440, in predict_function  *
        return step_function(self, iterator)
    File "/usr/local/lib/python3.10/site-packages/keras/src/engine/training.py", line 2425, in step_function  **
        outputs = model.distribute_strategy.run(run_step, args=(data,))
    File "/usr/local/lib/python3.10/site-packages/keras/src/engine/training.py", line 2413, in run_step  **
        outputs = model.predict_step(data)
    File "/usr/local/lib/python3.10/site-packages/keras/src/engine/training.py", line 2381, in predict_step
        return self(x, training=False)
    File "/usr/local/lib/python3.10/site-packages/keras/src/utils/traceback_utils.py", line 70, in error_handler
        raise e.with_traceback(filtered_tb) from None
    File "/usr/local/lib/python3.10/site-packages/keras/src/engine/input_spec.py", line 298, in assert_input_compatibility
        raise ValueError(

    ValueError: Input 0 of layer "sequential_4" is incompatible with the layer: expected shape=(None, 60, 11), found shape=(None, 60, 5)

2025-12-13 16:01:43.540 | INFO     | __main__:run_pipeline:145 - LSTM Results - MSE: 0.0019153613199508657, RMSE: 0.043764841139330844, MAE: 0.28930993581523173
2025-12-13 16:01:43.573 | INFO     | src.models.lstm_model:save:57 - Model saved to data/models/ASII.JK_1d_lstm.h5
2025-12-13 16:01:43.739 | INFO     | __main__:run_pipeline:219 - Logged 386 historical predictions for ASII.JK
2025-12-13 16:01:43.744 | INFO     | src.models.xgboost_model:train:18 - Training XGBoost model with 1544 samples
2025-12-13 16:01:46.150 | INFO     | __main__:run_pipeline:255 - XGBoost Results - MSE: 0.03594229268212713, RMSE: 0.18958452648390672, MAE: 0.12360514204190574
2025-12-13 16:01:46.155 | INFO     | src.models.xgboost_model:save:28 - XGBoost model saved to data/models/ASII.JK_1d_xgb.joblib
2025-12-13 16:01:46.176 | INFO     | __main__:<module>:294 - --- Training ASII.JK [1h] ---
2025-12-13 16:01:46.177 | INFO     | __main__:run_pipeline:26 - Starting pipeline for ASII.JK (1h)
2025-12-13 16:01:46.177 | INFO     | src.data_collection.stock_collector:fetch_history:49 - Fetching 730 days of history for ASII.JK with interval 1h
2025-12-13 16:01:47.942 | ERROR    | src.api.main:predict:147 - Prediction error: in user code:

    File "/usr/local/lib/python3.10/site-packages/keras/src/engine/training.py", line 2440, in predict_function  *
        return step_function(self, iterator)
    File "/usr/local/lib/python3.10/site-packages/keras/src/engine/training.py", line 2425, in step_function  **
        outputs = model.distribute_strategy.run(run_step, args=(data,))
    File "/usr/local/lib/python3.10/site-packages/keras/src/engine/training.py", line 2413, in run_step  **
        outputs = model.predict_step(data)
    File "/usr/local/lib/python3.10/site-packages/keras/src/engine/training.py", line 2381, in predict_step
        return self(x, training=False)
    File "/usr/local/lib/python3.10/site-packages/keras/src/utils/traceback_utils.py", line 70, in error_handler
        raise e.with_traceback(filtered_tb) from None
    File "/usr/local/lib/python3.10/site-packages/keras/src/engine/input_spec.py", line 298, in assert_input_compatibility
        raise ValueError(

    ValueError: Input 0 of layer "sequential_4" is incompatible with the layer: expected shape=(None, 60, 11), found shape=(None, 60, 5)

2025-12-13 16:01:48.124 | INFO     | src.data_collection.stock_collector:fetch_history:122 - Successfully updated 4843 1h records for ASII.JK
2025-12-13 16:01:49.806 | INFO     | src.models.lstm_model:train:40 - Training LSTM model with 8203 samples
2025-12-13 16:02:01.247 | ERROR    | src.api.main:predict:147 - Prediction error: in user code:

    File "/usr/local/lib/python3.10/site-packages/keras/src/engine/training.py", line 2440, in predict_function  *
        return step_function(self, iterator)
    File "/usr/local/lib/python3.10/site-packages/keras/src/engine/training.py", line 2425, in step_function  **
        outputs = model.distribute_strategy.run(run_step, args=(data,))
    File "/usr/local/lib/python3.10/site-packages/keras/src/engine/training.py", line 2413, in run_step  **
        outputs = model.predict_step(data)
    File "/usr/local/lib/python3.10/site-packages/keras/src/engine/training.py", line 2381, in predict_step
        return self(x, training=False)
    File "/usr/local/lib/python3.10/site-packages/keras/src/utils/traceback_utils.py", line 70, in error_handler
        raise e.with_traceback(filtered_tb) from None
    File "/usr/local/lib/python3.10/site-packages/keras/src/engine/input_spec.py", line 298, in assert_input_compatibility
        raise ValueError(

    ValueError: Input 0 of layer "sequential_4" is incompatible with the layer: expected shape=(None, 60, 11), found shape=(None, 60, 5)

2025-12-13 16:02:05.868 | ERROR    | src.api.main:predict:147 - Prediction error: in user code:

    File "/usr/local/lib/python3.10/site-packages/keras/src/engine/training.py", line 2440, in predict_function  *
        return step_function(self, iterator)
    File "/usr/local/lib/python3.10/site-packages/keras/src/engine/training.py", line 2425, in step_function  **
        outputs = model.distribute_strategy.run(run_step, args=(data,))
    File "/usr/local/lib/python3.10/site-packages/keras/src/engine/training.py", line 2413, in run_step  **
        outputs = model.predict_step(data)
    File "/usr/local/lib/python3.10/site-packages/keras/src/engine/training.py", line 2381, in predict_step
        return self(x, training=False)
    File "/usr/local/lib/python3.10/site-packages/keras/src/utils/traceback_utils.py", line 70, in error_handler
        raise e.with_traceback(filtered_tb) from None
    File "/usr/local/lib/python3.10/site-packages/keras/src/engine/input_spec.py", line 298, in assert_input_compatibility
        raise ValueError(

    ValueError: Input 0 of layer "sequential_3" is incompatible with the layer: expected shape=(None, 60, 11), found shape=(None, 60, 5)

2025-12-13 16:02:14.783 | INFO     | __main__:run_pipeline:145 - LSTM Results - MSE: 0.0017608192118760068, RMSE: 0.04196211638938159, MAE: 0.3197142993602031
2025-12-13 16:02:14.817 | INFO     | src.models.lstm_model:save:57 - Model saved to data/models/ASII.JK_1h_lstm.h5
2025-12-13 16:02:15.532 | INFO     | __main__:run_pipeline:219 - Logged 2051 historical predictions for ASII.JK
2025-12-13 16:02:15.533 | INFO     | src.models.xgboost_model:train:18 - Training XGBoost model with 8203 samples
2025-12-13 16:02:17.107 | ERROR    | src.api.main:predict:147 - Prediction error: in user code:

    File "/usr/local/lib/python3.10/site-packages/keras/src/engine/training.py", line 2440, in predict_function  *
        return step_function(self, iterator)
    File "/usr/local/lib/python3.10/site-packages/keras/src/engine/training.py", line 2425, in step_function  **
        outputs = model.distribute_strategy.run(run_step, args=(data,))
    File "/usr/local/lib/python3.10/site-packages/keras/src/engine/training.py", line 2413, in run_step  **
        outputs = model.predict_step(data)
    File "/usr/local/lib/python3.10/site-packages/keras/src/engine/training.py", line 2381, in predict_step
        return self(x, training=False)
    File "/usr/local/lib/python3.10/site-packages/keras/src/utils/traceback_utils.py", line 70, in error_handler
        raise e.with_traceback(filtered_tb) from None
    File "/usr/local/lib/python3.10/site-packages/keras/src/engine/input_spec.py", line 298, in assert_input_compatibility
        raise ValueError(

    ValueError: Input 0 of layer "sequential_3" is incompatible with the layer: expected shape=(None, 60, 11), found shape=(None, 60, 5)

2025-12-13 16:02:18.250 | INFO     | __main__:run_pipeline:255 - XGBoost Results - MSE: 0.00038319799965568716, RMSE: 0.019575443792049445, MAE: 0.013152927023574078
2025-12-13 16:02:18.255 | INFO     | src.models.xgboost_model:save:28 - XGBoost model saved to data/models/ASII.JK_1h_xgb.joblib
2025-12-13 16:02:18.296 | INFO     | __main__:<module>:294 - --- Training ASII.JK [15m] ---
2025-12-13 16:02:18.297 | INFO     | __main__:run_pipeline:26 - Starting pipeline for ASII.JK (15m)
2025-12-13 16:02:18.298 | INFO     | src.data_collection.stock_collector:fetch_history:49 - Fetching 730 days of history for ASII.JK with interval 15m
2025-12-13 16:02:18.878 | INFO     | src.data_collection.stock_collector:fetch_history:122 - Successfully updated 1177 15m records for ASII.JK
2025-12-13 16:02:19.175 | INFO     | src.models.lstm_model:train:40 - Training LSTM model with 2016 samples
2025-12-13 16:02:26.947 | INFO     | __main__:run_pipeline:145 - LSTM Results - MSE: 0.002616427814995902, RMSE: 0.05115102946174106, MAE: 0.09479255236411285
2025-12-13 16:02:26.977 | INFO     | src.models.lstm_model:save:57 - Model saved to data/models/ASII.JK_15m_lstm.h5
2025-12-13 16:02:27.172 | INFO     | __main__:run_pipeline:219 - Logged 504 historical predictions for ASII.JK
2025-12-13 16:02:27.174 | INFO     | src.models.xgboost_model:train:18 - Training XGBoost model with 2016 samples
2025-12-13 16:02:28.679 | INFO     | __main__:run_pipeline:255 - XGBoost Results - MSE: 0.025229030831365115, RMSE: 0.1588364908683301, MAE: 0.11920491195090509
2025-12-13 16:02:28.684 | INFO     | src.models.xgboost_model:save:28 - XGBoost model saved to data/models/ASII.JK_15m_xgb.joblib
2025-12-13 16:02:28.699 | INFO     | __main__:<module>:294 - --- Training UNVR.JK [1d] ---
2025-12-13 16:02:28.700 | INFO     | __main__:run_pipeline:26 - Starting pipeline for UNVR.JK (1d)
2025-12-13 16:02:28.700 | INFO     | src.data_collection.stock_collector:fetch_history:49 - Fetching 730 days of history for UNVR.JK with interval 1d
2025-12-13 16:02:28.960 | INFO     | src.data_collection.news_collector:fetch_news:53 - Fetching Google News RSS for: UNVR
2025-12-13 16:02:30.065 | INFO     | src.data_collection.news_collector:fetch_news:62 - Found 100 articles
2025-12-13 16:02:30.069 | INFO     | src.data_collection.news_collector:fetch_news:109 - Saved 10 new articles from Google News
2025-12-13 16:02:30.298 | INFO     | src.data_collection.stock_collector:fetch_history:122 - Successfully updated 729 1d records for UNVR.JK
2025-12-13 16:02:30.625 | INFO     | src.models.lstm_model:train:40 - Training LSTM model with 1544 samples
2025-12-13 16:02:32.708 | ERROR    | src.api.main:predict:147 - Prediction error: in user code:

    File "/usr/local/lib/python3.10/site-packages/keras/src/engine/training.py", line 2440, in predict_function  *
        return step_function(self, iterator)
    File "/usr/local/lib/python3.10/site-packages/keras/src/engine/training.py", line 2425, in step_function  **
        outputs = model.distribute_strategy.run(run_step, args=(data,))
    File "/usr/local/lib/python3.10/site-packages/keras/src/engine/training.py", line 2413, in run_step  **
        outputs = model.predict_step(data)
    File "/usr/local/lib/python3.10/site-packages/keras/src/engine/training.py", line 2381, in predict_step
        return self(x, training=False)
    File "/usr/local/lib/python3.10/site-packages/keras/src/utils/traceback_utils.py", line 70, in error_handler
        raise e.with_traceback(filtered_tb) from None
    File "/usr/local/lib/python3.10/site-packages/keras/src/engine/input_spec.py", line 298, in assert_input_compatibility
        raise ValueError(

    ValueError: Input 0 of layer "sequential_5" is incompatible with the layer: expected shape=(None, 60, 11), found shape=(None, 60, 5)

2025-12-13 16:02:37.491 | INFO     | __main__:run_pipeline:145 - LSTM Results - MSE: 0.00103145887384383, RMSE: 0.03211633344334048, MAE: 0.14615886634557107
2025-12-13 16:02:37.536 | INFO     | src.models.lstm_model:save:57 - Model saved to data/models/UNVR.JK_1d_lstm.h5
2025-12-13 16:02:37.713 | INFO     | __main__:run_pipeline:219 - Logged 387 historical predictions for UNVR.JK
2025-12-13 16:02:37.715 | INFO     | src.models.xgboost_model:train:18 - Training XGBoost model with 1544 samples
2025-12-13 16:02:40.472 | INFO     | __main__:run_pipeline:255 - XGBoost Results - MSE: 0.0006182560542829734, RMSE: 0.0248647552628811, MAE: 0.017523529779990863
2025-12-13 16:02:40.476 | INFO     | src.models.xgboost_model:save:28 - XGBoost model saved to data/models/UNVR.JK_1d_xgb.joblib
2025-12-13 16:02:40.492 | INFO     | __main__:<module>:294 - --- Training UNVR.JK [1h] ---
2025-12-13 16:02:40.493 | INFO     | __main__:run_pipeline:26 - Starting pipeline for UNVR.JK (1h)
2025-12-13 16:02:40.494 | INFO     | src.data_collection.stock_collector:fetch_history:49 - Fetching 730 days of history for UNVR.JK with interval 1h
2025-12-13 16:02:42.215 | INFO     | src.data_collection.stock_collector:fetch_history:122 - Successfully updated 4844 1h records for UNVR.JK
2025-12-13 16:02:43.637 | INFO     | src.models.lstm_model:train:40 - Training LSTM model with 8212 samples
2025-12-13 16:02:45.474 | ERROR    | src.api.main:predict:147 - Prediction error: in user code:

    File "/usr/local/lib/python3.10/site-packages/keras/src/engine/training.py", line 2440, in predict_function  *
        return step_function(self, iterator)
    File "/usr/local/lib/python3.10/site-packages/keras/src/engine/training.py", line 2425, in step_function  **
        outputs = model.distribute_strategy.run(run_step, args=(data,))
    File "/usr/local/lib/python3.10/site-packages/keras/src/engine/training.py", line 2413, in run_step  **
        outputs = model.predict_step(data)
    File "/usr/local/lib/python3.10/site-packages/keras/src/engine/training.py", line 2381, in predict_step
        return self(x, training=False)
    File "/usr/local/lib/python3.10/site-packages/keras/src/utils/traceback_utils.py", line 70, in error_handler
        raise e.with_traceback(filtered_tb) from None
    File "/usr/local/lib/python3.10/site-packages/keras/src/engine/input_spec.py", line 298, in assert_input_compatibility
        raise ValueError(

    ValueError: Input 0 of layer "sequential_3" is incompatible with the layer: expected shape=(None, 60, 11), found shape=(None, 60, 5)

2025-12-13 16:02:50.394 | ERROR    | src.api.main:predict:147 - Prediction error: in user code:

    File "/usr/local/lib/python3.10/site-packages/keras/src/engine/training.py", line 2440, in predict_function  *
        return step_function(self, iterator)
    File "/usr/local/lib/python3.10/site-packages/keras/src/engine/training.py", line 2425, in step_function  **
        outputs = model.distribute_strategy.run(run_step, args=(data,))
    File "/usr/local/lib/python3.10/site-packages/keras/src/engine/training.py", line 2413, in run_step  **
        outputs = model.predict_step(data)
    File "/usr/local/lib/python3.10/site-packages/keras/src/engine/training.py", line 2381, in predict_step
        return self(x, training=False)
    File "/usr/local/lib/python3.10/site-packages/keras/src/utils/traceback_utils.py", line 70, in error_handler
        raise e.with_traceback(filtered_tb) from None
    File "/usr/local/lib/python3.10/site-packages/keras/src/engine/input_spec.py", line 298, in assert_input_compatibility
        raise ValueError(

    ValueError: Input 0 of layer "sequential_3" is incompatible with the layer: expected shape=(None, 60, 11), found shape=(None, 60, 5)

2025-12-13 16:02:50.575 | INFO     | src.training.trainer:run_pipeline:26 - Starting pipeline for BBRI.JK (1d)
2025-12-13 16:02:50.577 | INFO     | src.data_collection.stock_collector:fetch_history:49 - Fetching 730 days of history for BBRI.JK with interval 1d
2025-12-13 16:02:51.439 | INFO     | src.data_collection.news_collector:fetch_news:53 - Fetching Google News RSS for: BBRI
2025-12-13 16:02:52.488 | INFO     | src.data_collection.news_collector:fetch_news:62 - Found 100 articles
2025-12-13 16:02:52.507 | INFO     | src.data_collection.news_collector:fetch_news:109 - Saved 10 new articles from Google News
2025-12-13 16:02:52.735 | INFO     | src.data_collection.stock_collector:fetch_history:122 - Successfully updated 729 1d records for BBRI.JK
2025-12-13 16:02:53.112 | INFO     | src.models.lstm_model:train:40 - Training LSTM model with 1573 samples
2025-12-13 16:02:56.916 | ERROR    | src.api.main:predict:147 - Prediction error: in user code:

    File "/usr/local/lib/python3.10/site-packages/keras/src/engine/training.py", line 2440, in predict_function  *
        return step_function(self, iterator)
    File "/usr/local/lib/python3.10/site-packages/keras/src/engine/training.py", line 2425, in step_function  **
        outputs = model.distribute_strategy.run(run_step, args=(data,))
    File "/usr/local/lib/python3.10/site-packages/keras/src/engine/training.py", line 2413, in run_step  **
        outputs = model.predict_step(data)
    File "/usr/local/lib/python3.10/site-packages/keras/src/engine/training.py", line 2381, in predict_step
        return self(x, training=False)
    File "/usr/local/lib/python3.10/site-packages/keras/src/utils/traceback_utils.py", line 70, in error_handler
        raise e.with_traceback(filtered_tb) from None
    File "/usr/local/lib/python3.10/site-packages/keras/src/engine/input_spec.py", line 298, in assert_input_compatibility
        raise ValueError(

    ValueError: Input 0 of layer "sequential_4" is incompatible with the layer: expected shape=(None, 60, 11), found shape=(None, 60, 5)

2025-12-13 16:02:57.861 | ERROR    | src.api.main:predict:147 - Prediction error: in user code:

    File "/usr/local/lib/python3.10/site-packages/keras/src/engine/training.py", line 2440, in predict_function  *
        return step_function(self, iterator)
    File "/usr/local/lib/python3.10/site-packages/keras/src/engine/training.py", line 2425, in step_function  **
        outputs = model.distribute_strategy.run(run_step, args=(data,))
    File "/usr/local/lib/python3.10/site-packages/keras/src/engine/training.py", line 2413, in run_step  **
        outputs = model.predict_step(data)
    File "/usr/local/lib/python3.10/site-packages/keras/src/engine/training.py", line 2381, in predict_step
        return self(x, training=False)
    File "/usr/local/lib/python3.10/site-packages/keras/src/utils/traceback_utils.py", line 70, in error_handler
        raise e.with_traceback(filtered_tb) from None
    File "/usr/local/lib/python3.10/site-packages/keras/src/engine/input_spec.py", line 298, in assert_input_compatibility
        raise ValueError(

    ValueError: Input 0 of layer "sequential_4" is incompatible with the layer: expected shape=(None, 60, 11), found shape=(None, 60, 5)

2025-12-13 16:03:01.858 | ERROR    | src.api.main:predict:147 - Prediction error: in user code:

    File "/usr/local/lib/python3.10/site-packages/keras/src/engine/training.py", line 2440, in predict_function  *
        return step_function(self, iterator)
    File "/usr/local/lib/python3.10/site-packages/keras/src/engine/training.py", line 2425, in step_function  **
        outputs = model.distribute_strategy.run(run_step, args=(data,))
    File "/usr/local/lib/python3.10/site-packages/keras/src/engine/training.py", line 2413, in run_step  **
        outputs = model.predict_step(data)
    File "/usr/local/lib/python3.10/site-packages/keras/src/engine/training.py", line 2381, in predict_step
        return self(x, training=False)
    File "/usr/local/lib/python3.10/site-packages/keras/src/utils/traceback_utils.py", line 70, in error_handler
        raise e.with_traceback(filtered_tb) from None
    File "/usr/local/lib/python3.10/site-packages/keras/src/engine/input_spec.py", line 298, in assert_input_compatibility
        raise ValueError(

    ValueError: Input 0 of layer "sequential_5" is incompatible with the layer: expected shape=(None, 60, 11), found shape=(None, 60, 5)

2025-12-13 16:03:04.012 | ERROR    | src.api.main:predict:147 - Prediction error: in user code:

    File "/usr/local/lib/python3.10/site-packages/keras/src/engine/training.py", line 2440, in predict_function  *
        return step_function(self, iterator)
    File "/usr/local/lib/python3.10/site-packages/keras/src/engine/training.py", line 2425, in step_function  **
        outputs = model.distribute_strategy.run(run_step, args=(data,))
    File "/usr/local/lib/python3.10/site-packages/keras/src/engine/training.py", line 2413, in run_step  **
        outputs = model.predict_step(data)
    File "/usr/local/lib/python3.10/site-packages/keras/src/engine/training.py", line 2381, in predict_step
        return self(x, training=False)
    File "/usr/local/lib/python3.10/site-packages/keras/src/utils/traceback_utils.py", line 70, in error_handler
        raise e.with_traceback(filtered_tb) from None
    File "/usr/local/lib/python3.10/site-packages/keras/src/engine/input_spec.py", line 298, in assert_input_compatibility
        raise ValueError(

    ValueError: Input 0 of layer "sequential_5" is incompatible with the layer: expected shape=(None, 60, 11), found shape=(None, 60, 5)

2025-12-13 16:03:04.202 | INFO     | src.training.trainer:run_pipeline:26 - Starting pipeline for BBRI.JK (15m)
2025-12-13 16:03:04.203 | INFO     | src.data_collection.stock_collector:fetch_history:49 - Fetching 730 days of history for BBRI.JK with interval 15m
2025-12-13 16:03:04.525 | INFO     | src.training.trainer:run_pipeline:145 - LSTM Results - MSE: 0.0013441629766675726, RMSE: 0.03666282826880071, MAE: 0.07605688635924086
2025-12-13 16:03:04.573 | INFO     | src.models.lstm_model:save:57 - Model saved to data/models/BBRI.JK_1d_lstm.h5
2025-12-13 16:03:04.860 | INFO     | src.training.trainer:run_pipeline:219 - Logged 394 historical predictions for BBRI.JK
2025-12-13 16:03:04.863 | INFO     | src.models.xgboost_model:train:18 - Training XGBoost model with 1573 samples
2025-12-13 16:03:05.110 | INFO     | src.data_collection.stock_collector:fetch_history:122 - Successfully updated 1177 15m records for BBRI.JK
2025-12-13 16:03:06.451 | INFO     | src.models.lstm_model:train:40 - Training LSTM model with 2577 samples
2025-12-13 16:03:10.438 | INFO     | src.training.trainer:run_pipeline:255 - XGBoost Results - MSE: 0.0009516703895130526, RMSE: 0.030849155410044092, MAE: 0.024253442196319423
2025-12-13 16:03:10.461 | INFO     | src.models.xgboost_model:save:28 - XGBoost model saved to data/models/BBRI.JK_1d_xgb.joblib
2025-12-13 16:03:12.899 | INFO     | src.training.trainer:run_pipeline:26 - Starting pipeline for BBRI.JK (1m)
2025-12-13 16:03:12.900 | INFO     | src.data_collection.stock_collector:fetch_history:49 - Fetching 730 days of history for BBRI.JK with interval 1m
2025-12-13 16:03:13.883 | INFO     | src.data_collection.stock_collector:fetch_history:122 - Successfully updated 2217 1m records for BBRI.JK
2025-12-13 16:03:14.942 | INFO     | src.models.lstm_model:train:40 - Training LSTM model with 4796 samples
2025-12-13 16:03:17.911 | INFO     | __main__:run_pipeline:145 - LSTM Results - MSE: 0.0004427345275570088, RMSE: 0.02104125774655614, MAE: 0.11605112464396516
2025-12-13 16:03:17.990 | INFO     | src.models.lstm_model:save:57 - Model saved to data/models/UNVR.JK_1h_lstm.h5
2025-12-13 16:03:19.172 | INFO     | __main__:run_pipeline:219 - Logged 2054 historical predictions for UNVR.JK
2025-12-13 16:03:19.178 | INFO     | src.models.xgboost_model:train:18 - Training XGBoost model with 8212 samples
2025-12-13 16:03:24.986 | INFO     | __main__:run_pipeline:255 - XGBoost Results - MSE: 9.702735021211996e-05, RMSE: 0.009850246200584022, MAE: 0.005537411477045143
2025-12-13 16:03:24.997 | INFO     | src.models.xgboost_model:save:28 - XGBoost model saved to data/models/UNVR.JK_1h_xgb.joblib
2025-12-13 16:03:25.075 | INFO     | __main__:<module>:294 - --- Training UNVR.JK [15m] ---
2025-12-13 16:03:25.078 | INFO     | __main__:run_pipeline:26 - Starting pipeline for UNVR.JK (15m)
2025-12-13 16:03:25.079 | INFO     | src.data_collection.stock_collector:fetch_history:49 - Fetching 730 days of history for UNVR.JK with interval 15m
2025-12-13 16:03:25.698 | INFO     | src.data_collection.stock_collector:fetch_history:122 - Successfully updated 1177 15m records for UNVR.JK
2025-12-13 16:03:26.238 | INFO     | src.models.lstm_model:train:40 - Training LSTM model with 2045 samples
2025-12-13 16:03:26.332 | INFO     | src.training.trainer:run_pipeline:145 - LSTM Results - MSE: 0.0007130194298473411, RMSE: 0.02670242366990946, MAE: 0.04675080082773807
2025-12-13 16:03:26.381 | INFO     | src.models.lstm_model:save:57 - Model saved to data/models/BBRI.JK_15m_lstm.h5
2025-12-13 16:03:26.718 | INFO     | src.training.trainer:run_pipeline:219 - Logged 645 historical predictions for BBRI.JK
2025-12-13 16:03:26.722 | INFO     | src.models.xgboost_model:train:18 - Training XGBoost model with 2577 samples
2025-12-13 16:03:29.264 | INFO     | src.training.trainer:run_pipeline:255 - XGBoost Results - MSE: 0.003129729035478506, RMSE: 0.05594398122656722, MAE: 0.03901009621479691
2025-12-13 16:03:29.269 | INFO     | src.models.xgboost_model:save:28 - XGBoost model saved to data/models/BBRI.JK_15m_xgb.joblib
2025-12-13 16:03:35.210 | INFO     | __main__:run_pipeline:145 - LSTM Results - MSE: 0.0062617700294155376, RMSE: 0.07913134669279638, MAE: 0.0723467836563427
2025-12-13 16:03:35.236 | INFO     | src.models.lstm_model:save:57 - Model saved to data/models/UNVR.JK_15m_lstm.h5
2025-12-13 16:03:35.532 | INFO     | __main__:run_pipeline:219 - Logged 512 historical predictions for UNVR.JK
2025-12-13 16:03:35.534 | INFO     | src.models.xgboost_model:train:18 - Training XGBoost model with 2045 samples
2025-12-13 16:03:38.234 | INFO     | __main__:run_pipeline:255 - XGBoost Results - MSE: 0.0013552148427655633, RMSE: 0.036813242763516, MAE: 0.02962564926999013
2025-12-13 16:03:38.243 | INFO     | src.models.xgboost_model:save:28 - XGBoost model saved to data/models/UNVR.JK_15m_xgb.joblib
2025-12-13 16:03:38.288 | INFO     | __main__:<module>:300 - Cycle completed. Sleeping for 1 hour...
2025-12-13 16:03:40.181 | INFO     | src.training.trainer:run_pipeline:145 - LSTM Results - MSE: 0.0018006096364548958, RMSE: 0.04243359089748234, MAE: 0.06571466515440975
2025-12-13 16:03:40.216 | INFO     | src.models.lstm_model:save:57 - Model saved to data/models/BBRI.JK_1m_lstm.h5
2025-12-13 16:03:40.601 | INFO     | src.training.trainer:run_pipeline:219 - Logged 1200 historical predictions for BBRI.JK
2025-12-13 16:03:40.603 | INFO     | src.models.xgboost_model:train:18 - Training XGBoost model with 4796 samples
2025-12-13 16:03:42.201 | INFO     | src.training.trainer:run_pipeline:255 - XGBoost Results - MSE: 0.0015600609684376242, RMSE: 0.039497607122933716, MAE: 0.032488701306284375
2025-12-13 16:03:42.205 | INFO     | src.models.xgboost_model:save:28 - XGBoost model saved to data/models/BBRI.JK_1m_xgb.joblib
2025-12-13 16:03:47.783 | ERROR    | src.api.main:predict:147 - Prediction error: in user code:

    File "/usr/local/lib/python3.10/site-packages/keras/src/engine/training.py", line 2440, in predict_function  *
        return step_function(self, iterator)
    File "/usr/local/lib/python3.10/site-packages/keras/src/engine/training.py", line 2425, in step_function  **
        outputs = model.distribute_strategy.run(run_step, args=(data,))
    File "/usr/local/lib/python3.10/site-packages/keras/src/engine/training.py", line 2413, in run_step  **
        outputs = model.predict_step(data)
    File "/usr/local/lib/python3.10/site-packages/keras/src/engine/training.py", line 2381, in predict_step
        return self(x, training=False)
    File "/usr/local/lib/python3.10/site-packages/keras/src/utils/traceback_utils.py", line 70, in error_handler
        raise e.with_traceback(filtered_tb) from None
    File "/usr/local/lib/python3.10/site-packages/keras/src/engine/input_spec.py", line 298, in assert_input_compatibility
        raise ValueError(

    ValueError: Input 0 of layer "sequential" is incompatible with the layer: expected shape=(None, 60, 11), found shape=(None, 60, 5)

2025-12-13 16:04:02.537 | ERROR    | src.api.main:predict:147 - Prediction error: in user code:

    File "/usr/local/lib/python3.10/site-packages/keras/src/engine/training.py", line 2440, in predict_function  *
        return step_function(self, iterator)
    File "/usr/local/lib/python3.10/site-packages/keras/src/engine/training.py", line 2425, in step_function  **
        outputs = model.distribute_strategy.run(run_step, args=(data,))
    File "/usr/local/lib/python3.10/site-packages/keras/src/engine/training.py", line 2413, in run_step  **
        outputs = model.predict_step(data)
    File "/usr/local/lib/python3.10/site-packages/keras/src/engine/training.py", line 2381, in predict_step
        return self(x, training=False)
    File "/usr/local/lib/python3.10/site-packages/keras/src/utils/traceback_utils.py", line 70, in error_handler
        raise e.with_traceback(filtered_tb) from None
    File "/usr/local/lib/python3.10/site-packages/keras/src/engine/input_spec.py", line 298, in assert_input_compatibility
        raise ValueError(

    ValueError: Input 0 of layer "sequential_4" is incompatible with the layer: expected shape=(None, 60, 11), found shape=(None, 60, 5)

2025-12-13 16:05:46.826 | ERROR    | src.api.main:predict:147 - Prediction error: in user code:

    File "/usr/local/lib/python3.10/site-packages/keras/src/engine/training.py", line 2440, in predict_function  *
        return step_function(self, iterator)
    File "/usr/local/lib/python3.10/site-packages/keras/src/engine/training.py", line 2425, in step_function  **
        outputs = model.distribute_strategy.run(run_step, args=(data,))
    File "/usr/local/lib/python3.10/site-packages/keras/src/engine/training.py", line 2413, in run_step  **
        outputs = model.predict_step(data)
    File "/usr/local/lib/python3.10/site-packages/keras/src/engine/training.py", line 2381, in predict_step
        return self(x, training=False)
    File "/usr/local/lib/python3.10/site-packages/keras/src/utils/traceback_utils.py", line 70, in error_handler
        raise e.with_traceback(filtered_tb) from None
    File "/usr/local/lib/python3.10/site-packages/keras/src/engine/input_spec.py", line 298, in assert_input_compatibility
        raise ValueError(

    ValueError: Input 0 of layer "sequential_4" is incompatible with the layer: expected shape=(None, 60, 11), found shape=(None, 60, 5)

2025-12-13 16:07:20.839 | ERROR    | src.api.main:predict:147 - Prediction error: in user code:

    File "/usr/local/lib/python3.10/site-packages/keras/src/engine/training.py", line 2440, in predict_function  *
        return step_function(self, iterator)
    File "/usr/local/lib/python3.10/site-packages/keras/src/engine/training.py", line 2425, in step_function  **
        outputs = model.distribute_strategy.run(run_step, args=(data,))
    File "/usr/local/lib/python3.10/site-packages/keras/src/engine/training.py", line 2413, in run_step  **
        outputs = model.predict_step(data)
    File "/usr/local/lib/python3.10/site-packages/keras/src/engine/training.py", line 2381, in predict_step
        return self(x, training=False)
    File "/usr/local/lib/python3.10/site-packages/keras/src/utils/traceback_utils.py", line 70, in error_handler
        raise e.with_traceback(filtered_tb) from None
    File "/usr/local/lib/python3.10/site-packages/keras/src/engine/input_spec.py", line 298, in assert_input_compatibility
        raise ValueError(

    ValueError: Input 0 of layer "sequential_4" is incompatible with the layer: expected shape=(None, 60, 11), found shape=(None, 60, 5)

2025-12-13 16:07:32.040 | ERROR    | src.api.main:predict:147 - Prediction error: in user code:

    File "/usr/local/lib/python3.10/site-packages/keras/src/engine/training.py", line 2440, in predict_function  *
        return step_function(self, iterator)
    File "/usr/local/lib/python3.10/site-packages/keras/src/engine/training.py", line 2425, in step_function  **
        outputs = model.distribute_strategy.run(run_step, args=(data,))
    File "/usr/local/lib/python3.10/site-packages/keras/src/engine/training.py", line 2413, in run_step  **
        outputs = model.predict_step(data)
    File "/usr/local/lib/python3.10/site-packages/keras/src/engine/training.py", line 2381, in predict_step
        return self(x, training=False)
    File "/usr/local/lib/python3.10/site-packages/keras/src/utils/traceback_utils.py", line 70, in error_handler
        raise e.with_traceback(filtered_tb) from None
    File "/usr/local/lib/python3.10/site-packages/keras/src/engine/input_spec.py", line 298, in assert_input_compatibility
        raise ValueError(

    ValueError: Input 0 of layer "sequential_1" is incompatible with the layer: expected shape=(None, 60, 11), found shape=(None, 60, 5)

2025-12-13 16:07:42.854 | ERROR    | src.api.main:predict:147 - Prediction error: in user code:

    File "/usr/local/lib/python3.10/site-packages/keras/src/engine/training.py", line 2440, in predict_function  *
        return step_function(self, iterator)
    File "/usr/local/lib/python3.10/site-packages/keras/src/engine/training.py", line 2425, in step_function  **
        outputs = model.distribute_strategy.run(run_step, args=(data,))
    File "/usr/local/lib/python3.10/site-packages/keras/src/engine/training.py", line 2413, in run_step  **
        outputs = model.predict_step(data)
    File "/usr/local/lib/python3.10/site-packages/keras/src/engine/training.py", line 2381, in predict_step
        return self(x, training=False)
    File "/usr/local/lib/python3.10/site-packages/keras/src/utils/traceback_utils.py", line 70, in error_handler
        raise e.with_traceback(filtered_tb) from None
    File "/usr/local/lib/python3.10/site-packages/keras/src/engine/input_spec.py", line 298, in assert_input_compatibility
        raise ValueError(

    ValueError: Input 0 of layer "sequential" is incompatible with the layer: expected shape=(None, 60, 11), found shape=(None, 60, 5)

2025-12-13 16:08:36.616 | ERROR    | src.api.main:predict:147 - Prediction error: in user code:

    File "/usr/local/lib/python3.10/site-packages/keras/src/engine/training.py", line 2440, in predict_function  *
        return step_function(self, iterator)
    File "/usr/local/lib/python3.10/site-packages/keras/src/engine/training.py", line 2425, in step_function  **
        outputs = model.distribute_strategy.run(run_step, args=(data,))
    File "/usr/local/lib/python3.10/site-packages/keras/src/engine/training.py", line 2413, in run_step  **
        outputs = model.predict_step(data)
    File "/usr/local/lib/python3.10/site-packages/keras/src/engine/training.py", line 2381, in predict_step
        return self(x, training=False)
    File "/usr/local/lib/python3.10/site-packages/keras/src/utils/traceback_utils.py", line 70, in error_handler
        raise e.with_traceback(filtered_tb) from None
    File "/usr/local/lib/python3.10/site-packages/keras/src/engine/input_spec.py", line 298, in assert_input_compatibility
        raise ValueError(

    ValueError: Input 0 of layer "sequential_4" is incompatible with the layer: expected shape=(None, 60, 11), found shape=(None, 60, 5)

2025-12-13 16:08:40.047 | ERROR    | src.api.main:predict:147 - Prediction error: in user code:

    File "/usr/local/lib/python3.10/site-packages/keras/src/engine/training.py", line 2440, in predict_function  *
        return step_function(self, iterator)
    File "/usr/local/lib/python3.10/site-packages/keras/src/engine/training.py", line 2425, in step_function  **
        outputs = model.distribute_strategy.run(run_step, args=(data,))
    File "/usr/local/lib/python3.10/site-packages/keras/src/engine/training.py", line 2413, in run_step  **
        outputs = model.predict_step(data)
    File "/usr/local/lib/python3.10/site-packages/keras/src/engine/training.py", line 2381, in predict_step
        return self(x, training=False)
    File "/usr/local/lib/python3.10/site-packages/keras/src/utils/traceback_utils.py", line 70, in error_handler
        raise e.with_traceback(filtered_tb) from None
    File "/usr/local/lib/python3.10/site-packages/keras/src/engine/input_spec.py", line 298, in assert_input_compatibility
        raise ValueError(

    ValueError: Input 0 of layer "sequential_1" is incompatible with the layer: expected shape=(None, 60, 11), found shape=(None, 60, 5)

2025-12-13 16:12:09.251 | ERROR    | src.api.main:predict:147 - Prediction error: in user code:

    File "/usr/local/lib/python3.10/site-packages/keras/src/engine/training.py", line 2440, in predict_function  *
        return step_function(self, iterator)
    File "/usr/local/lib/python3.10/site-packages/keras/src/engine/training.py", line 2425, in step_function  **
        outputs = model.distribute_strategy.run(run_step, args=(data,))
    File "/usr/local/lib/python3.10/site-packages/keras/src/engine/training.py", line 2413, in run_step  **
        outputs = model.predict_step(data)
    File "/usr/local/lib/python3.10/site-packages/keras/src/engine/training.py", line 2381, in predict_step
        return self(x, training=False)
    File "/usr/local/lib/python3.10/site-packages/keras/src/utils/traceback_utils.py", line 70, in error_handler
        raise e.with_traceback(filtered_tb) from None
    File "/usr/local/lib/python3.10/site-packages/keras/src/engine/input_spec.py", line 298, in assert_input_compatibility
        raise ValueError(

    ValueError: Input 0 of layer "sequential_4" is incompatible with the layer: expected shape=(None, 60, 11), found shape=(None, 60, 5)

2025-12-13 16:12:09.407 | ERROR    | src.api.main:predict:147 - Prediction error: in user code:

    File "/usr/local/lib/python3.10/site-packages/keras/src/engine/training.py", line 2440, in predict_function  *
        return step_function(self, iterator)
    File "/usr/local/lib/python3.10/site-packages/keras/src/engine/training.py", line 2425, in step_function  **
        outputs = model.distribute_strategy.run(run_step, args=(data,))
    File "/usr/local/lib/python3.10/site-packages/keras/src/engine/training.py", line 2413, in run_step  **
        outputs = model.predict_step(data)
    File "/usr/local/lib/python3.10/site-packages/keras/src/engine/training.py", line 2381, in predict_step
        return self(x, training=False)
    File "/usr/local/lib/python3.10/site-packages/keras/src/utils/traceback_utils.py", line 70, in error_handler
        raise e.with_traceback(filtered_tb) from None
    File "/usr/local/lib/python3.10/site-packages/keras/src/engine/input_spec.py", line 298, in assert_input_compatibility
        raise ValueError(

    ValueError: Input 0 of layer "sequential_4" is incompatible with the layer: expected shape=(None, 60, 11), found shape=(None, 60, 5)

2025-12-13 16:14:05.613 | ERROR    | src.api.main:predict:147 - Prediction error: in user code:

    File "/usr/local/lib/python3.10/site-packages/keras/src/engine/training.py", line 2440, in predict_function  *
        return step_function(self, iterator)
    File "/usr/local/lib/python3.10/site-packages/keras/src/engine/training.py", line 2425, in step_function  **
        outputs = model.distribute_strategy.run(run_step, args=(data,))
    File "/usr/local/lib/python3.10/site-packages/keras/src/engine/training.py", line 2413, in run_step  **
        outputs = model.predict_step(data)
    File "/usr/local/lib/python3.10/site-packages/keras/src/engine/training.py", line 2381, in predict_step
        return self(x, training=False)
    File "/usr/local/lib/python3.10/site-packages/keras/src/utils/traceback_utils.py", line 70, in error_handler
        raise e.with_traceback(filtered_tb) from None
    File "/usr/local/lib/python3.10/site-packages/keras/src/engine/input_spec.py", line 298, in assert_input_compatibility
        raise ValueError(

    ValueError: Input 0 of layer "sequential_4" is incompatible with the layer: expected shape=(None, 60, 11), found shape=(None, 60, 5)

2025-12-13 16:14:21.755 | ERROR    | src.api.main:predict:147 - Prediction error: in user code:

    File "/usr/local/lib/python3.10/site-packages/keras/src/engine/training.py", line 2440, in predict_function  *
        return step_function(self, iterator)
    File "/usr/local/lib/python3.10/site-packages/keras/src/engine/training.py", line 2425, in step_function  **
        outputs = model.distribute_strategy.run(run_step, args=(data,))
    File "/usr/local/lib/python3.10/site-packages/keras/src/engine/training.py", line 2413, in run_step  **
        outputs = model.predict_step(data)
    File "/usr/local/lib/python3.10/site-packages/keras/src/engine/training.py", line 2381, in predict_step
        return self(x, training=False)
    File "/usr/local/lib/python3.10/site-packages/keras/src/utils/traceback_utils.py", line 70, in error_handler
        raise e.with_traceback(filtered_tb) from None
    File "/usr/local/lib/python3.10/site-packages/keras/src/engine/input_spec.py", line 298, in assert_input_compatibility
        raise ValueError(

    ValueError: Input 0 of layer "sequential_1" is incompatible with the layer: expected shape=(None, 60, 11), found shape=(None, 60, 5)

2025-12-13 16:14:23.767 | ERROR    | src.api.main:predict:147 - Prediction error: in user code:

    File "/usr/local/lib/python3.10/site-packages/keras/src/engine/training.py", line 2440, in predict_function  *
        return step_function(self, iterator)
    File "/usr/local/lib/python3.10/site-packages/keras/src/engine/training.py", line 2425, in step_function  **
        outputs = model.distribute_strategy.run(run_step, args=(data,))
    File "/usr/local/lib/python3.10/site-packages/keras/src/engine/training.py", line 2413, in run_step  **
        outputs = model.predict_step(data)
    File "/usr/local/lib/python3.10/site-packages/keras/src/engine/training.py", line 2381, in predict_step
        return self(x, training=False)
    File "/usr/local/lib/python3.10/site-packages/keras/src/utils/traceback_utils.py", line 70, in error_handler
        raise e.with_traceback(filtered_tb) from None
    File "/usr/local/lib/python3.10/site-packages/keras/src/engine/input_spec.py", line 298, in assert_input_compatibility
        raise ValueError(

    ValueError: Input 0 of layer "sequential" is incompatible with the layer: expected shape=(None, 60, 11), found shape=(None, 60, 5)

2025-12-13 16:14:34.835 | ERROR    | src.api.main:predict:147 - Prediction error: in user code:

    File "/usr/local/lib/python3.10/site-packages/keras/src/engine/training.py", line 2440, in predict_function  *
        return step_function(self, iterator)
    File "/usr/local/lib/python3.10/site-packages/keras/src/engine/training.py", line 2425, in step_function  **
        outputs = model.distribute_strategy.run(run_step, args=(data,))
    File "/usr/local/lib/python3.10/site-packages/keras/src/engine/training.py", line 2413, in run_step  **
        outputs = model.predict_step(data)
    File "/usr/local/lib/python3.10/site-packages/keras/src/engine/training.py", line 2381, in predict_step
        return self(x, training=False)
    File "/usr/local/lib/python3.10/site-packages/keras/src/utils/traceback_utils.py", line 70, in error_handler
        raise e.with_traceback(filtered_tb) from None
    File "/usr/local/lib/python3.10/site-packages/keras/src/engine/input_spec.py", line 298, in assert_input_compatibility
        raise ValueError(

    ValueError: Input 0 of layer "sequential_1" is incompatible with the layer: expected shape=(None, 60, 11), found shape=(None, 60, 5)

2025-12-13 16:14:39.530 | ERROR    | src.api.main:predict:147 - Prediction error: in user code:

    File "/usr/local/lib/python3.10/site-packages/keras/src/engine/training.py", line 2440, in predict_function  *
        return step_function(self, iterator)
    File "/usr/local/lib/python3.10/site-packages/keras/src/engine/training.py", line 2425, in step_function  **
        outputs = model.distribute_strategy.run(run_step, args=(data,))
    File "/usr/local/lib/python3.10/site-packages/keras/src/engine/training.py", line 2413, in run_step  **
        outputs = model.predict_step(data)
    File "/usr/local/lib/python3.10/site-packages/keras/src/engine/training.py", line 2381, in predict_step
        return self(x, training=False)
    File "/usr/local/lib/python3.10/site-packages/keras/src/utils/traceback_utils.py", line 70, in error_handler
        raise e.with_traceback(filtered_tb) from None
    File "/usr/local/lib/python3.10/site-packages/keras/src/engine/input_spec.py", line 298, in assert_input_compatibility
        raise ValueError(

    ValueError: Input 0 of layer "sequential" is incompatible with the layer: expected shape=(None, 60, 11), found shape=(None, 60, 5)

2025-12-13 16:14:42.222 | ERROR    | src.api.main:predict:147 - Prediction error: in user code:

    File "/usr/local/lib/python3.10/site-packages/keras/src/engine/training.py", line 2440, in predict_function  *
        return step_function(self, iterator)
    File "/usr/local/lib/python3.10/site-packages/keras/src/engine/training.py", line 2425, in step_function  **
        outputs = model.distribute_strategy.run(run_step, args=(data,))
    File "/usr/local/lib/python3.10/site-packages/keras/src/engine/training.py", line 2413, in run_step  **
        outputs = model.predict_step(data)
    File "/usr/local/lib/python3.10/site-packages/keras/src/engine/training.py", line 2381, in predict_step
        return self(x, training=False)
    File "/usr/local/lib/python3.10/site-packages/keras/src/utils/traceback_utils.py", line 70, in error_handler
        raise e.with_traceback(filtered_tb) from None
    File "/usr/local/lib/python3.10/site-packages/keras/src/engine/input_spec.py", line 298, in assert_input_compatibility
        raise ValueError(

    ValueError: Input 0 of layer "sequential_1" is incompatible with the layer: expected shape=(None, 60, 11), found shape=(None, 60, 5)

2025-12-13 16:14:44.543 | ERROR    | src.api.main:predict:147 - Prediction error: in user code:

    File "/usr/local/lib/python3.10/site-packages/keras/src/engine/training.py", line 2440, in predict_function  *
        return step_function(self, iterator)
    File "/usr/local/lib/python3.10/site-packages/keras/src/engine/training.py", line 2425, in step_function  **
        outputs = model.distribute_strategy.run(run_step, args=(data,))
    File "/usr/local/lib/python3.10/site-packages/keras/src/engine/training.py", line 2413, in run_step  **
        outputs = model.predict_step(data)
    File "/usr/local/lib/python3.10/site-packages/keras/src/engine/training.py", line 2381, in predict_step
        return self(x, training=False)
    File "/usr/local/lib/python3.10/site-packages/keras/src/utils/traceback_utils.py", line 70, in error_handler
        raise e.with_traceback(filtered_tb) from None
    File "/usr/local/lib/python3.10/site-packages/keras/src/engine/input_spec.py", line 298, in assert_input_compatibility
        raise ValueError(

    ValueError: Input 0 of layer "sequential_2" is incompatible with the layer: expected shape=(None, 60, 11), found shape=(None, 60, 5)

2025-12-13 16:15:02.586 | ERROR    | src.api.main:predict:147 - Prediction error: in user code:

    File "/usr/local/lib/python3.10/site-packages/keras/src/engine/training.py", line 2440, in predict_function  *
        return step_function(self, iterator)
    File "/usr/local/lib/python3.10/site-packages/keras/src/engine/training.py", line 2425, in step_function  **
        outputs = model.distribute_strategy.run(run_step, args=(data,))
    File "/usr/local/lib/python3.10/site-packages/keras/src/engine/training.py", line 2413, in run_step  **
        outputs = model.predict_step(data)
    File "/usr/local/lib/python3.10/site-packages/keras/src/engine/training.py", line 2381, in predict_step
        return self(x, training=False)
    File "/usr/local/lib/python3.10/site-packages/keras/src/utils/traceback_utils.py", line 70, in error_handler
        raise e.with_traceback(filtered_tb) from None
    File "/usr/local/lib/python3.10/site-packages/keras/src/engine/input_spec.py", line 298, in assert_input_compatibility
        raise ValueError(

    ValueError: Input 0 of layer "sequential_1" is incompatible with the layer: expected shape=(None, 60, 11), found shape=(None, 60, 5)

2025-12-13 16:15:05.795 | ERROR    | src.api.main:predict:147 - Prediction error: in user code:

    File "/usr/local/lib/python3.10/site-packages/keras/src/engine/training.py", line 2440, in predict_function  *
        return step_function(self, iterator)
    File "/usr/local/lib/python3.10/site-packages/keras/src/engine/training.py", line 2425, in step_function  **
        outputs = model.distribute_strategy.run(run_step, args=(data,))
    File "/usr/local/lib/python3.10/site-packages/keras/src/engine/training.py", line 2413, in run_step  **
        outputs = model.predict_step(data)
    File "/usr/local/lib/python3.10/site-packages/keras/src/engine/training.py", line 2381, in predict_step
        return self(x, training=False)
    File "/usr/local/lib/python3.10/site-packages/keras/src/utils/traceback_utils.py", line 70, in error_handler
        raise e.with_traceback(filtered_tb) from None
    File "/usr/local/lib/python3.10/site-packages/keras/src/engine/input_spec.py", line 298, in assert_input_compatibility
        raise ValueError(

    ValueError: Input 0 of layer "sequential" is incompatible with the layer: expected shape=(None, 60, 11), found shape=(None, 60, 5)

2025-12-13 16:17:21.149 | ERROR    | src.api.main:predict:147 - Prediction error: in user code:

    File "/usr/local/lib/python3.10/site-packages/keras/src/engine/training.py", line 2440, in predict_function  *
        return step_function(self, iterator)
    File "/usr/local/lib/python3.10/site-packages/keras/src/engine/training.py", line 2425, in step_function  **
        outputs = model.distribute_strategy.run(run_step, args=(data,))
    File "/usr/local/lib/python3.10/site-packages/keras/src/engine/training.py", line 2413, in run_step  **
        outputs = model.predict_step(data)
    File "/usr/local/lib/python3.10/site-packages/keras/src/engine/training.py", line 2381, in predict_step
        return self(x, training=False)
    File "/usr/local/lib/python3.10/site-packages/keras/src/utils/traceback_utils.py", line 70, in error_handler
        raise e.with_traceback(filtered_tb) from None
    File "/usr/local/lib/python3.10/site-packages/keras/src/engine/input_spec.py", line 298, in assert_input_compatibility
        raise ValueError(

    ValueError: Input 0 of layer "sequential" is incompatible with the layer: expected shape=(None, 60, 11), found shape=(None, 60, 5)

2025-12-13 16:17:27.922 | ERROR    | src.api.main:predict:147 - Prediction error: in user code:

    File "/usr/local/lib/python3.10/site-packages/keras/src/engine/training.py", line 2440, in predict_function  *
        return step_function(self, iterator)
    File "/usr/local/lib/python3.10/site-packages/keras/src/engine/training.py", line 2425, in step_function  **
        outputs = model.distribute_strategy.run(run_step, args=(data,))
    File "/usr/local/lib/python3.10/site-packages/keras/src/engine/training.py", line 2413, in run_step  **
        outputs = model.predict_step(data)
    File "/usr/local/lib/python3.10/site-packages/keras/src/engine/training.py", line 2381, in predict_step
        return self(x, training=False)
    File "/usr/local/lib/python3.10/site-packages/keras/src/utils/traceback_utils.py", line 70, in error_handler
        raise e.with_traceback(filtered_tb) from None
    File "/usr/local/lib/python3.10/site-packages/keras/src/engine/input_spec.py", line 298, in assert_input_compatibility
        raise ValueError(

    ValueError: Input 0 of layer "sequential" is incompatible with the layer: expected shape=(None, 60, 11), found shape=(None, 60, 5)

2025-12-13 16:17:28.095 | INFO     | src.training.trainer:run_pipeline:26 - Starting pipeline for BBCA.JK (1d)
2025-12-13 16:17:28.095 | INFO     | src.data_collection.stock_collector:fetch_history:49 - Fetching 730 days of history for BBCA.JK with interval 1d
2025-12-13 16:17:28.814 | INFO     | src.data_collection.news_collector:fetch_news:53 - Fetching Google News RSS for: BBCA
2025-12-13 16:17:29.899 | INFO     | src.data_collection.news_collector:fetch_news:62 - Found 100 articles
2025-12-13 16:17:29.917 | INFO     | src.data_collection.news_collector:fetch_news:109 - Saved 10 new articles from Google News
2025-12-13 16:17:30.089 | INFO     | src.data_collection.stock_collector:fetch_history:122 - Successfully updated 729 1d records for BBCA.JK
2025-12-13 16:17:30.616 | INFO     | src.models.lstm_model:train:40 - Training LSTM model with 1592 samples
2025-12-13 16:17:37.587 | INFO     | src.training.trainer:run_pipeline:145 - LSTM Results - MSE: 0.00243892716708981, RMSE: 0.049385495513255814, MAE: 0.11912056250498114
2025-12-13 16:17:37.625 | INFO     | src.models.lstm_model:save:57 - Model saved to data/models/BBCA.JK_1d_lstm.h5
2025-12-13 16:17:37.777 | INFO     | src.training.trainer:run_pipeline:219 - Logged 399 historical predictions for BBCA.JK
2025-12-13 16:17:37.781 | INFO     | src.models.xgboost_model:train:18 - Training XGBoost model with 1592 samples
2025-12-13 16:17:40.353 | INFO     | src.training.trainer:run_pipeline:255 - XGBoost Results - MSE: 0.011043517454720106, RMSE: 0.10508814136105038, MAE: 0.07064027385256408
2025-12-13 16:17:40.361 | INFO     | src.models.xgboost_model:save:28 - XGBoost model saved to data/models/BBCA.JK_1d_xgb.joblib
2025-12-13 16:17:43.131 | ERROR    | src.api.main:predict:147 - Prediction error: in user code:

    File "/usr/local/lib/python3.10/site-packages/keras/src/engine/training.py", line 2440, in predict_function  *
        return step_function(self, iterator)
    File "/usr/local/lib/python3.10/site-packages/keras/src/engine/training.py", line 2425, in step_function  **
        outputs = model.distribute_strategy.run(run_step, args=(data,))
    File "/usr/local/lib/python3.10/site-packages/keras/src/engine/training.py", line 2413, in run_step  **
        outputs = model.predict_step(data)
    File "/usr/local/lib/python3.10/site-packages/keras/src/engine/training.py", line 2381, in predict_step
        return self(x, training=False)
    File "/usr/local/lib/python3.10/site-packages/keras/src/utils/traceback_utils.py", line 70, in error_handler
        raise e.with_traceback(filtered_tb) from None
    File "/usr/local/lib/python3.10/site-packages/keras/src/engine/input_spec.py", line 298, in assert_input_compatibility
        raise ValueError(

    ValueError: Input 0 of layer "sequential" is incompatible with the layer: expected shape=(None, 60, 11), found shape=(None, 60, 5)

2025-12-13 16:17:49.392 | ERROR    | src.api.main:predict:147 - Prediction error: in user code:

    File "/usr/local/lib/python3.10/site-packages/keras/src/engine/training.py", line 2440, in predict_function  *
        return step_function(self, iterator)
    File "/usr/local/lib/python3.10/site-packages/keras/src/engine/training.py", line 2425, in step_function  **
        outputs = model.distribute_strategy.run(run_step, args=(data,))
    File "/usr/local/lib/python3.10/site-packages/keras/src/engine/training.py", line 2413, in run_step  **
        outputs = model.predict_step(data)
    File "/usr/local/lib/python3.10/site-packages/keras/src/engine/training.py", line 2381, in predict_step
        return self(x, training=False)
    File "/usr/local/lib/python3.10/site-packages/keras/src/utils/traceback_utils.py", line 70, in error_handler
        raise e.with_traceback(filtered_tb) from None
    File "/usr/local/lib/python3.10/site-packages/keras/src/engine/input_spec.py", line 298, in assert_input_compatibility
        raise ValueError(

    ValueError: Input 0 of layer "sequential" is incompatible with the layer: expected shape=(None, 60, 11), found shape=(None, 60, 5)

2025-12-13 16:19:06.573 | ERROR    | src.api.main:predict:147 - Prediction error: in user code:

    File "/usr/local/lib/python3.10/site-packages/keras/src/engine/training.py", line 2440, in predict_function  *
        return step_function(self, iterator)
    File "/usr/local/lib/python3.10/site-packages/keras/src/engine/training.py", line 2425, in step_function  **
        outputs = model.distribute_strategy.run(run_step, args=(data,))
    File "/usr/local/lib/python3.10/site-packages/keras/src/engine/training.py", line 2413, in run_step  **
        outputs = model.predict_step(data)
    File "/usr/local/lib/python3.10/site-packages/keras/src/engine/training.py", line 2381, in predict_step
        return self(x, training=False)
    File "/usr/local/lib/python3.10/site-packages/keras/src/utils/traceback_utils.py", line 70, in error_handler
        raise e.with_traceback(filtered_tb) from None
    File "/usr/local/lib/python3.10/site-packages/keras/src/engine/input_spec.py", line 298, in assert_input_compatibility
        raise ValueError(

    ValueError: Input 0 of layer "sequential_1" is incompatible with the layer: expected shape=(None, 60, 11), found shape=(None, 60, 5)

2025-12-13 16:19:09.984 | ERROR    | src.api.main:predict:147 - Prediction error: in user code:

    File "/usr/local/lib/python3.10/site-packages/keras/src/engine/training.py", line 2440, in predict_function  *
        return step_function(self, iterator)
    File "/usr/local/lib/python3.10/site-packages/keras/src/engine/training.py", line 2425, in step_function  **
        outputs = model.distribute_strategy.run(run_step, args=(data,))
    File "/usr/local/lib/python3.10/site-packages/keras/src/engine/training.py", line 2413, in run_step  **
        outputs = model.predict_step(data)
    File "/usr/local/lib/python3.10/site-packages/keras/src/engine/training.py", line 2381, in predict_step
        return self(x, training=False)
    File "/usr/local/lib/python3.10/site-packages/keras/src/utils/traceback_utils.py", line 70, in error_handler
        raise e.with_traceback(filtered_tb) from None
    File "/usr/local/lib/python3.10/site-packages/keras/src/engine/input_spec.py", line 298, in assert_input_compatibility
        raise ValueError(

    ValueError: Input 0 of layer "sequential_2" is incompatible with the layer: expected shape=(None, 60, 11), found shape=(None, 60, 5)

2025-12-13 16:19:38.894 | ERROR    | src.api.main:predict:147 - Prediction error: in user code:

    File "/usr/local/lib/python3.10/site-packages/keras/src/engine/training.py", line 2440, in predict_function  *
        return step_function(self, iterator)
    File "/usr/local/lib/python3.10/site-packages/keras/src/engine/training.py", line 2425, in step_function  **
        outputs = model.distribute_strategy.run(run_step, args=(data,))
    File "/usr/local/lib/python3.10/site-packages/keras/src/engine/training.py", line 2413, in run_step  **
        outputs = model.predict_step(data)
    File "/usr/local/lib/python3.10/site-packages/keras/src/engine/training.py", line 2381, in predict_step
        return self(x, training=False)
    File "/usr/local/lib/python3.10/site-packages/keras/src/utils/traceback_utils.py", line 70, in error_handler
        raise e.with_traceback(filtered_tb) from None
    File "/usr/local/lib/python3.10/site-packages/keras/src/engine/input_spec.py", line 298, in assert_input_compatibility
        raise ValueError(

    ValueError: Input 0 of layer "sequential_2" is incompatible with the layer: expected shape=(None, 60, 11), found shape=(None, 60, 5)

2025-12-13 16:20:32.367 | ERROR    | src.api.main:predict:147 - Prediction error: in user code:

    File "/usr/local/lib/python3.10/site-packages/keras/src/engine/training.py", line 2440, in predict_function  *
        return step_function(self, iterator)
    File "/usr/local/lib/python3.10/site-packages/keras/src/engine/training.py", line 2425, in step_function  **
        outputs = model.distribute_strategy.run(run_step, args=(data,))
    File "/usr/local/lib/python3.10/site-packages/keras/src/engine/training.py", line 2413, in run_step  **
        outputs = model.predict_step(data)
    File "/usr/local/lib/python3.10/site-packages/keras/src/engine/training.py", line 2381, in predict_step
        return self(x, training=False)
    File "/usr/local/lib/python3.10/site-packages/keras/src/utils/traceback_utils.py", line 70, in error_handler
        raise e.with_traceback(filtered_tb) from None
    File "/usr/local/lib/python3.10/site-packages/keras/src/engine/input_spec.py", line 298, in assert_input_compatibility
        raise ValueError(

    ValueError: Input 0 of layer "sequential" is incompatible with the layer: expected shape=(None, 60, 11), found shape=(None, 60, 5)

2025-12-13 16:20:46.133 | ERROR    | src.api.main:predict:147 - Prediction error: in user code:

    File "/usr/local/lib/python3.10/site-packages/keras/src/engine/training.py", line 2440, in predict_function  *
        return step_function(self, iterator)
    File "/usr/local/lib/python3.10/site-packages/keras/src/engine/training.py", line 2425, in step_function  **
        outputs = model.distribute_strategy.run(run_step, args=(data,))
    File "/usr/local/lib/python3.10/site-packages/keras/src/engine/training.py", line 2413, in run_step  **
        outputs = model.predict_step(data)
    File "/usr/local/lib/python3.10/site-packages/keras/src/engine/training.py", line 2381, in predict_step
        return self(x, training=False)
    File "/usr/local/lib/python3.10/site-packages/keras/src/utils/traceback_utils.py", line 70, in error_handler
        raise e.with_traceback(filtered_tb) from None
    File "/usr/local/lib/python3.10/site-packages/keras/src/engine/input_spec.py", line 298, in assert_input_compatibility
        raise ValueError(

    ValueError: Input 0 of layer "sequential" is incompatible with the layer: expected shape=(None, 60, 11), found shape=(None, 60, 5)

2025-12-13 16:21:00.904 | ERROR    | src.api.main:predict:147 - Prediction error: in user code:

    File "/usr/local/lib/python3.10/site-packages/keras/src/engine/training.py", line 2440, in predict_function  *
        return step_function(self, iterator)
    File "/usr/local/lib/python3.10/site-packages/keras/src/engine/training.py", line 2425, in step_function  **
        outputs = model.distribute_strategy.run(run_step, args=(data,))
    File "/usr/local/lib/python3.10/site-packages/keras/src/engine/training.py", line 2413, in run_step  **
        outputs = model.predict_step(data)
    File "/usr/local/lib/python3.10/site-packages/keras/src/engine/training.py", line 2381, in predict_step
        return self(x, training=False)
    File "/usr/local/lib/python3.10/site-packages/keras/src/utils/traceback_utils.py", line 70, in error_handler
        raise e.with_traceback(filtered_tb) from None
    File "/usr/local/lib/python3.10/site-packages/keras/src/engine/input_spec.py", line 298, in assert_input_compatibility
        raise ValueError(

    ValueError: Input 0 of layer "sequential" is incompatible with the layer: expected shape=(None, 60, 11), found shape=(None, 60, 5)

2025-12-13 16:21:24.873 | ERROR    | src.api.main:predict:147 - Prediction error: in user code:

    File "/usr/local/lib/python3.10/site-packages/keras/src/engine/training.py", line 2440, in predict_function  *
        return step_function(self, iterator)
    File "/usr/local/lib/python3.10/site-packages/keras/src/engine/training.py", line 2425, in step_function  **
        outputs = model.distribute_strategy.run(run_step, args=(data,))
    File "/usr/local/lib/python3.10/site-packages/keras/src/engine/training.py", line 2413, in run_step  **
        outputs = model.predict_step(data)
    File "/usr/local/lib/python3.10/site-packages/keras/src/engine/training.py", line 2381, in predict_step
        return self(x, training=False)
    File "/usr/local/lib/python3.10/site-packages/keras/src/utils/traceback_utils.py", line 70, in error_handler
        raise e.with_traceback(filtered_tb) from None
    File "/usr/local/lib/python3.10/site-packages/keras/src/engine/input_spec.py", line 298, in assert_input_compatibility
        raise ValueError(

    ValueError: Input 0 of layer "sequential_1" is incompatible with the layer: expected shape=(None, 60, 11), found shape=(None, 60, 5)

2025-12-13 16:21:59.685 | ERROR    | src.api.main:predict:147 - Prediction error: in user code:

    File "/usr/local/lib/python3.10/site-packages/keras/src/engine/training.py", line 2440, in predict_function  *
        return step_function(self, iterator)
    File "/usr/local/lib/python3.10/site-packages/keras/src/engine/training.py", line 2425, in step_function  **
        outputs = model.distribute_strategy.run(run_step, args=(data,))
    File "/usr/local/lib/python3.10/site-packages/keras/src/engine/training.py", line 2413, in run_step  **
        outputs = model.predict_step(data)
    File "/usr/local/lib/python3.10/site-packages/keras/src/engine/training.py", line 2381, in predict_step
        return self(x, training=False)
    File "/usr/local/lib/python3.10/site-packages/keras/src/utils/traceback_utils.py", line 70, in error_handler
        raise e.with_traceback(filtered_tb) from None
    File "/usr/local/lib/python3.10/site-packages/keras/src/engine/input_spec.py", line 298, in assert_input_compatibility
        raise ValueError(

    ValueError: Input 0 of layer "sequential_2" is incompatible with the layer: expected shape=(None, 60, 11), found shape=(None, 60, 5)

2025-12-13 16:22:54.708 | INFO     | __main__:<module>:293 - Starting Continuous Model Trainer...
2025-12-13 16:22:54.709 | INFO     | __main__:<module>:300 - --- Training BBCA.JK [1d] ---
2025-12-13 16:22:54.710 | INFO     | __main__:run_pipeline:26 - Starting pipeline for BBCA.JK (1d)
2025-12-13 16:22:54.710 | INFO     | src.data_collection.stock_collector:fetch_history:49 - Fetching 730 days of history for BBCA.JK with interval 1d
2025-12-13 16:22:55.813 | INFO     | src.data_collection.news_collector:fetch_news:53 - Fetching Google News RSS for: BBCA
2025-12-13 16:22:56.864 | INFO     | src.data_collection.news_collector:fetch_news:62 - Found 100 articles
2025-12-13 16:22:56.873 | INFO     | src.data_collection.news_collector:fetch_news:109 - Saved 10 new articles from Google News
2025-12-13 16:22:57.048 | INFO     | src.data_collection.stock_collector:fetch_history:122 - Successfully updated 729 1d records for BBCA.JK
2025-12-13 16:22:57.939 | INFO     | src.models.lstm_model:train:40 - Training LSTM model with 1612 samples
2025-12-13 16:22:59.349 | INFO     | src.training.trainer:run_pipeline:26 - Starting pipeline for BBCA.JK (1d)
2025-12-13 16:22:59.353 | INFO     | src.data_collection.stock_collector:fetch_history:49 - Fetching 730 days of history for BBCA.JK with interval 1d
2025-12-13 16:23:06.187 | INFO     | __main__:run_pipeline:145 - LSTM Results - MSE: 0.002294168792001882, RMSE: 0.047897482105032224, MAE: 0.11189112535814962
2025-12-13 16:23:06.272 | INFO     | src.models.lstm_model:save:57 - Model saved to data/models/BBCA.JK_1d_lstm.h5
2025-12-13 16:23:06.409 | INFO     | __main__:run_pipeline:225 - Logged 404 historical predictions for BBCA.JK
2025-12-13 16:23:06.410 | INFO     | src.models.xgboost_model:train:18 - Training XGBoost model with 1612 samples
2025-12-13 16:23:08.705 | INFO     | __main__:run_pipeline:261 - XGBoost Results - MSE: 0.012849766811668727, RMSE: 0.11335681193324346, MAE: 0.07866107109406553
2025-12-13 16:23:08.714 | INFO     | src.models.xgboost_model:save:28 - XGBoost model saved to data/models/BBCA.JK_1d_xgb.joblib
2025-12-13 16:23:08.733 | INFO     | __main__:<module>:300 - --- Training BBCA.JK [1h] ---
2025-12-13 16:23:08.734 | INFO     | __main__:run_pipeline:26 - Starting pipeline for BBCA.JK (1h)
2025-12-13 16:23:08.734 | INFO     | src.data_collection.stock_collector:fetch_history:49 - Fetching 730 days of history for BBCA.JK with interval 1h
2025-12-13 16:23:10.188 | INFO     | src.data_collection.news_collector:fetch_news:53 - Fetching Google News RSS for: BBCA
2025-12-13 16:23:10.296 | INFO     | src.data_collection.stock_collector:fetch_history:122 - Successfully updated 4852 1h records for BBCA.JK
2025-12-13 16:23:10.725 | INFO     | src.data_collection.news_collector:fetch_news:62 - Found 100 articles
2025-12-13 16:23:10.735 | INFO     | src.data_collection.news_collector:fetch_news:109 - Saved 10 new articles from Google News
2025-12-13 16:23:10.939 | INFO     | src.data_collection.stock_collector:fetch_history:122 - Successfully updated 729 1d records for BBCA.JK
2025-12-13 16:23:11.049 | INFO     | src.models.lstm_model:train:40 - Training LSTM model with 8592 samples
2025-12-13 16:23:11.591 | INFO     | src.models.lstm_model:train:40 - Training LSTM model with 1632 samples
2025-12-13 16:23:20.522 | INFO     | src.training.trainer:run_pipeline:145 - LSTM Results - MSE: 0.0028523344569646044, RMSE: 0.05340725097741508, MAE: 0.11614815951016065
2025-12-13 16:23:20.625 | INFO     | src.models.lstm_model:save:57 - Model saved to data/models/BBCA.JK_1d_lstm.h5
2025-12-13 16:23:20.756 | INFO     | src.training.trainer:run_pipeline:225 - Logged 409 historical predictions for BBCA.JK
2025-12-13 16:23:20.759 | INFO     | src.models.xgboost_model:train:18 - Training XGBoost model with 1632 samples
2025-12-13 16:23:23.672 | INFO     | src.training.trainer:run_pipeline:261 - XGBoost Results - MSE: 0.012385162696001777, RMSE: 0.11128864585393146, MAE: 0.08113350925061552
2025-12-13 16:23:23.684 | INFO     | src.models.xgboost_model:save:28 - XGBoost model saved to data/models/BBCA.JK_1d_xgb.joblib
2025-12-13 16:23:36.977 | ERROR    | src.api.main:predict:147 - Prediction error: in user code:

    File "/usr/local/lib/python3.10/site-packages/keras/src/engine/training.py", line 2440, in predict_function  *
        return step_function(self, iterator)
    File "/usr/local/lib/python3.10/site-packages/keras/src/engine/training.py", line 2425, in step_function  **
        outputs = model.distribute_strategy.run(run_step, args=(data,))
    File "/usr/local/lib/python3.10/site-packages/keras/src/engine/training.py", line 2413, in run_step  **
        outputs = model.predict_step(data)
    File "/usr/local/lib/python3.10/site-packages/keras/src/engine/training.py", line 2381, in predict_step
        return self(x, training=False)
    File "/usr/local/lib/python3.10/site-packages/keras/src/utils/traceback_utils.py", line 70, in error_handler
        raise e.with_traceback(filtered_tb) from None
    File "/usr/local/lib/python3.10/site-packages/keras/src/engine/input_spec.py", line 298, in assert_input_compatibility
        raise ValueError(

    ValueError: Input 0 of layer "sequential" is incompatible with the layer: expected shape=(None, 60, 11), found shape=(None, 60, 5)

2025-12-13 16:23:43.138 | INFO     | __main__:run_pipeline:145 - LSTM Results - MSE: 0.0021617641812672426, RMSE: 0.046494775849198824, MAE: 0.10349126411597716
2025-12-13 16:23:43.168 | INFO     | src.models.lstm_model:save:57 - Model saved to data/models/BBCA.JK_1h_lstm.h5
2025-12-13 16:23:43.871 | INFO     | __main__:run_pipeline:225 - Logged 2149 historical predictions for BBCA.JK
2025-12-13 16:23:43.877 | INFO     | src.models.xgboost_model:train:18 - Training XGBoost model with 8592 samples
2025-12-13 16:23:46.612 | INFO     | __main__:run_pipeline:261 - XGBoost Results - MSE: 0.0035727655399095245, RMSE: 0.059772615300901166, MAE: 0.03131199284347703
2025-12-13 16:23:46.624 | INFO     | src.models.xgboost_model:save:28 - XGBoost model saved to data/models/BBCA.JK_1h_xgb.joblib
2025-12-13 16:23:46.658 | INFO     | __main__:<module>:300 - --- Training BBCA.JK [15m] ---
2025-12-13 16:23:46.660 | INFO     | __main__:run_pipeline:26 - Starting pipeline for BBCA.JK (15m)
2025-12-13 16:23:46.660 | INFO     | src.data_collection.stock_collector:fetch_history:49 - Fetching 730 days of history for BBCA.JK with interval 15m
2025-12-13 16:23:46.967 | ERROR    | src.api.main:predict:147 - Prediction error: in user code:

    File "/usr/local/lib/python3.10/site-packages/keras/src/engine/training.py", line 2440, in predict_function  *
        return step_function(self, iterator)
    File "/usr/local/lib/python3.10/site-packages/keras/src/engine/training.py", line 2425, in step_function  **
        outputs = model.distribute_strategy.run(run_step, args=(data,))
    File "/usr/local/lib/python3.10/site-packages/keras/src/engine/training.py", line 2413, in run_step  **
        outputs = model.predict_step(data)
    File "/usr/local/lib/python3.10/site-packages/keras/src/engine/training.py", line 2381, in predict_step
        return self(x, training=False)
    File "/usr/local/lib/python3.10/site-packages/keras/src/utils/traceback_utils.py", line 70, in error_handler
        raise e.with_traceback(filtered_tb) from None
    File "/usr/local/lib/python3.10/site-packages/keras/src/engine/input_spec.py", line 298, in assert_input_compatibility
        raise ValueError(

    ValueError: Input 0 of layer "sequential" is incompatible with the layer: expected shape=(None, 60, 11), found shape=(None, 60, 5)

2025-12-13 16:23:47.442 | INFO     | src.data_collection.stock_collector:fetch_history:122 - Successfully updated 1177 15m records for BBCA.JK
2025-12-13 16:23:47.894 | INFO     | src.models.lstm_model:train:40 - Training LSTM model with 3747 samples
2025-12-13 16:23:49.538 | ERROR    | src.api.main:predict:147 - Prediction error: in user code:

    File "/usr/local/lib/python3.10/site-packages/keras/src/engine/training.py", line 2440, in predict_function  *
        return step_function(self, iterator)
    File "/usr/local/lib/python3.10/site-packages/keras/src/engine/training.py", line 2425, in step_function  **
        outputs = model.distribute_strategy.run(run_step, args=(data,))
    File "/usr/local/lib/python3.10/site-packages/keras/src/engine/training.py", line 2413, in run_step  **
        outputs = model.predict_step(data)
    File "/usr/local/lib/python3.10/site-packages/keras/src/engine/training.py", line 2381, in predict_step
        return self(x, training=False)
    File "/usr/local/lib/python3.10/site-packages/keras/src/utils/traceback_utils.py", line 70, in error_handler
        raise e.with_traceback(filtered_tb) from None
    File "/usr/local/lib/python3.10/site-packages/keras/src/engine/input_spec.py", line 298, in assert_input_compatibility
        raise ValueError(

    ValueError: Input 0 of layer "sequential" is incompatible with the layer: expected shape=(None, 60, 11), found shape=(None, 60, 5)

2025-12-13 16:23:49.678 | INFO     | src.training.trainer:run_pipeline:26 - Starting pipeline for BBCA.JK (1d)
2025-12-13 16:23:49.679 | INFO     | src.data_collection.stock_collector:fetch_history:49 - Fetching 730 days of history for BBCA.JK with interval 1d
2025-12-13 16:23:49.950 | INFO     | src.data_collection.news_collector:fetch_news:53 - Fetching Google News RSS for: BBCA
2025-12-13 16:23:50.881 | INFO     | src.data_collection.news_collector:fetch_news:62 - Found 100 articles
2025-12-13 16:23:50.895 | INFO     | src.data_collection.news_collector:fetch_news:109 - Saved 10 new articles from Google News
2025-12-13 16:23:51.116 | INFO     | src.data_collection.stock_collector:fetch_history:122 - Successfully updated 729 1d records for BBCA.JK
2025-12-13 16:23:51.924 | INFO     | src.models.lstm_model:train:40 - Training LSTM model with 1652 samples
2025-12-13 16:23:53.041 | ERROR    | src.api.main:predict:147 - Prediction error: in user code:

    File "/usr/local/lib/python3.10/site-packages/keras/src/engine/training.py", line 2440, in predict_function  *
        return step_function(self, iterator)
    File "/usr/local/lib/python3.10/site-packages/keras/src/engine/training.py", line 2425, in step_function  **
        outputs = model.distribute_strategy.run(run_step, args=(data,))
    File "/usr/local/lib/python3.10/site-packages/keras/src/engine/training.py", line 2413, in run_step  **
        outputs = model.predict_step(data)
    File "/usr/local/lib/python3.10/site-packages/keras/src/engine/training.py", line 2381, in predict_step
        return self(x, training=False)
    File "/usr/local/lib/python3.10/site-packages/keras/src/utils/traceback_utils.py", line 70, in error_handler
        raise e.with_traceback(filtered_tb) from None
    File "/usr/local/lib/python3.10/site-packages/keras/src/engine/input_spec.py", line 298, in assert_input_compatibility
        raise ValueError(

    ValueError: Input 0 of layer "sequential_1" is incompatible with the layer: expected shape=(None, 60, 11), found shape=(None, 60, 5)

2025-12-13 16:24:00.474 | INFO     | src.training.trainer:run_pipeline:145 - LSTM Results - MSE: 0.0033133651293181326, RMSE: 0.057561837438689645, MAE: 0.11400771902539664
2025-12-13 16:24:00.503 | INFO     | src.models.lstm_model:save:57 - Model saved to data/models/BBCA.JK_1d_lstm.h5
2025-12-13 16:24:00.611 | INFO     | src.training.trainer:run_pipeline:225 - Logged 414 historical predictions for BBCA.JK
2025-12-13 16:24:00.615 | INFO     | src.models.xgboost_model:train:18 - Training XGBoost model with 1652 samples
2025-12-13 16:24:03.033 | INFO     | __main__:run_pipeline:145 - LSTM Results - MSE: 0.005252855723258369, RMSE: 0.07247658741454628, MAE: 0.0718893935904947
2025-12-13 16:24:03.090 | INFO     | src.models.lstm_model:save:57 - Model saved to data/models/BBCA.JK_15m_lstm.h5
2025-12-13 16:24:03.287 | INFO     | src.training.trainer:run_pipeline:261 - XGBoost Results - MSE: 0.011289035899836538, RMSE: 0.10624987482268644, MAE: 0.07920636007852849
2025-12-13 16:24:03.297 | INFO     | src.models.xgboost_model:save:28 - XGBoost model saved to data/models/BBCA.JK_1d_xgb.joblib
2025-12-13 16:24:03.368 | INFO     | __main__:run_pipeline:225 - Logged 937 historical predictions for BBCA.JK
2025-12-13 16:24:03.369 | INFO     | src.models.xgboost_model:train:18 - Training XGBoost model with 3747 samples
2025-12-13 16:24:04.854 | INFO     | __main__:run_pipeline:261 - XGBoost Results - MSE: 6.765493150939702e-05, RMSE: 0.008225261789718125, MAE: 0.006110058990838815
2025-12-13 16:24:04.858 | INFO     | src.models.xgboost_model:save:28 - XGBoost model saved to data/models/BBCA.JK_15m_xgb.joblib
2025-12-13 16:24:04.869 | INFO     | __main__:<module>:300 - --- Training BBRI.JK [1d] ---
2025-12-13 16:24:04.870 | INFO     | __main__:run_pipeline:26 - Starting pipeline for BBRI.JK (1d)
2025-12-13 16:24:04.871 | INFO     | src.data_collection.stock_collector:fetch_history:49 - Fetching 730 days of history for BBRI.JK with interval 1d
2025-12-13 16:24:05.128 | INFO     | src.data_collection.news_collector:fetch_news:53 - Fetching Google News RSS for: BBRI
2025-12-13 16:24:06.181 | INFO     | src.data_collection.news_collector:fetch_news:62 - Found 100 articles
2025-12-13 16:24:06.186 | INFO     | src.data_collection.news_collector:fetch_news:109 - Saved 10 new articles from Google News
2025-12-13 16:24:06.368 | INFO     | src.data_collection.stock_collector:fetch_history:122 - Successfully updated 729 1d records for BBRI.JK
2025-12-13 16:24:06.673 | INFO     | src.models.lstm_model:train:40 - Training LSTM model with 1592 samples
2025-12-13 16:24:12.578 | INFO     | __main__:run_pipeline:145 - LSTM Results - MSE: 0.0011707382221718607, RMSE: 0.034216052112595645, MAE: 0.08153271113471974
2025-12-13 16:24:12.613 | INFO     | src.models.lstm_model:save:57 - Model saved to data/models/BBRI.JK_1d_lstm.h5
2025-12-13 16:24:12.774 | INFO     | __main__:run_pipeline:225 - Logged 399 historical predictions for BBRI.JK
2025-12-13 16:24:12.776 | INFO     | src.models.xgboost_model:train:18 - Training XGBoost model with 1592 samples
2025-12-13 16:24:14.502 | INFO     | __main__:run_pipeline:261 - XGBoost Results - MSE: 0.0008124761271982179, RMSE: 0.02850396686775751, MAE: 0.022033253705541517
2025-12-13 16:24:14.506 | INFO     | src.models.xgboost_model:save:28 - XGBoost model saved to data/models/BBRI.JK_1d_xgb.joblib
2025-12-13 16:24:14.516 | INFO     | __main__:<module>:300 - --- Training BBRI.JK [1h] ---
2025-12-13 16:24:14.517 | INFO     | __main__:run_pipeline:26 - Starting pipeline for BBRI.JK (1h)
2025-12-13 16:24:14.517 | INFO     | src.data_collection.stock_collector:fetch_history:49 - Fetching 730 days of history for BBRI.JK with interval 1h
2025-12-13 16:24:16.001 | INFO     | src.data_collection.stock_collector:fetch_history:122 - Successfully updated 4853 1h records for BBRI.JK
2025-12-13 16:24:16.413 | INFO     | src.models.lstm_model:train:40 - Training LSTM model with 8474 samples
2025-12-13 16:24:40.074 | ERROR    | src.api.main:predict:147 - Prediction error: in user code:

    File "/usr/local/lib/python3.10/site-packages/keras/src/engine/training.py", line 2440, in predict_function  *
        return step_function(self, iterator)
    File "/usr/local/lib/python3.10/site-packages/keras/src/engine/training.py", line 2425, in step_function  **
        outputs = model.distribute_strategy.run(run_step, args=(data,))
    File "/usr/local/lib/python3.10/site-packages/keras/src/engine/training.py", line 2413, in run_step  **
        outputs = model.predict_step(data)
    File "/usr/local/lib/python3.10/site-packages/keras/src/engine/training.py", line 2381, in predict_step
        return self(x, training=False)
    File "/usr/local/lib/python3.10/site-packages/keras/src/utils/traceback_utils.py", line 70, in error_handler
        raise e.with_traceback(filtered_tb) from None
    File "/usr/local/lib/python3.10/site-packages/keras/src/engine/input_spec.py", line 298, in assert_input_compatibility
        raise ValueError(

    ValueError: Input 0 of layer "sequential_2" is incompatible with the layer: expected shape=(None, 60, 11), found shape=(None, 60, 5)

2025-12-13 16:24:42.845 | INFO     | __main__:run_pipeline:145 - LSTM Results - MSE: 0.002513701268812279, RMSE: 0.050136825476013926, MAE: 0.0663857976002555
2025-12-13 16:24:42.880 | INFO     | src.models.lstm_model:save:57 - Model saved to data/models/BBRI.JK_1h_lstm.h5
2025-12-13 16:24:43.543 | INFO     | __main__:run_pipeline:225 - Logged 2119 historical predictions for BBRI.JK
2025-12-13 16:24:43.545 | INFO     | src.models.xgboost_model:train:18 - Training XGBoost model with 8474 samples
2025-12-13 16:24:46.323 | INFO     | __main__:run_pipeline:261 - XGBoost Results - MSE: 0.00012671236272648615, RMSE: 0.011256658595093224, MAE: 0.008078769505029884
2025-12-13 16:24:46.328 | INFO     | src.models.xgboost_model:save:28 - XGBoost model saved to data/models/BBRI.JK_1h_xgb.joblib
2025-12-13 16:24:46.356 | INFO     | __main__:<module>:300 - --- Training BBRI.JK [15m] ---
2025-12-13 16:24:46.357 | INFO     | __main__:run_pipeline:26 - Starting pipeline for BBRI.JK (15m)
2025-12-13 16:24:46.357 | INFO     | src.data_collection.stock_collector:fetch_history:49 - Fetching 730 days of history for BBRI.JK with interval 15m
2025-12-13 16:24:46.956 | INFO     | src.data_collection.stock_collector:fetch_history:122 - Successfully updated 1177 15m records for BBRI.JK
2025-12-13 16:24:47.415 | INFO     | src.models.lstm_model:train:40 - Training LSTM model with 2940 samples
2025-12-13 16:24:59.093 | INFO     | __main__:run_pipeline:145 - LSTM Results - MSE: 0.0003098141357968535, RMSE: 0.017601537881584483, MAE: 0.031217784397532387
2025-12-13 16:24:59.130 | INFO     | src.models.lstm_model:save:57 - Model saved to data/models/BBRI.JK_15m_lstm.h5
2025-12-13 16:24:59.142 | ERROR    | src.api.main:predict:147 - Prediction error: in user code:

    File "/usr/local/lib/python3.10/site-packages/keras/src/engine/training.py", line 2440, in predict_function  *
        return step_function(self, iterator)
    File "/usr/local/lib/python3.10/site-packages/keras/src/engine/training.py", line 2425, in step_function  **
        outputs = model.distribute_strategy.run(run_step, args=(data,))
    File "/usr/local/lib/python3.10/site-packages/keras/src/engine/training.py", line 2413, in run_step  **
        outputs = model.predict_step(data)
    File "/usr/local/lib/python3.10/site-packages/keras/src/engine/training.py", line 2381, in predict_step
        return self(x, training=False)
    File "/usr/local/lib/python3.10/site-packages/keras/src/utils/traceback_utils.py", line 70, in error_handler
        raise e.with_traceback(filtered_tb) from None
    File "/usr/local/lib/python3.10/site-packages/keras/src/engine/input_spec.py", line 298, in assert_input_compatibility
        raise ValueError(

    ValueError: Input 0 of layer "sequential_1" is incompatible with the layer: expected shape=(None, 60, 11), found shape=(None, 60, 5)

2025-12-13 16:24:59.352 | INFO     | __main__:run_pipeline:225 - Logged 735 historical predictions for BBRI.JK
2025-12-13 16:24:59.354 | INFO     | src.models.xgboost_model:train:18 - Training XGBoost model with 2940 samples
2025-12-13 16:25:00.874 | INFO     | __main__:run_pipeline:261 - XGBoost Results - MSE: 0.0021044336835557603, RMSE: 0.04587410689654634, MAE: 0.035190832402540506
2025-12-13 16:25:00.878 | INFO     | src.models.xgboost_model:save:28 - XGBoost model saved to data/models/BBRI.JK_15m_xgb.joblib
2025-12-13 16:25:00.891 | INFO     | __main__:<module>:300 - --- Training TLKM.JK [1d] ---
2025-12-13 16:25:00.893 | INFO     | __main__:run_pipeline:26 - Starting pipeline for TLKM.JK (1d)
2025-12-13 16:25:00.893 | INFO     | src.data_collection.stock_collector:fetch_history:49 - Fetching 730 days of history for TLKM.JK with interval 1d
2025-12-13 16:25:01.154 | INFO     | src.data_collection.news_collector:fetch_news:53 - Fetching Google News RSS for: TLKM
2025-12-13 16:25:02.203 | INFO     | src.data_collection.news_collector:fetch_news:62 - Found 100 articles
2025-12-13 16:25:02.209 | INFO     | src.data_collection.news_collector:fetch_news:109 - Saved 10 new articles from Google News
2025-12-13 16:25:02.430 | INFO     | src.data_collection.stock_collector:fetch_history:122 - Successfully updated 729 1d records for TLKM.JK
2025-12-13 16:25:02.723 | INFO     | src.models.lstm_model:train:40 - Training LSTM model with 1560 samples
2025-12-13 16:25:09.284 | INFO     | __main__:run_pipeline:145 - LSTM Results - MSE: 0.010581525104408403, RMSE: 0.10286654025682211, MAE: 0.22112000494620132
2025-12-13 16:25:09.318 | INFO     | src.models.lstm_model:save:57 - Model saved to data/models/TLKM.JK_1d_lstm.h5
2025-12-13 16:25:09.503 | INFO     | __main__:run_pipeline:225 - Logged 391 historical predictions for TLKM.JK
2025-12-13 16:25:09.505 | INFO     | src.models.xgboost_model:train:18 - Training XGBoost model with 1560 samples
2025-12-13 16:25:11.556 | INFO     | __main__:run_pipeline:261 - XGBoost Results - MSE: 0.0040237999386023, RMSE: 0.06343342918842004, MAE: 0.041010977810743206
2025-12-13 16:25:11.562 | INFO     | src.models.xgboost_model:save:28 - XGBoost model saved to data/models/TLKM.JK_1d_xgb.joblib
2025-12-13 16:25:11.594 | INFO     | __main__:<module>:300 - --- Training TLKM.JK [1h] ---
2025-12-13 16:25:11.596 | INFO     | __main__:run_pipeline:26 - Starting pipeline for TLKM.JK (1h)
2025-12-13 16:25:11.596 | INFO     | src.data_collection.stock_collector:fetch_history:49 - Fetching 730 days of history for TLKM.JK with interval 1h
2025-12-13 16:25:13.086 | INFO     | src.data_collection.stock_collector:fetch_history:122 - Successfully updated 4846 1h records for TLKM.JK
2025-12-13 16:25:14.393 | INFO     | src.models.lstm_model:train:40 - Training LSTM model with 8296 samples
2025-12-13 16:25:38.395 | INFO     | __main__:run_pipeline:145 - LSTM Results - MSE: 0.0009343493337838711, RMSE: 0.030567128320859175, MAE: 0.1699329629897489
2025-12-13 16:25:38.421 | INFO     | src.models.lstm_model:save:57 - Model saved to data/models/TLKM.JK_1h_lstm.h5
2025-12-13 16:25:39.093 | INFO     | __main__:run_pipeline:225 - Logged 2075 historical predictions for TLKM.JK
2025-12-13 16:25:39.095 | INFO     | src.models.xgboost_model:train:18 - Training XGBoost model with 8296 samples
2025-12-13 16:25:41.177 | INFO     | __main__:run_pipeline:261 - XGBoost Results - MSE: 0.00036111442655876867, RMSE: 0.019003010986650738, MAE: 0.012120571187094673
2025-12-13 16:25:41.181 | INFO     | src.models.xgboost_model:save:28 - XGBoost model saved to data/models/TLKM.JK_1h_xgb.joblib
2025-12-13 16:25:41.196 | INFO     | __main__:<module>:300 - --- Training TLKM.JK [15m] ---
2025-12-13 16:25:41.197 | INFO     | __main__:run_pipeline:26 - Starting pipeline for TLKM.JK (15m)
2025-12-13 16:25:41.198 | INFO     | src.data_collection.stock_collector:fetch_history:49 - Fetching 730 days of history for TLKM.JK with interval 15m
2025-12-13 16:25:41.707 | INFO     | src.data_collection.stock_collector:fetch_history:122 - Successfully updated 1177 15m records for TLKM.JK
2025-12-13 16:25:41.938 | INFO     | src.models.lstm_model:train:40 - Training LSTM model with 2293 samples
2025-12-13 16:25:51.441 | INFO     | __main__:run_pipeline:145 - LSTM Results - MSE: 0.0009270922805585692, RMSE: 0.030448190103166548, MAE: 0.058387000412048556
2025-12-13 16:25:51.475 | INFO     | src.models.lstm_model:save:57 - Model saved to data/models/TLKM.JK_15m_lstm.h5
2025-12-13 16:25:51.828 | INFO     | __main__:run_pipeline:225 - Logged 574 historical predictions for TLKM.JK
2025-12-13 16:25:51.834 | INFO     | src.models.xgboost_model:train:18 - Training XGBoost model with 2293 samples
2025-12-13 16:25:53.421 | INFO     | __main__:run_pipeline:261 - XGBoost Results - MSE: 0.000587893025139153, RMSE: 0.02424650542117674, MAE: 0.017048329510498093
2025-12-13 16:25:53.426 | INFO     | src.models.xgboost_model:save:28 - XGBoost model saved to data/models/TLKM.JK_15m_xgb.joblib
2025-12-13 16:25:53.443 | INFO     | __main__:<module>:300 - --- Training ASII.JK [1d] ---
2025-12-13 16:25:53.447 | INFO     | __main__:run_pipeline:26 - Starting pipeline for ASII.JK (1d)
2025-12-13 16:25:53.447 | INFO     | src.data_collection.stock_collector:fetch_history:49 - Fetching 730 days of history for ASII.JK with interval 1d
2025-12-13 16:25:53.695 | INFO     | src.data_collection.news_collector:fetch_news:53 - Fetching Google News RSS for: ASII
2025-12-13 16:25:54.787 | INFO     | src.data_collection.news_collector:fetch_news:62 - Found 100 articles
2025-12-13 16:25:54.795 | INFO     | src.data_collection.news_collector:fetch_news:109 - Saved 10 new articles from Google News
2025-12-13 16:25:54.989 | INFO     | src.data_collection.stock_collector:fetch_history:122 - Successfully updated 729 1d records for ASII.JK
2025-12-13 16:25:55.309 | INFO     | src.models.lstm_model:train:40 - Training LSTM model with 1566 samples
2025-12-13 16:26:02.744 | INFO     | __main__:run_pipeline:145 - LSTM Results - MSE: 0.004114860805905031, RMSE: 0.06414718081026656, MAE: 0.274148926988749
2025-12-13 16:26:02.768 | INFO     | src.models.lstm_model:save:57 - Model saved to data/models/ASII.JK_1d_lstm.h5
2025-12-13 16:26:02.918 | INFO     | __main__:run_pipeline:225 - Logged 392 historical predictions for ASII.JK
2025-12-13 16:26:02.919 | INFO     | src.models.xgboost_model:train:18 - Training XGBoost model with 1566 samples
2025-12-13 16:26:04.853 | INFO     | __main__:run_pipeline:261 - XGBoost Results - MSE: 0.040993784614651606, RMSE: 0.20246921893130226, MAE: 0.13891378137165794
2025-12-13 16:26:04.861 | INFO     | src.models.xgboost_model:save:28 - XGBoost model saved to data/models/ASII.JK_1d_xgb.joblib
2025-12-13 16:26:04.883 | INFO     | __main__:<module>:300 - --- Training ASII.JK [1h] ---
2025-12-13 16:26:04.885 | INFO     | __main__:run_pipeline:26 - Starting pipeline for ASII.JK (1h)
2025-12-13 16:26:04.885 | INFO     | src.data_collection.stock_collector:fetch_history:49 - Fetching 730 days of history for ASII.JK with interval 1h
2025-12-13 16:26:06.877 | INFO     | src.data_collection.stock_collector:fetch_history:122 - Successfully updated 4843 1h records for ASII.JK
2025-12-13 16:26:07.345 | INFO     | src.models.lstm_model:train:40 - Training LSTM model with 8320 samples
2025-12-13 16:26:31.171 | INFO     | __main__:run_pipeline:145 - LSTM Results - MSE: 0.0022933397284054403, RMSE: 0.04788882675954215, MAE: 0.3201653546749042
2025-12-13 16:26:31.219 | INFO     | src.models.lstm_model:save:57 - Model saved to data/models/ASII.JK_1h_lstm.h5
2025-12-13 16:26:32.070 | INFO     | __main__:run_pipeline:225 - Logged 2080 historical predictions for ASII.JK
2025-12-13 16:26:32.073 | INFO     | src.models.xgboost_model:train:18 - Training XGBoost model with 8320 samples
2025-12-13 16:26:36.169 | INFO     | __main__:run_pipeline:261 - XGBoost Results - MSE: 0.0003784198402698675, RMSE: 0.01945301622550774, MAE: 0.013269149327976276
2025-12-13 16:26:36.175 | INFO     | src.models.xgboost_model:save:28 - XGBoost model saved to data/models/ASII.JK_1h_xgb.joblib
2025-12-13 16:26:36.240 | INFO     | __main__:<module>:300 - --- Training ASII.JK [15m] ---
2025-12-13 16:26:36.244 | INFO     | __main__:run_pipeline:26 - Starting pipeline for ASII.JK (15m)
2025-12-13 16:26:36.245 | INFO     | src.data_collection.stock_collector:fetch_history:49 - Fetching 730 days of history for ASII.JK with interval 15m
2025-12-13 16:26:36.509 | ERROR    | src.api.main:predict:147 - Prediction error: in user code:

    File "/usr/local/lib/python3.10/site-packages/keras/src/engine/training.py", line 2440, in predict_function  *
        return step_function(self, iterator)
    File "/usr/local/lib/python3.10/site-packages/keras/src/engine/training.py", line 2425, in step_function  **
        outputs = model.distribute_strategy.run(run_step, args=(data,))
    File "/usr/local/lib/python3.10/site-packages/keras/src/engine/training.py", line 2413, in run_step  **
        outputs = model.predict_step(data)
    File "/usr/local/lib/python3.10/site-packages/keras/src/engine/training.py", line 2381, in predict_step
        return self(x, training=False)
    File "/usr/local/lib/python3.10/site-packages/keras/src/utils/traceback_utils.py", line 70, in error_handler
        raise e.with_traceback(filtered_tb) from None
    File "/usr/local/lib/python3.10/site-packages/keras/src/engine/input_spec.py", line 298, in assert_input_compatibility
        raise ValueError(

    ValueError: Input 0 of layer "sequential_6" is incompatible with the layer: expected shape=(None, 60, 11), found shape=(None, 60, 5)

2025-12-13 16:26:36.979 | INFO     | src.data_collection.stock_collector:fetch_history:122 - Successfully updated 1177 15m records for ASII.JK
2025-12-13 16:26:37.369 | INFO     | src.models.lstm_model:train:40 - Training LSTM model with 2393 samples
2025-12-13 16:26:48.467 | INFO     | __main__:run_pipeline:145 - LSTM Results - MSE: 0.0023990241541141694, RMSE: 0.0489798341576834, MAE: 0.07958445474367988
2025-12-13 16:26:48.517 | INFO     | src.models.lstm_model:save:57 - Model saved to data/models/ASII.JK_15m_lstm.h5
2025-12-13 16:26:48.815 | INFO     | __main__:run_pipeline:225 - Logged 599 historical predictions for ASII.JK
2025-12-13 16:26:48.817 | INFO     | src.models.xgboost_model:train:18 - Training XGBoost model with 2393 samples
2025-12-13 16:26:52.397 | INFO     | __main__:run_pipeline:261 - XGBoost Results - MSE: 0.020331004896439065, RMSE: 0.1425868328298201, MAE: 0.11121150487464122
2025-12-13 16:26:52.410 | INFO     | src.models.xgboost_model:save:28 - XGBoost model saved to data/models/ASII.JK_15m_xgb.joblib
2025-12-13 16:26:52.447 | INFO     | __main__:<module>:300 - --- Training UNVR.JK [1d] ---
2025-12-13 16:26:52.449 | INFO     | __main__:run_pipeline:26 - Starting pipeline for UNVR.JK (1d)
2025-12-13 16:26:52.450 | INFO     | src.data_collection.stock_collector:fetch_history:49 - Fetching 730 days of history for UNVR.JK with interval 1d
2025-12-13 16:26:52.726 | INFO     | src.data_collection.news_collector:fetch_news:53 - Fetching Google News RSS for: UNVR
2025-12-13 16:26:53.739 | INFO     | src.data_collection.news_collector:fetch_news:62 - Found 100 articles
2025-12-13 16:26:53.745 | INFO     | src.data_collection.news_collector:fetch_news:109 - Saved 10 new articles from Google News
2025-12-13 16:26:53.912 | INFO     | src.data_collection.stock_collector:fetch_history:122 - Successfully updated 729 1d records for UNVR.JK
2025-12-13 16:26:54.316 | INFO     | src.models.lstm_model:train:40 - Training LSTM model with 383 samples
2025-12-13 16:26:58.160 | INFO     | __main__:run_pipeline:145 - LSTM Results - MSE: 0.006038467483018971, RMSE: 0.07770757674138971, MAE: 0.1648521970886839
2025-12-13 16:26:58.191 | INFO     | src.models.lstm_model:save:57 - Model saved to data/models/UNVR.JK_1d_lstm.h5
2025-12-13 16:26:58.251 | INFO     | __main__:run_pipeline:225 - Logged 96 historical predictions for UNVR.JK
2025-12-13 16:26:58.253 | INFO     | src.models.xgboost_model:train:18 - Training XGBoost model with 383 samples
2025-12-13 16:26:59.619 | INFO     | __main__:run_pipeline:261 - XGBoost Results - MSE: 0.04641515294981078, RMSE: 0.2154417623159697, MAE: 0.16559692559961783
2025-12-13 16:26:59.623 | INFO     | src.models.xgboost_model:save:28 - XGBoost model saved to data/models/UNVR.JK_1d_xgb.joblib
2025-12-13 16:26:59.636 | INFO     | __main__:<module>:300 - --- Training UNVR.JK [1h] ---
2025-12-13 16:26:59.638 | INFO     | __main__:run_pipeline:26 - Starting pipeline for UNVR.JK (1h)
2025-12-13 16:26:59.638 | INFO     | src.data_collection.stock_collector:fetch_history:49 - Fetching 730 days of history for UNVR.JK with interval 1h
2025-12-13 16:27:02.413 | INFO     | src.data_collection.stock_collector:fetch_history:122 - Successfully updated 4844 1h records for UNVR.JK
2025-12-13 16:27:02.866 | INFO     | src.models.lstm_model:train:40 - Training LSTM model with 3718 samples
2025-12-13 16:27:18.079 | INFO     | __main__:run_pipeline:145 - LSTM Results - MSE: 0.0003559016448941589, RMSE: 0.018865355678973003, MAE: 0.1208565314342489
2025-12-13 16:27:18.119 | INFO     | src.models.lstm_model:save:57 - Model saved to data/models/UNVR.JK_1h_lstm.h5
2025-12-13 16:27:18.580 | INFO     | __main__:run_pipeline:225 - Logged 930 historical predictions for UNVR.JK
2025-12-13 16:27:18.586 | INFO     | src.models.xgboost_model:train:18 - Training XGBoost model with 3718 samples
2025-12-13 16:27:22.474 | INFO     | __main__:run_pipeline:261 - XGBoost Results - MSE: 0.00011554047217545064, RMSE: 0.010748975401192927, MAE: 0.0066174727115060426
2025-12-13 16:27:22.481 | INFO     | src.models.xgboost_model:save:28 - XGBoost model saved to data/models/UNVR.JK_1h_xgb.joblib
2025-12-13 16:27:22.516 | INFO     | __main__:<module>:300 - --- Training UNVR.JK [15m] ---
2025-12-13 16:27:22.518 | INFO     | __main__:run_pipeline:26 - Starting pipeline for UNVR.JK (15m)
2025-12-13 16:27:22.518 | INFO     | src.data_collection.stock_collector:fetch_history:49 - Fetching 730 days of history for UNVR.JK with interval 15m
2025-12-13 16:27:23.170 | INFO     | src.data_collection.stock_collector:fetch_history:122 - Successfully updated 1177 15m records for UNVR.JK
2025-12-13 16:27:23.594 | INFO     | src.models.lstm_model:train:40 - Training LSTM model with 880 samples
2025-12-13 16:27:29.453 | INFO     | __main__:run_pipeline:145 - LSTM Results - MSE: 0.0008287370721865034, RMSE: 0.02878779380547428, MAE: 0.0421681990844597
2025-12-13 16:27:29.485 | INFO     | src.models.lstm_model:save:57 - Model saved to data/models/UNVR.JK_15m_lstm.h5
2025-12-13 16:27:29.569 | INFO     | __main__:run_pipeline:225 - Logged 220 historical predictions for UNVR.JK
2025-12-13 16:27:29.570 | INFO     | src.models.xgboost_model:train:18 - Training XGBoost model with 880 samples
2025-12-13 16:27:30.939 | INFO     | __main__:run_pipeline:261 - XGBoost Results - MSE: 0.0003514201692871331, RMSE: 0.01874620413009346, MAE: 0.014899307878002128
2025-12-13 16:27:30.947 | INFO     | src.models.xgboost_model:save:28 - XGBoost model saved to data/models/UNVR.JK_15m_xgb.joblib
2025-12-13 16:27:30.958 | INFO     | __main__:<module>:306 - Cycle completed. Sleeping for 1 hour...
2025-12-13 16:27:49.341 | INFO     | __main__:<module>:293 - Starting Continuous Model Trainer...
2025-12-13 16:27:49.342 | INFO     | __main__:<module>:300 - --- Training BBCA.JK [1d] ---
2025-12-13 16:27:49.343 | INFO     | __main__:run_pipeline:26 - Starting pipeline for BBCA.JK (1d)
2025-12-13 16:27:49.344 | INFO     | src.data_collection.stock_collector:fetch_history:49 - Fetching 730 days of history for BBCA.JK with interval 1d
2025-12-13 16:27:50.810 | INFO     | src.data_collection.news_collector:fetch_news:53 - Fetching Google News RSS for: BBCA
2025-12-13 16:27:51.955 | INFO     | src.data_collection.news_collector:fetch_news:62 - Found 100 articles
2025-12-13 16:27:51.967 | INFO     | src.data_collection.news_collector:fetch_news:109 - Saved 10 new articles from Google News
2025-12-13 16:27:52.085 | INFO     | src.data_collection.stock_collector:fetch_history:130 - Successfully updated 729 1d records for BBCA.JK
2025-12-13 16:27:52.781 | INFO     | src.models.lstm_model:train:40 - Training LSTM model with 427 samples
2025-12-13 16:27:56.211 | INFO     | __main__:run_pipeline:145 - LSTM Results - MSE: 0.008068174590629355, RMSE: 0.0898230181558678, MAE: 0.08413076626912794
2025-12-13 16:27:56.241 | INFO     | src.models.lstm_model:save:57 - Model saved to data/models/BBCA.JK_1d_lstm.h5
2025-12-13 16:27:56.280 | INFO     | __main__:run_pipeline:225 - Logged 107 historical predictions for BBCA.JK
2025-12-13 16:27:56.282 | INFO     | src.models.xgboost_model:train:18 - Training XGBoost model with 427 samples
2025-12-13 16:27:58.396 | INFO     | __main__:run_pipeline:261 - XGBoost Results - MSE: 0.013453101198155916, RMSE: 0.11598750449145769, MAE: 0.09407122206109908
2025-12-13 16:27:58.406 | INFO     | src.models.xgboost_model:save:28 - XGBoost model saved to data/models/BBCA.JK_1d_xgb.joblib
2025-12-13 16:27:58.461 | INFO     | __main__:<module>:300 - --- Training BBCA.JK [1h] ---
2025-12-13 16:27:58.462 | INFO     | __main__:run_pipeline:26 - Starting pipeline for BBCA.JK (1h)
2025-12-13 16:27:58.462 | INFO     | src.data_collection.stock_collector:fetch_history:49 - Fetching 730 days of history for BBCA.JK with interval 1h
2025-12-13 16:27:59.555 | INFO     | src.data_collection.stock_collector:fetch_history:130 - Successfully updated 4852 1h records for BBCA.JK
2025-12-13 16:27:59.861 | INFO     | src.models.lstm_model:train:40 - Training LSTM model with 4012 samples
2025-12-13 16:28:07.705 | INFO     | src.training.trainer:run_pipeline:26 - Starting pipeline for BBCA.JK (1d)
2025-12-13 16:28:07.713 | INFO     | src.data_collection.stock_collector:fetch_history:49 - Fetching 730 days of history for BBCA.JK with interval 1d
2025-12-13 16:28:09.034 | INFO     | src.data_collection.news_collector:fetch_news:53 - Fetching Google News RSS for: BBCA
2025-12-13 16:28:09.533 | INFO     | src.data_collection.news_collector:fetch_news:62 - Found 100 articles
2025-12-13 16:28:09.542 | INFO     | src.data_collection.news_collector:fetch_news:109 - Saved 10 new articles from Google News
2025-12-13 16:28:09.680 | INFO     | src.data_collection.stock_collector:fetch_history:130 - Successfully updated 729 1d records for BBCA.JK
2025-12-13 16:28:10.811 | INFO     | src.models.lstm_model:train:40 - Training LSTM model with 435 samples
2025-12-13 16:28:15.250 | INFO     | src.training.trainer:run_pipeline:145 - LSTM Results - MSE: 0.005223689737968462, RMSE: 0.07227509763375253, MAE: 0.07925459708765421
2025-12-13 16:28:15.307 | INFO     | src.models.lstm_model:save:57 - Model saved to data/models/BBCA.JK_1d_lstm.h5
2025-12-13 16:28:15.349 | INFO     | src.training.trainer:run_pipeline:225 - Logged 109 historical predictions for BBCA.JK
2025-12-13 16:28:15.355 | INFO     | src.models.xgboost_model:train:18 - Training XGBoost model with 435 samples
2025-12-13 16:28:17.352 | INFO     | __main__:run_pipeline:145 - LSTM Results - MSE: 0.0020421530185720043, RMSE: 0.04519018719337202, MAE: 0.0965642345265494
2025-12-13 16:28:17.417 | INFO     | src.models.lstm_model:save:57 - Model saved to data/models/BBCA.JK_1h_lstm.h5
2025-12-13 16:28:17.872 | INFO     | src.training.trainer:run_pipeline:261 - XGBoost Results - MSE: 0.007932277846334799, RMSE: 0.08906333615093699, MAE: 0.0787334267688969
2025-12-13 16:28:17.886 | INFO     | __main__:run_pipeline:225 - Logged 1004 historical predictions for BBCA.JK
2025-12-13 16:28:17.887 | INFO     | src.models.xgboost_model:save:28 - XGBoost model saved to data/models/BBCA.JK_1d_xgb.joblib
2025-12-13 16:28:17.888 | INFO     | src.models.xgboost_model:train:18 - Training XGBoost model with 4012 samples
2025-12-13 16:28:20.018 | INFO     | __main__:run_pipeline:261 - XGBoost Results - MSE: 0.0075302800197761645, RMSE: 0.08677718605587625, MAE: 0.053065870000530584
2025-12-13 16:28:20.044 | INFO     | src.models.xgboost_model:save:28 - XGBoost model saved to data/models/BBCA.JK_1h_xgb.joblib
2025-12-13 16:28:20.109 | INFO     | __main__:<module>:300 - --- Training BBCA.JK [15m] ---
2025-12-13 16:28:20.110 | INFO     | __main__:run_pipeline:26 - Starting pipeline for BBCA.JK (15m)
2025-12-13 16:28:20.110 | INFO     | src.data_collection.stock_collector:fetch_history:49 - Fetching 730 days of history for BBCA.JK with interval 15m
2025-12-13 16:28:20.545 | INFO     | src.data_collection.stock_collector:fetch_history:130 - Successfully updated 1177 15m records for BBCA.JK
2025-12-13 16:28:20.886 | INFO     | src.models.lstm_model:train:40 - Training LSTM model with 1998 samples
2025-12-13 16:28:29.512 | INFO     | __main__:run_pipeline:145 - LSTM Results - MSE: 0.0007002133573893774, RMSE: 0.026461544879114247, MAE: 0.025870152070942183
2025-12-13 16:28:29.549 | INFO     | src.models.lstm_model:save:57 - Model saved to data/models/BBCA.JK_15m_lstm.h5
2025-12-13 16:28:29.680 | INFO     | __main__:run_pipeline:225 - Logged 500 historical predictions for BBCA.JK
2025-12-13 16:28:29.682 | INFO     | src.models.xgboost_model:train:18 - Training XGBoost model with 1998 samples
2025-12-13 16:28:31.312 | INFO     | __main__:run_pipeline:261 - XGBoost Results - MSE: 2.375732585180977e-05, RMSE: 0.00487414873098983, MAE: 0.0035459131659084002
2025-12-13 16:28:31.326 | INFO     | src.models.xgboost_model:save:28 - XGBoost model saved to data/models/BBCA.JK_15m_xgb.joblib
2025-12-13 16:28:31.366 | INFO     | __main__:<module>:300 - --- Training BBRI.JK [1d] ---
2025-12-13 16:28:31.368 | INFO     | __main__:run_pipeline:26 - Starting pipeline for BBRI.JK (1d)
2025-12-13 16:28:31.368 | INFO     | src.data_collection.stock_collector:fetch_history:49 - Fetching 730 days of history for BBRI.JK with interval 1d
2025-12-13 16:28:31.655 | INFO     | src.data_collection.news_collector:fetch_news:53 - Fetching Google News RSS for: BBRI
2025-12-13 16:28:33.015 | INFO     | src.data_collection.news_collector:fetch_news:62 - Found 100 articles
2025-12-13 16:28:33.034 | INFO     | src.data_collection.news_collector:fetch_news:109 - Saved 10 new articles from Google News
2025-12-13 16:28:33.148 | INFO     | src.data_collection.stock_collector:fetch_history:130 - Successfully updated 729 1d records for BBRI.JK
2025-12-13 16:28:33.508 | INFO     | src.models.lstm_model:train:40 - Training LSTM model with 401 samples
2025-12-13 16:28:36.934 | INFO     | __main__:run_pipeline:145 - LSTM Results - MSE: 0.0039967184553067045, RMSE: 0.06321960499170098, MAE: 0.08088255485571556
2025-12-13 16:28:36.967 | INFO     | src.models.lstm_model:save:57 - Model saved to data/models/BBRI.JK_1d_lstm.h5
2025-12-13 16:28:37.014 | INFO     | __main__:run_pipeline:225 - Logged 101 historical predictions for BBRI.JK
2025-12-13 16:28:37.016 | INFO     | src.models.xgboost_model:train:18 - Training XGBoost model with 401 samples
2025-12-13 16:28:38.488 | INFO     | __main__:run_pipeline:261 - XGBoost Results - MSE: 0.002740675528348307, RMSE: 0.05235146156840616, MAE: 0.04249272661769487
2025-12-13 16:28:38.497 | INFO     | src.models.xgboost_model:save:28 - XGBoost model saved to data/models/BBRI.JK_1d_xgb.joblib
2025-12-13 16:28:38.593 | INFO     | __main__:<module>:300 - --- Training BBRI.JK [1h] ---
2025-12-13 16:28:38.615 | INFO     | __main__:run_pipeline:26 - Starting pipeline for BBRI.JK (1h)
2025-12-13 16:28:38.616 | INFO     | src.data_collection.stock_collector:fetch_history:49 - Fetching 730 days of history for BBRI.JK with interval 1h
2025-12-13 16:28:39.620 | INFO     | src.data_collection.stock_collector:fetch_history:130 - Successfully updated 4853 1h records for BBRI.JK
2025-12-13 16:28:39.973 | INFO     | src.models.lstm_model:train:40 - Training LSTM model with 3850 samples
2025-12-13 16:28:52.878 | INFO     | __main__:run_pipeline:145 - LSTM Results - MSE: 0.0015515149434216372, RMSE: 0.03938927447188685, MAE: 0.06472993227111128
2025-12-13 16:28:52.910 | INFO     | src.models.lstm_model:save:57 - Model saved to data/models/BBRI.JK_1h_lstm.h5
2025-12-13 16:28:53.233 | INFO     | __main__:run_pipeline:225 - Logged 963 historical predictions for BBRI.JK
2025-12-13 16:28:53.234 | INFO     | src.models.xgboost_model:train:18 - Training XGBoost model with 3850 samples
2025-12-13 16:28:55.401 | INFO     | __main__:run_pipeline:261 - XGBoost Results - MSE: 0.00029278898559250473, RMSE: 0.01711107786179774, MAE: 0.011830041768440502
2025-12-13 16:28:55.404 | INFO     | src.models.xgboost_model:save:28 - XGBoost model saved to data/models/BBRI.JK_1h_xgb.joblib
2025-12-13 16:28:55.420 | INFO     | __main__:<module>:300 - --- Training BBRI.JK [15m] ---
2025-12-13 16:28:55.421 | INFO     | __main__:run_pipeline:26 - Starting pipeline for BBRI.JK (15m)
2025-12-13 16:28:55.422 | INFO     | src.data_collection.stock_collector:fetch_history:49 - Fetching 730 days of history for BBRI.JK with interval 15m
2025-12-13 16:28:55.857 | INFO     | src.data_collection.stock_collector:fetch_history:130 - Successfully updated 1177 15m records for BBRI.JK
2025-12-13 16:28:56.166 | INFO     | src.models.lstm_model:train:40 - Training LSTM model with 1305 samples
2025-12-13 16:28:57.317 | INFO     | src.training.trainer:run_pipeline:26 - Starting pipeline for TLKM.JK (1d)
2025-12-13 16:28:57.318 | INFO     | src.data_collection.stock_collector:fetch_history:49 - Fetching 730 days of history for TLKM.JK with interval 1d
2025-12-13 16:28:57.703 | INFO     | src.data_collection.news_collector:fetch_news:53 - Fetching Google News RSS for: TLKM
2025-12-13 16:28:58.663 | INFO     | src.data_collection.news_collector:fetch_news:62 - Found 100 articles
2025-12-13 16:28:58.673 | INFO     | src.data_collection.news_collector:fetch_news:109 - Saved 10 new articles from Google News
2025-12-13 16:28:58.783 | INFO     | src.data_collection.stock_collector:fetch_history:130 - Successfully updated 729 1d records for TLKM.JK
2025-12-13 16:28:59.060 | INFO     | src.models.lstm_model:train:40 - Training LSTM model with 388 samples
2025-12-13 16:29:00.523 | ERROR    | src.api.main:predict:147 - Prediction error: in user code:

    File "/usr/local/lib/python3.10/site-packages/keras/src/engine/training.py", line 2440, in predict_function  *
        return step_function(self, iterator)
    File "/usr/local/lib/python3.10/site-packages/keras/src/engine/training.py", line 2425, in step_function  **
        outputs = model.distribute_strategy.run(run_step, args=(data,))
    File "/usr/local/lib/python3.10/site-packages/keras/src/engine/training.py", line 2413, in run_step  **
        outputs = model.predict_step(data)
    File "/usr/local/lib/python3.10/site-packages/keras/src/engine/training.py", line 2381, in predict_step
        return self(x, training=False)
    File "/usr/local/lib/python3.10/site-packages/keras/src/utils/traceback_utils.py", line 70, in error_handler
        raise e.with_traceback(filtered_tb) from None
    File "/usr/local/lib/python3.10/site-packages/keras/src/engine/input_spec.py", line 298, in assert_input_compatibility
        raise ValueError(

    ValueError: Input 0 of layer "sequential_6" is incompatible with the layer: expected shape=(None, 60, 11), found shape=(None, 60, 5)

2025-12-13 16:29:02.971 | INFO     | __main__:run_pipeline:145 - LSTM Results - MSE: 0.00023608482733813679, RMSE: 0.015365052142382622, MAE: 0.022590773212203978
2025-12-13 16:29:03.001 | INFO     | src.models.lstm_model:save:57 - Model saved to data/models/BBRI.JK_15m_lstm.h5
2025-12-13 16:29:03.097 | INFO     | __main__:run_pipeline:225 - Logged 327 historical predictions for BBRI.JK
2025-12-13 16:29:03.099 | INFO     | src.models.xgboost_model:train:18 - Training XGBoost model with 1305 samples
2025-12-13 16:29:03.647 | INFO     | src.training.trainer:run_pipeline:145 - LSTM Results - MSE: 0.011455341898054165, RMSE: 0.10702963093486852, MAE: 0.16415143336480825
2025-12-13 16:29:03.686 | INFO     | src.models.lstm_model:save:57 - Model saved to data/models/TLKM.JK_1d_lstm.h5
2025-12-13 16:29:03.771 | INFO     | src.training.trainer:run_pipeline:225 - Logged 98 historical predictions for TLKM.JK
2025-12-13 16:29:03.777 | INFO     | src.models.xgboost_model:train:18 - Training XGBoost model with 388 samples
2025-12-13 16:29:05.510 | INFO     | __main__:run_pipeline:261 - XGBoost Results - MSE: 0.001583206689353791, RMSE: 0.03978952989611452, MAE: 0.03634851239940221
2025-12-13 16:29:05.516 | INFO     | src.models.xgboost_model:save:28 - XGBoost model saved to data/models/BBRI.JK_15m_xgb.joblib
2025-12-13 16:29:05.536 | INFO     | __main__:<module>:300 - --- Training TLKM.JK [1d] ---
2025-12-13 16:29:05.537 | INFO     | __main__:run_pipeline:26 - Starting pipeline for TLKM.JK (1d)
2025-12-13 16:29:05.537 | INFO     | src.data_collection.stock_collector:fetch_history:49 - Fetching 730 days of history for TLKM.JK with interval 1d
2025-12-13 16:29:05.779 | INFO     | src.data_collection.news_collector:fetch_news:53 - Fetching Google News RSS for: TLKM
2025-12-13 16:29:06.202 | INFO     | src.training.trainer:run_pipeline:261 - XGBoost Results - MSE: 0.014757555741969759, RMSE: 0.12148068052974414, MAE: 0.10330747025652112
2025-12-13 16:29:06.208 | INFO     | src.models.xgboost_model:save:28 - XGBoost model saved to data/models/TLKM.JK_1d_xgb.joblib
2025-12-13 16:29:06.245 | INFO     | src.data_collection.news_collector:fetch_news:62 - Found 100 articles
2025-12-13 16:29:06.250 | INFO     | src.data_collection.news_collector:fetch_news:109 - Saved 10 new articles from Google News
2025-12-13 16:29:06.350 | INFO     | src.data_collection.stock_collector:fetch_history:130 - Successfully updated 729 1d records for TLKM.JK
2025-12-13 16:29:06.681 | INFO     | src.models.lstm_model:train:40 - Training LSTM model with 395 samples
2025-12-13 16:29:09.373 | INFO     | __main__:run_pipeline:145 - LSTM Results - MSE: 0.009767886493023938, RMSE: 0.09883261856808175, MAE: 0.16391508565127005
2025-12-13 16:29:09.405 | INFO     | src.models.lstm_model:save:57 - Model saved to data/models/TLKM.JK_1d_lstm.h5
2025-12-13 16:29:09.447 | INFO     | __main__:run_pipeline:225 - Logged 99 historical predictions for TLKM.JK
2025-12-13 16:29:09.448 | INFO     | src.models.xgboost_model:train:18 - Training XGBoost model with 395 samples
2025-12-13 16:29:10.693 | INFO     | __main__:run_pipeline:261 - XGBoost Results - MSE: 0.010707910397750313, RMSE: 0.10347903361430427, MAE: 0.08485266279898868
2025-12-13 16:29:10.695 | INFO     | src.models.xgboost_model:save:28 - XGBoost model saved to data/models/TLKM.JK_1d_xgb.joblib
2025-12-13 16:29:10.706 | INFO     | __main__:<module>:300 - --- Training TLKM.JK [1h] ---
2025-12-13 16:29:10.707 | INFO     | __main__:run_pipeline:26 - Starting pipeline for TLKM.JK (1h)
2025-12-13 16:29:10.707 | INFO     | src.data_collection.stock_collector:fetch_history:49 - Fetching 730 days of history for TLKM.JK with interval 1h
2025-12-13 16:29:11.622 | INFO     | src.data_collection.stock_collector:fetch_history:130 - Successfully updated 4846 1h records for TLKM.JK
2025-12-13 16:29:11.963 | INFO     | src.models.lstm_model:train:40 - Training LSTM model with 3803 samples
2025-12-13 16:29:15.836 | ERROR    | src.api.main:predict:147 - Prediction error: in user code:

    File "/usr/local/lib/python3.10/site-packages/keras/src/engine/training.py", line 2440, in predict_function  *
        return step_function(self, iterator)
    File "/usr/local/lib/python3.10/site-packages/keras/src/engine/training.py", line 2425, in step_function  **
        outputs = model.distribute_strategy.run(run_step, args=(data,))
    File "/usr/local/lib/python3.10/site-packages/keras/src/engine/training.py", line 2413, in run_step  **
        outputs = model.predict_step(data)
    File "/usr/local/lib/python3.10/site-packages/keras/src/engine/training.py", line 2381, in predict_step
        return self(x, training=False)
    File "/usr/local/lib/python3.10/site-packages/keras/src/utils/traceback_utils.py", line 70, in error_handler
        raise e.with_traceback(filtered_tb) from None
    File "/usr/local/lib/python3.10/site-packages/keras/src/engine/input_spec.py", line 298, in assert_input_compatibility
        raise ValueError(

    ValueError: Input 0 of layer "sequential_6" is incompatible with the layer: expected shape=(None, 60, 11), found shape=(None, 60, 5)

2025-12-13 16:29:18.319 | ERROR    | src.api.main:predict:147 - Prediction error: in user code:

    File "/usr/local/lib/python3.10/site-packages/keras/src/engine/training.py", line 2440, in predict_function  *
        return step_function(self, iterator)
    File "/usr/local/lib/python3.10/site-packages/keras/src/engine/training.py", line 2425, in step_function  **
        outputs = model.distribute_strategy.run(run_step, args=(data,))
    File "/usr/local/lib/python3.10/site-packages/keras/src/engine/training.py", line 2413, in run_step  **
        outputs = model.predict_step(data)
    File "/usr/local/lib/python3.10/site-packages/keras/src/engine/training.py", line 2381, in predict_step
        return self(x, training=False)
    File "/usr/local/lib/python3.10/site-packages/keras/src/utils/traceback_utils.py", line 70, in error_handler
        raise e.with_traceback(filtered_tb) from None
    File "/usr/local/lib/python3.10/site-packages/keras/src/engine/input_spec.py", line 298, in assert_input_compatibility
        raise ValueError(

    ValueError: Input 0 of layer "sequential_6" is incompatible with the layer: expected shape=(None, 60, 11), found shape=(None, 60, 5)

2025-12-13 16:29:20.011 | ERROR    | src.api.main:predict:147 - Prediction error: in user code:

    File "/usr/local/lib/python3.10/site-packages/keras/src/engine/training.py", line 2440, in predict_function  *
        return step_function(self, iterator)
    File "/usr/local/lib/python3.10/site-packages/keras/src/engine/training.py", line 2425, in step_function  **
        outputs = model.distribute_strategy.run(run_step, args=(data,))
    File "/usr/local/lib/python3.10/site-packages/keras/src/engine/training.py", line 2413, in run_step  **
        outputs = model.predict_step(data)
    File "/usr/local/lib/python3.10/site-packages/keras/src/engine/training.py", line 2381, in predict_step
        return self(x, training=False)
    File "/usr/local/lib/python3.10/site-packages/keras/src/utils/traceback_utils.py", line 70, in error_handler
        raise e.with_traceback(filtered_tb) from None
    File "/usr/local/lib/python3.10/site-packages/keras/src/engine/input_spec.py", line 298, in assert_input_compatibility
        raise ValueError(

    ValueError: Input 0 of layer "sequential_6" is incompatible with the layer: expected shape=(None, 60, 11), found shape=(None, 60, 5)

2025-12-13 16:29:21.468 | ERROR    | src.api.main:predict:147 - Prediction error: in user code:

    File "/usr/local/lib/python3.10/site-packages/keras/src/engine/training.py", line 2440, in predict_function  *
        return step_function(self, iterator)
    File "/usr/local/lib/python3.10/site-packages/keras/src/engine/training.py", line 2425, in step_function  **
        outputs = model.distribute_strategy.run(run_step, args=(data,))
    File "/usr/local/lib/python3.10/site-packages/keras/src/engine/training.py", line 2413, in run_step  **
        outputs = model.predict_step(data)
    File "/usr/local/lib/python3.10/site-packages/keras/src/engine/training.py", line 2381, in predict_step
        return self(x, training=False)
    File "/usr/local/lib/python3.10/site-packages/keras/src/utils/traceback_utils.py", line 70, in error_handler
        raise e.with_traceback(filtered_tb) from None
    File "/usr/local/lib/python3.10/site-packages/keras/src/engine/input_spec.py", line 298, in assert_input_compatibility
        raise ValueError(

    ValueError: Input 0 of layer "sequential_6" is incompatible with the layer: expected shape=(None, 60, 11), found shape=(None, 60, 5)

2025-12-13 16:29:22.483 | ERROR    | src.api.main:predict:147 - Prediction error: in user code:

    File "/usr/local/lib/python3.10/site-packages/keras/src/engine/training.py", line 2440, in predict_function  *
        return step_function(self, iterator)
    File "/usr/local/lib/python3.10/site-packages/keras/src/engine/training.py", line 2425, in step_function  **
        outputs = model.distribute_strategy.run(run_step, args=(data,))
    File "/usr/local/lib/python3.10/site-packages/keras/src/engine/training.py", line 2413, in run_step  **
        outputs = model.predict_step(data)
    File "/usr/local/lib/python3.10/site-packages/keras/src/engine/training.py", line 2381, in predict_step
        return self(x, training=False)
    File "/usr/local/lib/python3.10/site-packages/keras/src/utils/traceback_utils.py", line 70, in error_handler
        raise e.with_traceback(filtered_tb) from None
    File "/usr/local/lib/python3.10/site-packages/keras/src/engine/input_spec.py", line 298, in assert_input_compatibility
        raise ValueError(

    ValueError: Input 0 of layer "sequential_6" is incompatible with the layer: expected shape=(None, 60, 11), found shape=(None, 60, 5)

2025-12-13 16:29:25.693 | INFO     | __main__:run_pipeline:145 - LSTM Results - MSE: 0.0009110333021271239, RMSE: 0.030183328214879217, MAE: 0.1663009904863604
2025-12-13 16:29:25.719 | INFO     | src.models.lstm_model:save:57 - Model saved to data/models/TLKM.JK_1h_lstm.h5
2025-12-13 16:29:26.050 | INFO     | __main__:run_pipeline:225 - Logged 951 historical predictions for TLKM.JK
2025-12-13 16:29:26.052 | INFO     | src.models.xgboost_model:train:18 - Training XGBoost model with 3803 samples
2025-12-13 16:29:28.072 | INFO     | __main__:run_pipeline:261 - XGBoost Results - MSE: 0.00045283040375892174, RMSE: 0.021279812117566306, MAE: 0.014257137018089089
2025-12-13 16:29:28.076 | INFO     | src.models.xgboost_model:save:28 - XGBoost model saved to data/models/TLKM.JK_1h_xgb.joblib
2025-12-13 16:29:28.093 | INFO     | __main__:<module>:300 - --- Training TLKM.JK [15m] ---
2025-12-13 16:29:28.095 | INFO     | __main__:run_pipeline:26 - Starting pipeline for TLKM.JK (15m)
2025-12-13 16:29:28.095 | INFO     | src.data_collection.stock_collector:fetch_history:49 - Fetching 730 days of history for TLKM.JK with interval 15m
2025-12-13 16:29:28.520 | INFO     | src.data_collection.stock_collector:fetch_history:130 - Successfully updated 1177 15m records for TLKM.JK
2025-12-13 16:29:28.799 | INFO     | src.models.lstm_model:train:40 - Training LSTM model with 1116 samples
2025-12-13 16:29:33.423 | INFO     | __main__:run_pipeline:145 - LSTM Results - MSE: 0.0005155271506602779, RMSE: 0.022705222981954567, MAE: 0.05030833297055219
2025-12-13 16:29:33.448 | INFO     | src.models.lstm_model:save:57 - Model saved to data/models/TLKM.JK_15m_lstm.h5
2025-12-13 16:29:33.517 | INFO     | __main__:run_pipeline:225 - Logged 279 historical predictions for TLKM.JK
2025-12-13 16:29:33.520 | INFO     | src.models.xgboost_model:train:18 - Training XGBoost model with 1116 samples
2025-12-13 16:29:34.891 | INFO     | __main__:run_pipeline:261 - XGBoost Results - MSE: 0.00034267250624469376, RMSE: 0.01851141556566363, MAE: 0.01435458890039531
2025-12-13 16:29:34.896 | INFO     | src.models.xgboost_model:save:28 - XGBoost model saved to data/models/TLKM.JK_15m_xgb.joblib
2025-12-13 16:29:34.908 | INFO     | __main__:<module>:300 - --- Training ASII.JK [1d] ---
2025-12-13 16:29:34.910 | INFO     | __main__:run_pipeline:26 - Starting pipeline for ASII.JK (1d)
2025-12-13 16:29:34.910 | INFO     | src.data_collection.stock_collector:fetch_history:49 - Fetching 730 days of history for ASII.JK with interval 1d
2025-12-13 16:29:35.179 | INFO     | src.data_collection.news_collector:fetch_news:53 - Fetching Google News RSS for: ASII
2025-12-13 16:29:36.182 | INFO     | src.data_collection.news_collector:fetch_news:62 - Found 100 articles
2025-12-13 16:29:36.193 | INFO     | src.data_collection.news_collector:fetch_news:109 - Saved 10 new articles from Google News
2025-12-13 16:29:36.294 | INFO     | src.data_collection.stock_collector:fetch_history:130 - Successfully updated 729 1d records for ASII.JK
2025-12-13 16:29:36.619 | INFO     | src.models.lstm_model:train:40 - Training LSTM model with 392 samples
2025-12-13 16:29:40.101 | INFO     | __main__:run_pipeline:145 - LSTM Results - MSE: 0.011191320521739821, RMSE: 0.1057890378146045, MAE: 0.16617588544268502
2025-12-13 16:29:40.130 | INFO     | src.models.lstm_model:save:57 - Model saved to data/models/ASII.JK_1d_lstm.h5
2025-12-13 16:29:40.184 | INFO     | __main__:run_pipeline:225 - Logged 98 historical predictions for ASII.JK
2025-12-13 16:29:40.186 | INFO     | src.models.xgboost_model:train:18 - Training XGBoost model with 392 samples
2025-12-13 16:29:41.513 | INFO     | __main__:run_pipeline:261 - XGBoost Results - MSE: 0.08287722506655555, RMSE: 0.2878840479543032, MAE: 0.255967375435558
2025-12-13 16:29:41.516 | INFO     | src.models.xgboost_model:save:28 - XGBoost model saved to data/models/ASII.JK_1d_xgb.joblib
2025-12-13 16:29:41.524 | INFO     | __main__:<module>:300 - --- Training ASII.JK [1h] ---
2025-12-13 16:29:41.525 | INFO     | __main__:run_pipeline:26 - Starting pipeline for ASII.JK (1h)
2025-12-13 16:29:41.525 | INFO     | src.data_collection.stock_collector:fetch_history:49 - Fetching 730 days of history for ASII.JK with interval 1h
2025-12-13 16:29:42.466 | INFO     | src.data_collection.stock_collector:fetch_history:130 - Successfully updated 4843 1h records for ASII.JK
2025-12-13 16:29:42.945 | INFO     | src.models.lstm_model:train:40 - Training LSTM model with 3780 samples
2025-12-13 16:29:43.065 | ERROR    | src.api.main:predict:147 - Prediction error: in user code:

    File "/usr/local/lib/python3.10/site-packages/keras/src/engine/training.py", line 2440, in predict_function  *
        return step_function(self, iterator)
    File "/usr/local/lib/python3.10/site-packages/keras/src/engine/training.py", line 2425, in step_function  **
        outputs = model.distribute_strategy.run(run_step, args=(data,))
    File "/usr/local/lib/python3.10/site-packages/keras/src/engine/training.py", line 2413, in run_step  **
        outputs = model.predict_step(data)
    File "/usr/local/lib/python3.10/site-packages/keras/src/engine/training.py", line 2381, in predict_step
        return self(x, training=False)
    File "/usr/local/lib/python3.10/site-packages/keras/src/utils/traceback_utils.py", line 70, in error_handler
        raise e.with_traceback(filtered_tb) from None
    File "/usr/local/lib/python3.10/site-packages/keras/src/engine/input_spec.py", line 298, in assert_input_compatibility
        raise ValueError(

    ValueError: Input 0 of layer "sequential_6" is incompatible with the layer: expected shape=(None, 60, 11), found shape=(None, 60, 5)

2025-12-13 16:29:48.018 | ERROR    | src.api.main:predict:147 - Prediction error: in user code:

    File "/usr/local/lib/python3.10/site-packages/keras/src/engine/training.py", line 2440, in predict_function  *
        return step_function(self, iterator)
    File "/usr/local/lib/python3.10/site-packages/keras/src/engine/training.py", line 2425, in step_function  **
        outputs = model.distribute_strategy.run(run_step, args=(data,))
    File "/usr/local/lib/python3.10/site-packages/keras/src/engine/training.py", line 2413, in run_step  **
        outputs = model.predict_step(data)
    File "/usr/local/lib/python3.10/site-packages/keras/src/engine/training.py", line 2381, in predict_step
        return self(x, training=False)
    File "/usr/local/lib/python3.10/site-packages/keras/src/utils/traceback_utils.py", line 70, in error_handler
        raise e.with_traceback(filtered_tb) from None
    File "/usr/local/lib/python3.10/site-packages/keras/src/engine/input_spec.py", line 298, in assert_input_compatibility
        raise ValueError(

    ValueError: Input 0 of layer "sequential_6" is incompatible with the layer: expected shape=(None, 60, 11), found shape=(None, 60, 5)

2025-12-13 16:29:55.523 | ERROR    | src.api.main:predict:147 - Prediction error: in user code:

    File "/usr/local/lib/python3.10/site-packages/keras/src/engine/training.py", line 2440, in predict_function  *
        return step_function(self, iterator)
    File "/usr/local/lib/python3.10/site-packages/keras/src/engine/training.py", line 2425, in step_function  **
        outputs = model.distribute_strategy.run(run_step, args=(data,))
    File "/usr/local/lib/python3.10/site-packages/keras/src/engine/training.py", line 2413, in run_step  **
        outputs = model.predict_step(data)
    File "/usr/local/lib/python3.10/site-packages/keras/src/engine/training.py", line 2381, in predict_step
        return self(x, training=False)
    File "/usr/local/lib/python3.10/site-packages/keras/src/utils/traceback_utils.py", line 70, in error_handler
        raise e.with_traceback(filtered_tb) from None
    File "/usr/local/lib/python3.10/site-packages/keras/src/engine/input_spec.py", line 298, in assert_input_compatibility
        raise ValueError(

    ValueError: Input 0 of layer "sequential_7" is incompatible with the layer: expected shape=(None, 60, 11), found shape=(None, 60, 5)

2025-12-13 16:29:57.481 | INFO     | __main__:run_pipeline:145 - LSTM Results - MSE: 0.003965522568217938, RMSE: 0.06297239528728392, MAE: 0.29714897498892096
2025-12-13 16:29:57.513 | INFO     | src.models.lstm_model:save:57 - Model saved to data/models/ASII.JK_1h_lstm.h5
2025-12-13 16:29:57.846 | INFO     | __main__:run_pipeline:225 - Logged 946 historical predictions for ASII.JK
2025-12-13 16:29:57.848 | INFO     | src.models.xgboost_model:train:18 - Training XGBoost model with 3780 samples
2025-12-13 16:29:59.585 | INFO     | __main__:run_pipeline:261 - XGBoost Results - MSE: 0.0006459626629197721, RMSE: 0.025415795539777464, MAE: 0.01740380586203047
2025-12-13 16:29:59.588 | INFO     | src.models.xgboost_model:save:28 - XGBoost model saved to data/models/ASII.JK_1h_xgb.joblib
2025-12-13 16:29:59.603 | INFO     | __main__:<module>:300 - --- Training ASII.JK [15m] ---
2025-12-13 16:29:59.603 | INFO     | __main__:run_pipeline:26 - Starting pipeline for ASII.JK (15m)
2025-12-13 16:29:59.604 | INFO     | src.data_collection.stock_collector:fetch_history:49 - Fetching 730 days of history for ASII.JK with interval 15m
2025-12-13 16:30:00.021 | INFO     | src.data_collection.stock_collector:fetch_history:130 - Successfully updated 1177 15m records for ASII.JK
2025-12-13 16:30:00.307 | INFO     | src.models.lstm_model:train:40 - Training LSTM model with 1036 samples
2025-12-13 16:30:04.651 | INFO     | __main__:run_pipeline:145 - LSTM Results - MSE: 0.0023278423537840282, RMSE: 0.04824771863812866, MAE: 0.08097801773281059
2025-12-13 16:30:04.672 | INFO     | src.models.lstm_model:save:57 - Model saved to data/models/ASII.JK_15m_lstm.h5
2025-12-13 16:30:04.765 | INFO     | __main__:run_pipeline:225 - Logged 260 historical predictions for ASII.JK
2025-12-13 16:30:04.767 | INFO     | src.models.xgboost_model:train:18 - Training XGBoost model with 1036 samples
2025-12-13 16:30:05.833 | INFO     | __main__:run_pipeline:261 - XGBoost Results - MSE: 0.003157195534104656, RMSE: 0.05618892714854641, MAE: 0.043443597459865174
2025-12-13 16:30:05.836 | INFO     | src.models.xgboost_model:save:28 - XGBoost model saved to data/models/ASII.JK_15m_xgb.joblib
2025-12-13 16:30:05.854 | INFO     | __main__:<module>:300 - --- Training UNVR.JK [1d] ---
2025-12-13 16:30:05.855 | INFO     | __main__:run_pipeline:26 - Starting pipeline for UNVR.JK (1d)
2025-12-13 16:30:05.855 | INFO     | src.data_collection.stock_collector:fetch_history:49 - Fetching 730 days of history for UNVR.JK with interval 1d
2025-12-13 16:30:06.111 | INFO     | src.data_collection.news_collector:fetch_news:53 - Fetching Google News RSS for: UNVR
2025-12-13 16:30:07.136 | INFO     | src.data_collection.news_collector:fetch_news:62 - Found 100 articles
2025-12-13 16:30:07.140 | INFO     | src.data_collection.news_collector:fetch_news:109 - Saved 10 new articles from Google News
2025-12-13 16:30:07.255 | INFO     | src.data_collection.stock_collector:fetch_history:130 - Successfully updated 729 1d records for UNVR.JK
2025-12-13 16:30:07.548 | INFO     | src.models.lstm_model:train:40 - Training LSTM model with 389 samples
2025-12-13 16:30:10.298 | INFO     | __main__:run_pipeline:145 - LSTM Results - MSE: 0.005190392647858793, RMSE: 0.07204437971041733, MAE: 0.1657845400509277
2025-12-13 16:30:10.321 | INFO     | src.models.lstm_model:save:57 - Model saved to data/models/UNVR.JK_1d_lstm.h5
2025-12-13 16:30:10.359 | INFO     | __main__:run_pipeline:225 - Logged 98 historical predictions for UNVR.JK
2025-12-13 16:30:10.360 | INFO     | src.models.xgboost_model:train:18 - Training XGBoost model with 389 samples
2025-12-13 16:30:11.671 | INFO     | __main__:run_pipeline:261 - XGBoost Results - MSE: 0.04633707162464814, RMSE: 0.21526047390231245, MAE: 0.1666880401362789
2025-12-13 16:30:11.675 | INFO     | src.models.xgboost_model:save:28 - XGBoost model saved to data/models/UNVR.JK_1d_xgb.joblib
2025-12-13 16:30:11.689 | INFO     | __main__:<module>:300 - --- Training UNVR.JK [1h] ---
2025-12-13 16:30:11.690 | INFO     | __main__:run_pipeline:26 - Starting pipeline for UNVR.JK (1h)
2025-12-13 16:30:11.690 | INFO     | src.data_collection.stock_collector:fetch_history:49 - Fetching 730 days of history for UNVR.JK with interval 1h
2025-12-13 16:30:12.724 | INFO     | src.data_collection.stock_collector:fetch_history:130 - Successfully updated 4844 1h records for UNVR.JK
2025-12-13 16:30:13.027 | INFO     | src.models.lstm_model:train:40 - Training LSTM model with 3760 samples
2025-12-13 16:30:14.992 | ERROR    | src.api.main:predict:147 - Prediction error: in user code:

    File "/usr/local/lib/python3.10/site-packages/keras/src/engine/training.py", line 2440, in predict_function  *
        return step_function(self, iterator)
    File "/usr/local/lib/python3.10/site-packages/keras/src/engine/training.py", line 2425, in step_function  **
        outputs = model.distribute_strategy.run(run_step, args=(data,))
    File "/usr/local/lib/python3.10/site-packages/keras/src/engine/training.py", line 2413, in run_step  **
        outputs = model.predict_step(data)
    File "/usr/local/lib/python3.10/site-packages/keras/src/engine/training.py", line 2381, in predict_step
        return self(x, training=False)
    File "/usr/local/lib/python3.10/site-packages/keras/src/utils/traceback_utils.py", line 70, in error_handler
        raise e.with_traceback(filtered_tb) from None
    File "/usr/local/lib/python3.10/site-packages/keras/src/engine/input_spec.py", line 298, in assert_input_compatibility
        raise ValueError(

    ValueError: Input 0 of layer "sequential_8" is incompatible with the layer: expected shape=(None, 60, 11), found shape=(None, 60, 5)

2025-12-13 16:30:25.780 | INFO     | __main__:run_pipeline:145 - LSTM Results - MSE: 0.0002542736551972842, RMSE: 0.015945960466440527, MAE: 0.12722538745449866
2025-12-13 16:30:25.807 | INFO     | src.models.lstm_model:save:57 - Model saved to data/models/UNVR.JK_1h_lstm.h5
2025-12-13 16:30:26.005 | INFO     | __main__:run_pipeline:225 - Logged 940 historical predictions for UNVR.JK
2025-12-13 16:30:26.010 | INFO     | src.models.xgboost_model:train:18 - Training XGBoost model with 3760 samples
2025-12-13 16:30:28.699 | INFO     | __main__:run_pipeline:261 - XGBoost Results - MSE: 0.00011134343799099634, RMSE: 0.010551940010775097, MAE: 0.0063980223168282006
2025-12-13 16:30:28.704 | INFO     | src.models.xgboost_model:save:28 - XGBoost model saved to data/models/UNVR.JK_1h_xgb.joblib
2025-12-13 16:30:28.728 | INFO     | __main__:<module>:300 - --- Training UNVR.JK [15m] ---
2025-12-13 16:30:28.746 | INFO     | __main__:run_pipeline:26 - Starting pipeline for UNVR.JK (15m)
2025-12-13 16:30:28.747 | INFO     | src.data_collection.stock_collector:fetch_history:49 - Fetching 730 days of history for UNVR.JK with interval 15m
2025-12-13 16:30:29.204 | INFO     | src.data_collection.stock_collector:fetch_history:130 - Successfully updated 1177 15m records for UNVR.JK
2025-12-13 16:30:29.591 | INFO     | src.models.lstm_model:train:40 - Training LSTM model with 996 samples
2025-12-13 16:30:35.108 | INFO     | __main__:run_pipeline:145 - LSTM Results - MSE: 0.0015058154758707308, RMSE: 0.038804838304916704, MAE: 0.05301837327387543
2025-12-13 16:30:35.134 | INFO     | src.models.lstm_model:save:57 - Model saved to data/models/UNVR.JK_15m_lstm.h5
2025-12-13 16:30:35.205 | INFO     | __main__:run_pipeline:225 - Logged 249 historical predictions for UNVR.JK
2025-12-13 16:30:35.206 | INFO     | src.models.xgboost_model:train:18 - Training XGBoost model with 996 samples
2025-12-13 16:30:36.317 | INFO     | __main__:run_pipeline:261 - XGBoost Results - MSE: 0.0002129309363030918, RMSE: 0.014592153244229989, MAE: 0.011223172112404142
2025-12-13 16:30:36.321 | INFO     | src.models.xgboost_model:save:28 - XGBoost model saved to data/models/UNVR.JK_15m_xgb.joblib
2025-12-13 16:30:36.329 | INFO     | __main__:<module>:306 - Cycle completed. Sleeping for 1 hour...
2025-12-13 16:30:37.264 | INFO     | src.training.trainer:run_pipeline:26 - Starting pipeline for TLKM.JK (1m)
2025-12-13 16:30:37.265 | INFO     | src.data_collection.stock_collector:fetch_history:49 - Fetching 730 days of history for TLKM.JK with interval 1m
2025-12-13 16:30:38.015 | INFO     | src.data_collection.stock_collector:fetch_history:130 - Successfully updated 2196 1m records for TLKM.JK
2025-12-13 16:30:38.311 | INFO     | src.models.lstm_model:train:40 - Training LSTM model with 5468 samples
2025-12-13 16:30:45.504 | ERROR    | src.api.main:predict:147 - Prediction error: in user code:

    File "/usr/local/lib/python3.10/site-packages/keras/src/engine/training.py", line 2440, in predict_function  *
        return step_function(self, iterator)
    File "/usr/local/lib/python3.10/site-packages/keras/src/engine/training.py", line 2425, in step_function  **
        outputs = model.distribute_strategy.run(run_step, args=(data,))
    File "/usr/local/lib/python3.10/site-packages/keras/src/engine/training.py", line 2413, in run_step  **
        outputs = model.predict_step(data)
    File "/usr/local/lib/python3.10/site-packages/keras/src/engine/training.py", line 2381, in predict_step
        return self(x, training=False)
    File "/usr/local/lib/python3.10/site-packages/keras/src/utils/traceback_utils.py", line 70, in error_handler
        raise e.with_traceback(filtered_tb) from None
    File "/usr/local/lib/python3.10/site-packages/keras/src/engine/input_spec.py", line 298, in assert_input_compatibility
        raise ValueError(

    ValueError: Input 0 of layer "sequential_6" is incompatible with the layer: expected shape=(None, 60, 11), found shape=(None, 60, 5)

2025-12-13 16:31:00.956 | INFO     | src.training.trainer:run_pipeline:145 - LSTM Results - MSE: 0.0007777568046674147, RMSE: 0.027888291533677976, MAE: 0.09058807799197495
2025-12-13 16:31:00.994 | INFO     | src.models.lstm_model:save:57 - Model saved to data/models/TLKM.JK_1m_lstm.h5
2025-12-13 16:31:01.254 | INFO     | src.training.trainer:run_pipeline:225 - Logged 1368 historical predictions for TLKM.JK
2025-12-13 16:31:01.259 | INFO     | src.models.xgboost_model:train:18 - Training XGBoost model with 5468 samples
2025-12-13 16:31:03.374 | INFO     | src.training.trainer:run_pipeline:261 - XGBoost Results - MSE: 0.0028905521029640173, RMSE: 0.053763854986077934, MAE: 0.03785811658534696
2025-12-13 16:31:03.380 | INFO     | src.models.xgboost_model:save:28 - XGBoost model saved to data/models/TLKM.JK_1m_xgb.joblib
2025-12-13 16:31:20.532 | ERROR    | src.api.main:predict:147 - Prediction error: in user code:

    File "/usr/local/lib/python3.10/site-packages/keras/src/engine/training.py", line 2440, in predict_function  *
        return step_function(self, iterator)
    File "/usr/local/lib/python3.10/site-packages/keras/src/engine/training.py", line 2425, in step_function  **
        outputs = model.distribute_strategy.run(run_step, args=(data,))
    File "/usr/local/lib/python3.10/site-packages/keras/src/engine/training.py", line 2413, in run_step  **
        outputs = model.predict_step(data)
    File "/usr/local/lib/python3.10/site-packages/keras/src/engine/training.py", line 2381, in predict_step
        return self(x, training=False)
    File "/usr/local/lib/python3.10/site-packages/keras/src/utils/traceback_utils.py", line 70, in error_handler
        raise e.with_traceback(filtered_tb) from None
    File "/usr/local/lib/python3.10/site-packages/keras/src/engine/input_spec.py", line 298, in assert_input_compatibility
        raise ValueError(

    ValueError: Input 0 of layer "sequential_6" is incompatible with the layer: expected shape=(None, 60, 11), found shape=(None, 60, 5)

2025-12-13 16:31:21.534 | ERROR    | src.api.main:predict:147 - Prediction error: in user code:

    File "/usr/local/lib/python3.10/site-packages/keras/src/engine/training.py", line 2440, in predict_function  *
        return step_function(self, iterator)
    File "/usr/local/lib/python3.10/site-packages/keras/src/engine/training.py", line 2425, in step_function  **
        outputs = model.distribute_strategy.run(run_step, args=(data,))
    File "/usr/local/lib/python3.10/site-packages/keras/src/engine/training.py", line 2413, in run_step  **
        outputs = model.predict_step(data)
    File "/usr/local/lib/python3.10/site-packages/keras/src/engine/training.py", line 2381, in predict_step
        return self(x, training=False)
    File "/usr/local/lib/python3.10/site-packages/keras/src/utils/traceback_utils.py", line 70, in error_handler
        raise e.with_traceback(filtered_tb) from None
    File "/usr/local/lib/python3.10/site-packages/keras/src/engine/input_spec.py", line 298, in assert_input_compatibility
        raise ValueError(

    ValueError: Input 0 of layer "sequential_6" is incompatible with the layer: expected shape=(None, 60, 11), found shape=(None, 60, 5)

2025-12-13 16:31:25.095 | ERROR    | src.api.main:predict:147 - Prediction error: in user code:

    File "/usr/local/lib/python3.10/site-packages/keras/src/engine/training.py", line 2440, in predict_function  *
        return step_function(self, iterator)
    File "/usr/local/lib/python3.10/site-packages/keras/src/engine/training.py", line 2425, in step_function  **
        outputs = model.distribute_strategy.run(run_step, args=(data,))
    File "/usr/local/lib/python3.10/site-packages/keras/src/engine/training.py", line 2413, in run_step  **
        outputs = model.predict_step(data)
    File "/usr/local/lib/python3.10/site-packages/keras/src/engine/training.py", line 2381, in predict_step
        return self(x, training=False)
    File "/usr/local/lib/python3.10/site-packages/keras/src/utils/traceback_utils.py", line 70, in error_handler
        raise e.with_traceback(filtered_tb) from None
    File "/usr/local/lib/python3.10/site-packages/keras/src/engine/input_spec.py", line 298, in assert_input_compatibility
        raise ValueError(

    ValueError: Input 0 of layer "sequential_8" is incompatible with the layer: expected shape=(None, 60, 11), found shape=(None, 60, 5)

2025-12-13 16:31:35.023 | ERROR    | src.api.main:predict:147 - Prediction error: in user code:

    File "/usr/local/lib/python3.10/site-packages/keras/src/engine/training.py", line 2440, in predict_function  *
        return step_function(self, iterator)
    File "/usr/local/lib/python3.10/site-packages/keras/src/engine/training.py", line 2425, in step_function  **
        outputs = model.distribute_strategy.run(run_step, args=(data,))
    File "/usr/local/lib/python3.10/site-packages/keras/src/engine/training.py", line 2413, in run_step  **
        outputs = model.predict_step(data)
    File "/usr/local/lib/python3.10/site-packages/keras/src/engine/training.py", line 2381, in predict_step
        return self(x, training=False)
    File "/usr/local/lib/python3.10/site-packages/keras/src/utils/traceback_utils.py", line 70, in error_handler
        raise e.with_traceback(filtered_tb) from None
    File "/usr/local/lib/python3.10/site-packages/keras/src/engine/input_spec.py", line 298, in assert_input_compatibility
        raise ValueError(

    ValueError: Input 0 of layer "sequential_2" is incompatible with the layer: expected shape=(None, 60, 11), found shape=(None, 60, 5)

2025-12-13 16:31:38.650 | ERROR    | src.api.main:predict:147 - Prediction error: in user code:

    File "/usr/local/lib/python3.10/site-packages/keras/src/engine/training.py", line 2440, in predict_function  *
        return step_function(self, iterator)
    File "/usr/local/lib/python3.10/site-packages/keras/src/engine/training.py", line 2425, in step_function  **
        outputs = model.distribute_strategy.run(run_step, args=(data,))
    File "/usr/local/lib/python3.10/site-packages/keras/src/engine/training.py", line 2413, in run_step  **
        outputs = model.predict_step(data)
    File "/usr/local/lib/python3.10/site-packages/keras/src/engine/training.py", line 2381, in predict_step
        return self(x, training=False)
    File "/usr/local/lib/python3.10/site-packages/keras/src/utils/traceback_utils.py", line 70, in error_handler
        raise e.with_traceback(filtered_tb) from None
    File "/usr/local/lib/python3.10/site-packages/keras/src/engine/input_spec.py", line 298, in assert_input_compatibility
        raise ValueError(

    ValueError: Input 0 of layer "sequential" is incompatible with the layer: expected shape=(None, 60, 11), found shape=(None, 60, 5)

2025-12-13 16:31:41.436 | ERROR    | src.api.main:predict:147 - Prediction error: in user code:

    File "/usr/local/lib/python3.10/site-packages/keras/src/engine/training.py", line 2440, in predict_function  *
        return step_function(self, iterator)
    File "/usr/local/lib/python3.10/site-packages/keras/src/engine/training.py", line 2425, in step_function  **
        outputs = model.distribute_strategy.run(run_step, args=(data,))
    File "/usr/local/lib/python3.10/site-packages/keras/src/engine/training.py", line 2413, in run_step  **
        outputs = model.predict_step(data)
    File "/usr/local/lib/python3.10/site-packages/keras/src/engine/training.py", line 2381, in predict_step
        return self(x, training=False)
    File "/usr/local/lib/python3.10/site-packages/keras/src/utils/traceback_utils.py", line 70, in error_handler
        raise e.with_traceback(filtered_tb) from None
    File "/usr/local/lib/python3.10/site-packages/keras/src/engine/input_spec.py", line 298, in assert_input_compatibility
        raise ValueError(

    ValueError: Input 0 of layer "sequential_1" is incompatible with the layer: expected shape=(None, 60, 11), found shape=(None, 60, 5)

2025-12-13 16:31:46.461 | ERROR    | src.api.main:predict:147 - Prediction error: in user code:

    File "/usr/local/lib/python3.10/site-packages/keras/src/engine/training.py", line 2440, in predict_function  *
        return step_function(self, iterator)
    File "/usr/local/lib/python3.10/site-packages/keras/src/engine/training.py", line 2425, in step_function  **
        outputs = model.distribute_strategy.run(run_step, args=(data,))
    File "/usr/local/lib/python3.10/site-packages/keras/src/engine/training.py", line 2413, in run_step  **
        outputs = model.predict_step(data)
    File "/usr/local/lib/python3.10/site-packages/keras/src/engine/training.py", line 2381, in predict_step
        return self(x, training=False)
    File "/usr/local/lib/python3.10/site-packages/keras/src/utils/traceback_utils.py", line 70, in error_handler
        raise e.with_traceback(filtered_tb) from None
    File "/usr/local/lib/python3.10/site-packages/keras/src/engine/input_spec.py", line 298, in assert_input_compatibility
        raise ValueError(

    ValueError: Input 0 of layer "sequential_2" is incompatible with the layer: expected shape=(None, 60, 11), found shape=(None, 60, 5)

2025-12-13 16:31:49.311 | ERROR    | src.api.main:predict:147 - Prediction error: in user code:

    File "/usr/local/lib/python3.10/site-packages/keras/src/engine/training.py", line 2440, in predict_function  *
        return step_function(self, iterator)
    File "/usr/local/lib/python3.10/site-packages/keras/src/engine/training.py", line 2425, in step_function  **
        outputs = model.distribute_strategy.run(run_step, args=(data,))
    File "/usr/local/lib/python3.10/site-packages/keras/src/engine/training.py", line 2413, in run_step  **
        outputs = model.predict_step(data)
    File "/usr/local/lib/python3.10/site-packages/keras/src/engine/training.py", line 2381, in predict_step
        return self(x, training=False)
    File "/usr/local/lib/python3.10/site-packages/keras/src/utils/traceback_utils.py", line 70, in error_handler
        raise e.with_traceback(filtered_tb) from None
    File "/usr/local/lib/python3.10/site-packages/keras/src/engine/input_spec.py", line 298, in assert_input_compatibility
        raise ValueError(

    ValueError: Input 0 of layer "sequential_2" is incompatible with the layer: expected shape=(None, 60, 11), found shape=(None, 60, 5)

2025-12-13 17:06:33.051 | INFO     | src.training.trainer:run_pipeline:26 - Starting pipeline for BBCA.JK (1d)
2025-12-13 17:06:33.064 | INFO     | src.data_collection.stock_collector:fetch_history:49 - Fetching 730 days of history for BBCA.JK with interval 1d
2025-12-13 17:06:34.709 | INFO     | src.data_collection.news_collector:fetch_news:53 - Fetching Google News RSS for: BBCA
2025-12-13 17:06:35.812 | INFO     | src.data_collection.news_collector:fetch_news:62 - Found 100 articles
2025-12-13 17:06:35.833 | INFO     | src.data_collection.news_collector:fetch_news:109 - Saved 10 new articles from Google News
2025-12-13 17:06:35.984 | INFO     | src.data_collection.stock_collector:fetch_history:130 - Successfully updated 729 1d records for BBCA.JK
2025-12-13 17:06:36.279 | INFO     | src.models.lstm_model:train:40 - Training LSTM model with 443 samples
2025-12-13 17:06:40.504 | INFO     | src.training.trainer:run_pipeline:145 - LSTM Results - MSE: 0.007664829383544951, RMSE: 0.08754901132248696, MAE: 0.09461492575843893
2025-12-13 17:06:40.553 | INFO     | src.models.lstm_model:save:57 - Model saved to data/models/BBCA.JK_1d_lstm.h5
2025-12-13 17:06:40.609 | INFO     | src.training.trainer:run_pipeline:227 - Logged 111 historical predictions for BBCA.JK
2025-12-13 17:06:40.617 | INFO     | src.models.xgboost_model:train:18 - Training XGBoost model with 443 samples
2025-12-13 17:06:43.422 | INFO     | src.training.trainer:run_pipeline:263 - XGBoost Results - MSE: 0.007287846643731811, RMSE: 0.08536888568870868, MAE: 0.0781251322929476
2025-12-13 17:06:43.426 | INFO     | src.models.xgboost_model:save:28 - XGBoost model saved to data/models/BBCA.JK_1d_xgb.joblib
2025-12-13 17:08:43.961 | INFO     | src.training.trainer:run_pipeline:26 - Starting pipeline for BBCA.JK (1d)
2025-12-13 17:08:43.983 | INFO     | src.data_collection.stock_collector:fetch_history:49 - Fetching 730 days of history for BBCA.JK with interval 1d
2025-12-13 17:08:44.859 | INFO     | src.data_collection.news_collector:fetch_news:53 - Fetching Google News RSS for: BBCA
2025-12-13 17:08:44.881 | INFO     | __main__:<module>:295 - Starting Continuous Model Trainer...
2025-12-13 17:08:44.884 | INFO     | __main__:<module>:302 - --- Training BBCA.JK [1d] ---
2025-12-13 17:08:44.885 | INFO     | __main__:run_pipeline:26 - Starting pipeline for BBCA.JK (1d)
2025-12-13 17:08:44.885 | INFO     | src.data_collection.stock_collector:fetch_history:49 - Fetching 730 days of history for BBCA.JK with interval 1d
2025-12-13 17:08:46.051 | INFO     | src.data_collection.news_collector:fetch_news:62 - Found 100 articles
2025-12-13 17:08:46.077 | INFO     | src.data_collection.news_collector:fetch_news:109 - Saved 10 new articles from Google News
2025-12-13 17:08:46.111 | INFO     | src.data_collection.news_collector:fetch_news:53 - Fetching Google News RSS for: BBCA
2025-12-13 17:08:46.212 | INFO     | src.data_collection.stock_collector:fetch_history:130 - Successfully updated 729 1d records for BBCA.JK
2025-12-13 17:08:46.605 | INFO     | src.data_collection.news_collector:fetch_news:62 - Found 100 articles
2025-12-13 17:08:46.612 | INFO     | src.data_collection.news_collector:fetch_news:109 - Saved 10 new articles from Google News
2025-12-13 17:08:46.653 | INFO     | src.models.lstm_model:train:40 - Training LSTM model with 451 samples
2025-12-13 17:08:46.713 | INFO     | src.data_collection.stock_collector:fetch_history:130 - Successfully updated 729 1d records for BBCA.JK
2025-12-13 17:08:47.704 | INFO     | src.models.lstm_model:train:40 - Training LSTM model with 459 samples
2025-12-13 17:08:54.083 | INFO     | __main__:run_pipeline:145 - LSTM Results - MSE: 0.002592742235627873, RMSE: 0.050918977165963115, MAE: 0.05032583368968965
2025-12-13 17:08:54.126 | INFO     | src.models.lstm_model:save:57 - Model saved to data/models/BBCA.JK_1d_lstm.h5
2025-12-13 17:08:54.193 | INFO     | __main__:run_pipeline:227 - Logged 115 historical predictions for BBCA.JK
2025-12-13 17:08:54.197 | INFO     | src.models.xgboost_model:train:18 - Training XGBoost model with 459 samples
2025-12-13 17:08:54.316 | INFO     | src.training.trainer:run_pipeline:145 - LSTM Results - MSE: 0.0012161166019225246, RMSE: 0.03487286340297459, MAE: 0.04660281901785518
2025-12-13 17:08:54.349 | INFO     | src.models.lstm_model:save:57 - Model saved to data/models/BBCA.JK_1d_lstm.h5
2025-12-13 17:08:54.411 | INFO     | src.training.trainer:run_pipeline:227 - Logged 113 historical predictions for BBCA.JK
2025-12-13 17:08:54.414 | INFO     | src.models.xgboost_model:train:18 - Training XGBoost model with 451 samples
2025-12-13 17:08:57.483 | INFO     | __main__:run_pipeline:263 - XGBoost Results - MSE: 0.009103213692241435, RMSE: 0.09541076297903416, MAE: 0.09174655063914566
2025-12-13 17:08:57.492 | INFO     | src.models.xgboost_model:save:28 - XGBoost model saved to data/models/BBCA.JK_1d_xgb.joblib
2025-12-13 17:08:57.510 | INFO     | __main__:<module>:302 - --- Training BBCA.JK [1h] ---
2025-12-13 17:08:57.511 | INFO     | __main__:run_pipeline:26 - Starting pipeline for BBCA.JK (1h)
2025-12-13 17:08:57.511 | INFO     | src.data_collection.stock_collector:fetch_history:49 - Fetching 730 days of history for BBCA.JK with interval 1h
2025-12-13 17:08:57.790 | INFO     | src.training.trainer:run_pipeline:263 - XGBoost Results - MSE: 0.008908448287022962, RMSE: 0.09438457653145964, MAE: 0.08835378851471935
2025-12-13 17:08:57.800 | INFO     | src.models.xgboost_model:save:28 - XGBoost model saved to data/models/BBCA.JK_1d_xgb.joblib
2025-12-13 17:08:58.541 | INFO     | src.data_collection.stock_collector:fetch_history:130 - Successfully updated 4852 1h records for BBCA.JK
2025-12-13 17:08:58.831 | INFO     | src.models.lstm_model:train:40 - Training LSTM model with 4220 samples
2025-12-13 17:09:12.994 | INFO     | __main__:run_pipeline:145 - LSTM Results - MSE: 0.0025458969099768445, RMSE: 0.05045688169097298, MAE: 0.08287082908706049
2025-12-13 17:09:13.020 | INFO     | src.models.lstm_model:save:57 - Model saved to data/models/BBCA.JK_1h_lstm.h5
2025-12-13 17:09:13.300 | INFO     | __main__:run_pipeline:227 - Logged 1056 historical predictions for BBCA.JK
2025-12-13 17:09:13.302 | INFO     | src.models.xgboost_model:train:18 - Training XGBoost model with 4220 samples
2025-12-13 17:09:15.621 | INFO     | __main__:run_pipeline:263 - XGBoost Results - MSE: 0.001685276837378173, RMSE: 0.0410521234210628, MAE: 0.03302011051711786
2025-12-13 17:09:15.625 | INFO     | src.models.xgboost_model:save:28 - XGBoost model saved to data/models/BBCA.JK_1h_xgb.joblib
2025-12-13 17:09:15.641 | INFO     | __main__:<module>:302 - --- Training BBCA.JK [15m] ---
2025-12-13 17:09:15.642 | INFO     | __main__:run_pipeline:26 - Starting pipeline for BBCA.JK (15m)
2025-12-13 17:09:15.643 | INFO     | src.data_collection.stock_collector:fetch_history:49 - Fetching 730 days of history for BBCA.JK with interval 15m
2025-12-13 17:09:22.764 | INFO     | src.data_collection.stock_collector:fetch_history:130 - Successfully updated 1177 15m records for BBCA.JK
2025-12-13 17:09:23.141 | INFO     | src.models.lstm_model:train:40 - Training LSTM model with 2502 samples
2025-12-13 17:09:32.604 | INFO     | __main__:run_pipeline:145 - LSTM Results - MSE: 0.0014287389681463029, RMSE: 0.0377986635761941, MAE: 0.037138219228213
2025-12-13 17:09:32.638 | INFO     | src.models.lstm_model:save:57 - Model saved to data/models/BBCA.JK_15m_lstm.h5
2025-12-13 17:09:32.799 | INFO     | __main__:run_pipeline:227 - Logged 626 historical predictions for BBCA.JK
2025-12-13 17:09:32.801 | INFO     | src.models.xgboost_model:train:18 - Training XGBoost model with 2502 samples
2025-12-13 17:09:33.757 | INFO     | __main__:run_pipeline:263 - XGBoost Results - MSE: 3.686152993924013e-05, RMSE: 0.00607136969218974, MAE: 0.004234300094103093
2025-12-13 17:09:33.761 | INFO     | src.models.xgboost_model:save:28 - XGBoost model saved to data/models/BBCA.JK_15m_xgb.joblib
2025-12-13 17:09:33.765 | INFO     | __main__:<module>:302 - --- Training BBRI.JK [1d] ---
2025-12-13 17:09:33.766 | INFO     | __main__:run_pipeline:26 - Starting pipeline for BBRI.JK (1d)
2025-12-13 17:09:33.766 | INFO     | src.data_collection.stock_collector:fetch_history:49 - Fetching 730 days of history for BBRI.JK with interval 1d
2025-12-13 17:09:34.010 | INFO     | src.data_collection.news_collector:fetch_news:53 - Fetching Google News RSS for: BBRI
2025-12-13 17:09:35.022 | INFO     | src.data_collection.news_collector:fetch_news:62 - Found 100 articles
2025-12-13 17:09:35.028 | INFO     | src.data_collection.news_collector:fetch_news:109 - Saved 10 new articles from Google News
2025-12-13 17:09:35.162 | INFO     | src.data_collection.stock_collector:fetch_history:130 - Successfully updated 729 1d records for BBRI.JK
2025-12-13 17:09:35.555 | INFO     | src.models.lstm_model:train:40 - Training LSTM model with 408 samples
2025-12-13 17:09:39.170 | INFO     | __main__:run_pipeline:145 - LSTM Results - MSE: 0.0032795384067101046, RMSE: 0.05726725422708954, MAE: 0.07409010517845871
2025-12-13 17:09:39.203 | INFO     | src.models.lstm_model:save:57 - Model saved to data/models/BBRI.JK_1d_lstm.h5
2025-12-13 17:09:39.269 | INFO     | __main__:run_pipeline:227 - Logged 103 historical predictions for BBRI.JK
2025-12-13 17:09:39.273 | INFO     | src.models.xgboost_model:train:18 - Training XGBoost model with 408 samples
2025-12-13 17:09:40.903 | INFO     | __main__:run_pipeline:263 - XGBoost Results - MSE: 0.003090644800029466, RMSE: 0.055593567973547676, MAE: 0.04549660549080754
2025-12-13 17:09:40.906 | INFO     | src.models.xgboost_model:save:28 - XGBoost model saved to data/models/BBRI.JK_1d_xgb.joblib
2025-12-13 17:09:40.909 | INFO     | __main__:<module>:302 - --- Training BBRI.JK [1h] ---
2025-12-13 17:09:40.910 | INFO     | __main__:run_pipeline:26 - Starting pipeline for BBRI.JK (1h)
2025-12-13 17:09:40.910 | INFO     | src.data_collection.stock_collector:fetch_history:49 - Fetching 730 days of history for BBRI.JK with interval 1h
2025-12-13 17:09:41.900 | INFO     | src.data_collection.stock_collector:fetch_history:130 - Successfully updated 4853 1h records for BBRI.JK
2025-12-13 17:09:42.155 | INFO     | src.models.lstm_model:train:40 - Training LSTM model with 3898 samples
2025-12-13 17:09:53.536 | INFO     | src.training.trainer:run_pipeline:26 - Starting pipeline for BBRI.JK (1d)
2025-12-13 17:09:53.537 | INFO     | src.data_collection.stock_collector:fetch_history:49 - Fetching 730 days of history for BBRI.JK with interval 1d
2025-12-13 17:09:53.781 | INFO     | src.data_collection.news_collector:fetch_news:53 - Fetching Google News RSS for: BBRI
2025-12-13 17:09:54.243 | INFO     | src.data_collection.news_collector:fetch_news:62 - Found 100 articles
2025-12-13 17:09:54.253 | INFO     | src.data_collection.news_collector:fetch_news:109 - Saved 10 new articles from Google News
2025-12-13 17:09:54.363 | INFO     | src.data_collection.stock_collector:fetch_history:130 - Successfully updated 729 1d records for BBRI.JK
2025-12-13 17:09:54.557 | INFO     | src.models.lstm_model:train:40 - Training LSTM model with 416 samples
2025-12-13 17:09:55.784 | INFO     | __main__:run_pipeline:145 - LSTM Results - MSE: 0.002156027830825033, RMSE: 0.04643304675363262, MAE: 0.06793436873834109
2025-12-13 17:09:55.837 | INFO     | src.models.lstm_model:save:57 - Model saved to data/models/BBRI.JK_1h_lstm.h5
2025-12-13 17:09:56.235 | INFO     | __main__:run_pipeline:227 - Logged 975 historical predictions for BBRI.JK
2025-12-13 17:09:56.239 | INFO     | src.models.xgboost_model:train:18 - Training XGBoost model with 3898 samples
2025-12-13 17:09:59.128 | INFO     | src.training.trainer:run_pipeline:145 - LSTM Results - MSE: 0.002349261454942895, RMSE: 0.048469180464939726, MAE: 0.05122229444594301
2025-12-13 17:09:59.177 | INFO     | src.models.lstm_model:save:57 - Model saved to data/models/BBRI.JK_1d_lstm.h5
2025-12-13 17:09:59.248 | INFO     | src.training.trainer:run_pipeline:227 - Logged 104 historical predictions for BBRI.JK
2025-12-13 17:09:59.253 | INFO     | src.models.xgboost_model:train:18 - Training XGBoost model with 416 samples
2025-12-13 17:09:59.317 | INFO     | __main__:run_pipeline:263 - XGBoost Results - MSE: 0.00030486643438433877, RMSE: 0.017460424805380275, MAE: 0.012156000637251968
2025-12-13 17:09:59.325 | INFO     | src.models.xgboost_model:save:28 - XGBoost model saved to data/models/BBRI.JK_1h_xgb.joblib
2025-12-13 17:09:59.346 | INFO     | __main__:<module>:302 - --- Training BBRI.JK [15m] ---
2025-12-13 17:09:59.349 | INFO     | __main__:run_pipeline:26 - Starting pipeline for BBRI.JK (15m)
2025-12-13 17:09:59.349 | INFO     | src.data_collection.stock_collector:fetch_history:49 - Fetching 730 days of history for BBRI.JK with interval 15m
2025-12-13 17:09:59.865 | INFO     | src.data_collection.stock_collector:fetch_history:130 - Successfully updated 1177 15m records for BBRI.JK
2025-12-13 17:10:00.230 | INFO     | src.models.lstm_model:train:40 - Training LSTM model with 1617 samples
2025-12-13 17:10:02.541 | INFO     | src.training.trainer:run_pipeline:263 - XGBoost Results - MSE: 0.002784759132511411, RMSE: 0.052770817053665285, MAE: 0.044828818348724535
2025-12-13 17:10:02.549 | INFO     | src.models.xgboost_model:save:28 - XGBoost model saved to data/models/BBRI.JK_1d_xgb.joblib
2025-12-13 17:10:08.417 | INFO     | __main__:run_pipeline:145 - LSTM Results - MSE: 0.00013733588455228253, RMSE: 0.011719039403990522, MAE: 0.020228251114334118
2025-12-13 17:10:08.443 | INFO     | src.models.lstm_model:save:57 - Model saved to data/models/BBRI.JK_15m_lstm.h5
2025-12-13 17:10:08.548 | INFO     | __main__:run_pipeline:227 - Logged 405 historical predictions for BBRI.JK
2025-12-13 17:10:08.550 | INFO     | src.models.xgboost_model:train:18 - Training XGBoost model with 1617 samples
2025-12-13 17:10:09.605 | INFO     | __main__:run_pipeline:263 - XGBoost Results - MSE: 0.0003695618659219343, RMSE: 0.019223991935129765, MAE: 0.015732406628234087
2025-12-13 17:10:09.615 | INFO     | src.models.xgboost_model:save:28 - XGBoost model saved to data/models/BBRI.JK_15m_xgb.joblib
2025-12-13 17:10:09.621 | INFO     | __main__:<module>:302 - --- Training TLKM.JK [1d] ---
2025-12-13 17:10:09.622 | INFO     | __main__:run_pipeline:26 - Starting pipeline for TLKM.JK (1d)
2025-12-13 17:10:09.622 | INFO     | src.data_collection.stock_collector:fetch_history:49 - Fetching 730 days of history for TLKM.JK with interval 1d
2025-12-13 17:10:09.884 | INFO     | src.data_collection.news_collector:fetch_news:53 - Fetching Google News RSS for: TLKM
2025-12-13 17:10:11.114 | INFO     | src.data_collection.news_collector:fetch_news:62 - Found 100 articles
2025-12-13 17:10:11.119 | INFO     | src.data_collection.news_collector:fetch_news:109 - Saved 10 new articles from Google News
2025-12-13 17:10:11.226 | INFO     | src.data_collection.stock_collector:fetch_history:130 - Successfully updated 729 1d records for TLKM.JK
2025-12-13 17:10:11.518 | INFO     | src.models.lstm_model:train:40 - Training LSTM model with 401 samples
2025-12-13 17:10:14.132 | INFO     | __main__:run_pipeline:145 - LSTM Results - MSE: 0.009295922030245448, RMSE: 0.09641536200339368, MAE: 0.1575788774723106
2025-12-13 17:10:14.155 | INFO     | src.models.lstm_model:save:57 - Model saved to data/models/TLKM.JK_1d_lstm.h5
2025-12-13 17:10:14.206 | INFO     | __main__:run_pipeline:227 - Logged 101 historical predictions for TLKM.JK
2025-12-13 17:10:14.208 | INFO     | src.models.xgboost_model:train:18 - Training XGBoost model with 401 samples
2025-12-13 17:10:16.021 | INFO     | __main__:run_pipeline:263 - XGBoost Results - MSE: 0.0105084375463584, RMSE: 0.10251067040244347, MAE: 0.08662139450751805
2025-12-13 17:10:16.027 | INFO     | src.models.xgboost_model:save:28 - XGBoost model saved to data/models/TLKM.JK_1d_xgb.joblib
2025-12-13 17:10:16.034 | INFO     | __main__:<module>:302 - --- Training TLKM.JK [1h] ---
2025-12-13 17:10:16.035 | INFO     | __main__:run_pipeline:26 - Starting pipeline for TLKM.JK (1h)
2025-12-13 17:10:16.035 | INFO     | src.data_collection.stock_collector:fetch_history:49 - Fetching 730 days of history for TLKM.JK with interval 1h
2025-12-13 17:10:17.095 | INFO     | src.data_collection.stock_collector:fetch_history:130 - Successfully updated 4846 1h records for TLKM.JK
2025-12-13 17:10:17.473 | INFO     | src.models.lstm_model:train:40 - Training LSTM model with 3845 samples
2025-12-13 17:10:29.766 | INFO     | __main__:run_pipeline:145 - LSTM Results - MSE: 0.0023305150841964467, RMSE: 0.04827540869010274, MAE: 0.15390788383707882
2025-12-13 17:10:29.809 | INFO     | src.models.lstm_model:save:57 - Model saved to data/models/TLKM.JK_1h_lstm.h5
2025-12-13 17:10:30.136 | INFO     | __main__:run_pipeline:227 - Logged 962 historical predictions for TLKM.JK
2025-12-13 17:10:30.137 | INFO     | src.models.xgboost_model:train:18 - Training XGBoost model with 3845 samples
2025-12-13 17:10:32.176 | INFO     | __main__:run_pipeline:263 - XGBoost Results - MSE: 0.00044815924057381413, RMSE: 0.021169771859276473, MAE: 0.013852935051582081
2025-12-13 17:10:32.180 | INFO     | src.models.xgboost_model:save:28 - XGBoost model saved to data/models/TLKM.JK_1h_xgb.joblib
2025-12-13 17:10:32.211 | INFO     | __main__:<module>:302 - --- Training TLKM.JK [15m] ---
2025-12-13 17:10:32.213 | INFO     | __main__:run_pipeline:26 - Starting pipeline for TLKM.JK (15m)
2025-12-13 17:10:32.213 | INFO     | src.data_collection.stock_collector:fetch_history:49 - Fetching 730 days of history for TLKM.JK with interval 15m
2025-12-13 17:10:32.660 | INFO     | src.data_collection.stock_collector:fetch_history:130 - Successfully updated 1177 15m records for TLKM.JK
2025-12-13 17:10:32.938 | INFO     | src.models.lstm_model:train:40 - Training LSTM model with 1235 samples
2025-12-13 17:10:37.780 | INFO     | __main__:run_pipeline:145 - LSTM Results - MSE: 0.0010903306944580458, RMSE: 0.03302015588179508, MAE: 0.04857817452687531
2025-12-13 17:10:37.817 | INFO     | src.models.lstm_model:save:57 - Model saved to data/models/TLKM.JK_15m_lstm.h5
2025-12-13 17:10:37.904 | INFO     | __main__:run_pipeline:227 - Logged 309 historical predictions for TLKM.JK
2025-12-13 17:10:37.905 | INFO     | src.models.xgboost_model:train:18 - Training XGBoost model with 1235 samples
2025-12-13 17:10:39.108 | INFO     | __main__:run_pipeline:263 - XGBoost Results - MSE: 0.000520214212907771, RMSE: 0.02280820494707488, MAE: 0.018782683579134377
2025-12-13 17:10:39.112 | INFO     | src.models.xgboost_model:save:28 - XGBoost model saved to data/models/TLKM.JK_15m_xgb.joblib
2025-12-13 17:10:39.129 | INFO     | __main__:<module>:302 - --- Training ASII.JK [1d] ---
2025-12-13 17:10:39.130 | INFO     | __main__:run_pipeline:26 - Starting pipeline for ASII.JK (1d)
2025-12-13 17:10:39.130 | INFO     | src.data_collection.stock_collector:fetch_history:49 - Fetching 730 days of history for ASII.JK with interval 1d
2025-12-13 17:10:39.401 | INFO     | src.data_collection.news_collector:fetch_news:53 - Fetching Google News RSS for: ASII
2025-12-13 17:10:40.411 | INFO     | src.data_collection.news_collector:fetch_news:62 - Found 100 articles
2025-12-13 17:10:40.425 | INFO     | src.data_collection.news_collector:fetch_news:109 - Saved 10 new articles from Google News
2025-12-13 17:10:40.588 | INFO     | src.data_collection.stock_collector:fetch_history:130 - Successfully updated 729 1d records for ASII.JK
2025-12-13 17:10:40.934 | INFO     | src.models.lstm_model:train:40 - Training LSTM model with 398 samples
2025-12-13 17:10:44.050 | INFO     | __main__:run_pipeline:145 - LSTM Results - MSE: 0.02058991625307489, RMSE: 0.14349186824721075, MAE: 0.17716320826302154
2025-12-13 17:10:44.082 | INFO     | src.models.lstm_model:save:57 - Model saved to data/models/ASII.JK_1d_lstm.h5
2025-12-13 17:10:44.177 | INFO     | __main__:run_pipeline:227 - Logged 100 historical predictions for ASII.JK
2025-12-13 17:10:44.182 | INFO     | src.models.xgboost_model:train:18 - Training XGBoost model with 398 samples
2025-12-13 17:10:45.461 | INFO     | __main__:run_pipeline:263 - XGBoost Results - MSE: 0.09041267264339448, RMSE: 0.3006870011214227, MAE: 0.2716100825943333
2025-12-13 17:10:45.466 | INFO     | src.models.xgboost_model:save:28 - XGBoost model saved to data/models/ASII.JK_1d_xgb.joblib
2025-12-13 17:10:45.480 | INFO     | __main__:<module>:302 - --- Training ASII.JK [1h] ---
2025-12-13 17:10:45.481 | INFO     | __main__:run_pipeline:26 - Starting pipeline for ASII.JK (1h)
2025-12-13 17:10:45.481 | INFO     | src.data_collection.stock_collector:fetch_history:49 - Fetching 730 days of history for ASII.JK with interval 1h
2025-12-13 17:10:46.476 | INFO     | src.data_collection.stock_collector:fetch_history:130 - Successfully updated 4843 1h records for ASII.JK
2025-12-13 17:10:46.771 | INFO     | src.models.lstm_model:train:40 - Training LSTM model with 3824 samples
2025-12-13 17:11:01.004 | INFO     | __main__:run_pipeline:145 - LSTM Results - MSE: 0.0022100596350410986, RMSE: 0.04701127136167558, MAE: 0.28662238448817257
2025-12-13 17:11:01.036 | INFO     | src.models.lstm_model:save:57 - Model saved to data/models/ASII.JK_1h_lstm.h5
2025-12-13 17:11:01.347 | INFO     | __main__:run_pipeline:227 - Logged 956 historical predictions for ASII.JK
2025-12-13 17:11:01.349 | INFO     | src.models.xgboost_model:train:18 - Training XGBoost model with 3824 samples
2025-12-13 17:11:03.608 | INFO     | __main__:run_pipeline:263 - XGBoost Results - MSE: 0.0006482219954049119, RMSE: 0.02546020415088834, MAE: 0.017490605068927922
2025-12-13 17:11:03.612 | INFO     | src.models.xgboost_model:save:28 - XGBoost model saved to data/models/ASII.JK_1h_xgb.joblib
2025-12-13 17:11:03.628 | INFO     | __main__:<module>:302 - --- Training ASII.JK [15m] ---
2025-12-13 17:11:03.629 | INFO     | __main__:run_pipeline:26 - Starting pipeline for ASII.JK (15m)
2025-12-13 17:11:03.629 | INFO     | src.data_collection.stock_collector:fetch_history:49 - Fetching 730 days of history for ASII.JK with interval 15m
2025-12-13 17:11:04.076 | INFO     | src.data_collection.stock_collector:fetch_history:130 - Successfully updated 1177 15m records for ASII.JK
2025-12-13 17:11:04.328 | INFO     | src.models.lstm_model:train:40 - Training LSTM model with 1142 samples
2025-12-13 17:11:09.327 | INFO     | __main__:run_pipeline:145 - LSTM Results - MSE: 0.00309309326008538, RMSE: 0.055615584687076516, MAE: 0.07976116574664475
2025-12-13 17:11:09.353 | INFO     | src.models.lstm_model:save:57 - Model saved to data/models/ASII.JK_15m_lstm.h5
2025-12-13 17:11:09.455 | INFO     | __main__:run_pipeline:227 - Logged 286 historical predictions for ASII.JK
2025-12-13 17:11:09.456 | INFO     | src.models.xgboost_model:train:18 - Training XGBoost model with 1142 samples
2025-12-13 17:11:10.684 | INFO     | __main__:run_pipeline:263 - XGBoost Results - MSE: 0.004971613318759244, RMSE: 0.07050966826442488, MAE: 0.0498271677599643
2025-12-13 17:11:10.687 | INFO     | src.models.xgboost_model:save:28 - XGBoost model saved to data/models/ASII.JK_15m_xgb.joblib
2025-12-13 17:11:10.707 | INFO     | __main__:<module>:302 - --- Training UNVR.JK [1d] ---
2025-12-13 17:11:10.709 | INFO     | __main__:run_pipeline:26 - Starting pipeline for UNVR.JK (1d)
2025-12-13 17:11:10.710 | INFO     | src.data_collection.stock_collector:fetch_history:49 - Fetching 730 days of history for UNVR.JK with interval 1d
2025-12-13 17:11:10.950 | INFO     | src.data_collection.news_collector:fetch_news:53 - Fetching Google News RSS for: UNVR
2025-12-13 17:11:12.039 | INFO     | src.data_collection.news_collector:fetch_news:62 - Found 100 articles
2025-12-13 17:11:12.044 | INFO     | src.data_collection.news_collector:fetch_news:109 - Saved 10 new articles from Google News
2025-12-13 17:11:12.171 | INFO     | src.data_collection.stock_collector:fetch_history:130 - Successfully updated 729 1d records for UNVR.JK
2025-12-13 17:11:12.429 | INFO     | src.models.lstm_model:train:40 - Training LSTM model with 396 samples
2025-12-13 17:11:15.115 | INFO     | __main__:run_pipeline:145 - LSTM Results - MSE: 0.004606247697788082, RMSE: 0.06786934284187583, MAE: 0.16997414832376798
2025-12-13 17:11:15.143 | INFO     | src.models.lstm_model:save:57 - Model saved to data/models/UNVR.JK_1d_lstm.h5
2025-12-13 17:11:15.196 | INFO     | __main__:run_pipeline:227 - Logged 99 historical predictions for UNVR.JK
2025-12-13 17:11:15.198 | INFO     | src.models.xgboost_model:train:18 - Training XGBoost model with 396 samples
2025-12-13 17:11:16.799 | INFO     | __main__:run_pipeline:263 - XGBoost Results - MSE: 0.04480893898942884, RMSE: 0.21168122020960867, MAE: 0.16699383773715076
2025-12-13 17:11:16.803 | INFO     | src.models.xgboost_model:save:28 - XGBoost model saved to data/models/UNVR.JK_1d_xgb.joblib
2025-12-13 17:11:16.816 | INFO     | __main__:<module>:302 - --- Training UNVR.JK [1h] ---
2025-12-13 17:11:16.818 | INFO     | __main__:run_pipeline:26 - Starting pipeline for UNVR.JK (1h)
2025-12-13 17:11:16.818 | INFO     | src.data_collection.stock_collector:fetch_history:49 - Fetching 730 days of history for UNVR.JK with interval 1h
2025-12-13 17:11:17.900 | INFO     | src.data_collection.stock_collector:fetch_history:130 - Successfully updated 4844 1h records for UNVR.JK
2025-12-13 17:11:18.230 | INFO     | src.models.lstm_model:train:40 - Training LSTM model with 3802 samples
2025-12-13 17:11:32.260 | INFO     | __main__:run_pipeline:145 - LSTM Results - MSE: 0.0008836012545105595, RMSE: 0.029725431107228025, MAE: 0.12772916808062887
2025-12-13 17:11:32.298 | INFO     | src.models.lstm_model:save:57 - Model saved to data/models/UNVR.JK_1h_lstm.h5
2025-12-13 17:11:32.615 | INFO     | __main__:run_pipeline:227 - Logged 951 historical predictions for UNVR.JK
2025-12-13 17:11:32.616 | INFO     | src.models.xgboost_model:train:18 - Training XGBoost model with 3802 samples
2025-12-13 17:11:35.212 | INFO     | __main__:run_pipeline:263 - XGBoost Results - MSE: 0.00011820569504997764, RMSE: 0.010872244250842492, MAE: 0.006499644658738053
2025-12-13 17:11:35.215 | INFO     | src.models.xgboost_model:save:28 - XGBoost model saved to data/models/UNVR.JK_1h_xgb.joblib
2025-12-13 17:11:35.235 | INFO     | __main__:<module>:302 - --- Training UNVR.JK [15m] ---
2025-12-13 17:11:35.236 | INFO     | __main__:run_pipeline:26 - Starting pipeline for UNVR.JK (15m)
2025-12-13 17:11:35.236 | INFO     | src.data_collection.stock_collector:fetch_history:49 - Fetching 730 days of history for UNVR.JK with interval 15m
2025-12-13 17:11:35.648 | INFO     | src.data_collection.stock_collector:fetch_history:130 - Successfully updated 1177 15m records for UNVR.JK
2025-12-13 17:11:36.003 | INFO     | src.models.lstm_model:train:40 - Training LSTM model with 1115 samples
2025-12-13 17:11:42.112 | INFO     | __main__:run_pipeline:145 - LSTM Results - MSE: 0.00040057605513809703, RMSE: 0.020014396197190087, MAE: 0.04480598334733242
2025-12-13 17:11:42.142 | INFO     | src.models.lstm_model:save:57 - Model saved to data/models/UNVR.JK_15m_lstm.h5
2025-12-13 17:11:42.227 | INFO     | __main__:run_pipeline:227 - Logged 279 historical predictions for UNVR.JK
2025-12-13 17:11:42.229 | INFO     | src.models.xgboost_model:train:18 - Training XGBoost model with 1115 samples
2025-12-13 17:11:43.448 | INFO     | __main__:run_pipeline:263 - XGBoost Results - MSE: 0.0001349916400362877, RMSE: 0.011618590277494413, MAE: 0.008363700498691638
2025-12-13 17:11:43.452 | INFO     | src.models.xgboost_model:save:28 - XGBoost model saved to data/models/UNVR.JK_15m_xgb.joblib
2025-12-13 17:11:43.464 | INFO     | __main__:<module>:308 - Cycle completed. Sleeping for 1 hour...
2025-12-13 17:35:29.730 | INFO     | src.training.trainer:run_pipeline:26 - Starting pipeline for BBCA.JK (1d)
2025-12-13 17:35:29.734 | INFO     | src.data_collection.stock_collector:fetch_history:49 - Fetching 730 days of history for BBCA.JK with interval 1d
2025-12-13 17:35:30.945 | INFO     | src.data_collection.news_collector:fetch_news:53 - Fetching Google News RSS for: BBCA
2025-12-13 17:35:31.972 | INFO     | src.data_collection.news_collector:fetch_news:62 - Found 100 articles
2025-12-13 17:35:31.993 | INFO     | src.data_collection.news_collector:fetch_news:109 - Saved 10 new articles from Google News
2025-12-13 17:35:32.127 | INFO     | src.data_collection.stock_collector:fetch_history:130 - Successfully updated 729 1d records for BBCA.JK
2025-12-13 17:35:32.305 | INFO     | src.models.lstm_model:train:40 - Training LSTM model with 467 samples
2025-12-13 17:35:35.805 | INFO     | src.training.trainer:run_pipeline:145 - LSTM Results - MSE: 0.00039208003248820825, RMSE: 0.019801010895613595, MAE: 0.02140395470016187
2025-12-13 17:35:35.892 | INFO     | src.models.lstm_model:save:57 - Model saved to data/models/BBCA.JK_1d_lstm.h5
2025-12-13 17:35:35.916 | INFO     | src.training.trainer:run_pipeline:227 - Logged 117 historical predictions for BBCA.JK
2025-12-13 17:35:35.920 | INFO     | src.models.xgboost_model:train:18 - Training XGBoost model with 467 samples
2025-12-13 17:35:38.082 | INFO     | src.training.trainer:run_pipeline:263 - XGBoost Results - MSE: 0.010881373159709998, RMSE: 0.10431382055945415, MAE: 0.10123843517170926
2025-12-13 17:35:38.085 | INFO     | src.models.xgboost_model:save:28 - XGBoost model saved to data/models/BBCA.JK_1d_xgb.joblib
2025-12-13 17:46:49.199 | ERROR    | src.api.main:get_signals:347 - Error fetching signals: (psycopg2.errors.SyntaxError) syntax error at or near ":"
LINE 11: ...ion_date >= '2025-12-06' AND p.prediction_date < (:end_date:...
                                                              ^

[SQL: 
            SELECT 
                p.prediction_date, p.target_date, 
                p.predicted_direction, p.predicted_change_pct,
                pr.actual_direction, pr.actual_change_pct, pr.is_correct,
                p.predicted_price, pr.actual_price
            FROM predictions p
            LEFT JOIN prediction_results pr ON pr.prediction_id = p.id
            JOIN stocks s ON s.id = p.stock_id
            WHERE s.symbol = %(symbol)s AND p.interval = %(interval)s
         AND p.prediction_date >= %(start_date)s AND p.prediction_date < (:end_date::date + INTERVAL '1 day') ORDER BY p.prediction_date DESC LIMIT %(limit)s]
[parameters: {'symbol': 'BBCA.JK', 'interval': '1d', 'start_date': '2025-12-06', 'limit': 100}]
(Background on this error at: https://sqlalche.me/e/20/f405)
2025-12-13 17:46:55.699 | ERROR    | src.api.main:get_signals:347 - Error fetching signals: (psycopg2.errors.SyntaxError) syntax error at or near ":"
LINE 11: ...ion_date >= '2025-12-12' AND p.prediction_date < (:end_date:...
                                                              ^

[SQL: 
            SELECT 
                p.prediction_date, p.target_date, 
                p.predicted_direction, p.predicted_change_pct,
                pr.actual_direction, pr.actual_change_pct, pr.is_correct,
                p.predicted_price, pr.actual_price
            FROM predictions p
            LEFT JOIN prediction_results pr ON pr.prediction_id = p.id
            JOIN stocks s ON s.id = p.stock_id
            WHERE s.symbol = %(symbol)s AND p.interval = %(interval)s
         AND p.prediction_date >= %(start_date)s AND p.prediction_date < (:end_date::date + INTERVAL '1 day') ORDER BY p.prediction_date DESC LIMIT %(limit)s]
[parameters: {'symbol': 'BBCA.JK', 'interval': '1h', 'start_date': '2025-12-12', 'limit': 100}]
(Background on this error at: https://sqlalche.me/e/20/f405)
2025-12-13 17:47:33.169 | ERROR    | src.api.main:get_signals:347 - Error fetching signals: (psycopg2.errors.SyntaxError) syntax error at or near ":"
LINE 11: ...ion_date >= '2025-12-12' AND p.prediction_date < (:end_date:...
                                                              ^

[SQL: 
            SELECT 
                p.prediction_date, p.target_date, 
                p.predicted_direction, p.predicted_change_pct,
                pr.actual_direction, pr.actual_change_pct, pr.is_correct,
                p.predicted_price, pr.actual_price
            FROM predictions p
            LEFT JOIN prediction_results pr ON pr.prediction_id = p.id
            JOIN stocks s ON s.id = p.stock_id
            WHERE s.symbol = %(symbol)s AND p.interval = %(interval)s
         AND p.prediction_date >= %(start_date)s AND p.prediction_date < (:end_date::date + INTERVAL '1 day') ORDER BY p.prediction_date DESC LIMIT %(limit)s]
[parameters: {'symbol': 'BBCA.JK', 'interval': '1h', 'start_date': '2025-12-12', 'limit': 100}]
(Background on this error at: https://sqlalche.me/e/20/f405)
2025-12-13 17:47:36.251 | ERROR    | src.api.main:get_winrate:393 - Error fetching winrate: (psycopg2.errors.SyntaxError) syntax error at or near ":"
LINE 9: ...ion_date >= '2025-12-12' AND p.prediction_date < (:end_date:...
                                                             ^

[SQL: 
            SELECT 
                COUNT(*) as total,
                SUM(CASE WHEN is_correct THEN 1 ELSE 0 END) as wins
            FROM prediction_results pr
            JOIN predictions p ON p.id = pr.prediction_id
            JOIN stocks s ON s.id = p.stock_id
            WHERE s.symbol = %(symbol)s AND p.interval = %(interval)s
         AND p.prediction_date >= %(start_date)s AND p.prediction_date < (:end_date::date + INTERVAL '1 day')]
[parameters: {'symbol': 'BBCA.JK', 'interval': '1h', 'start_date': '2025-12-12'}]
(Background on this error at: https://sqlalche.me/e/20/f405)
2025-12-13 17:48:25.435 | ERROR    | src.api.main:get_signals:347 - Error fetching signals: (psycopg2.errors.SyntaxError) syntax error at or near ":"
LINE 11: ...ion_date >= '2025-12-12' AND p.prediction_date < (:end_date:...
                                                              ^

[SQL: 
            SELECT 
                p.prediction_date, p.target_date, 
                p.predicted_direction, p.predicted_change_pct,
                pr.actual_direction, pr.actual_change_pct, pr.is_correct,
                p.predicted_price, pr.actual_price
            FROM predictions p
            LEFT JOIN prediction_results pr ON pr.prediction_id = p.id
            JOIN stocks s ON s.id = p.stock_id
            WHERE s.symbol = %(symbol)s AND p.interval = %(interval)s
         AND p.prediction_date >= %(start_date)s AND p.prediction_date < (:end_date::date + INTERVAL '1 day') ORDER BY p.prediction_date DESC LIMIT %(limit)s]
[parameters: {'symbol': 'BBCA.JK', 'interval': '1h', 'start_date': '2025-12-12', 'limit': 100}]
(Background on this error at: https://sqlalche.me/e/20/f405)
2025-12-13 17:51:46.746 | INFO     | src.training.trainer:run_pipeline:26 - Starting pipeline for BBCA.JK (1d)
2025-12-13 17:51:46.747 | INFO     | src.data_collection.stock_collector:fetch_history:49 - Fetching 730 days of history for BBCA.JK with interval 1d
2025-12-13 17:51:48.001 | INFO     | src.data_collection.news_collector:fetch_news:53 - Fetching Google News RSS for: BBCA
2025-12-13 17:51:49.010 | INFO     | src.data_collection.news_collector:fetch_news:62 - Found 100 articles
2025-12-13 17:51:49.028 | INFO     | src.data_collection.news_collector:fetch_news:109 - Saved 10 new articles from Google News
2025-12-13 17:51:49.415 | INFO     | src.data_collection.stock_collector:fetch_history:130 - Successfully updated 729 1d records for BBCA.JK
2025-12-13 17:51:50.414 | INFO     | src.models.lstm_model:train:40 - Training LSTM model with 475 samples
2025-12-13 17:51:53.637 | INFO     | src.training.trainer:run_pipeline:145 - LSTM Results - MSE: 0.0006578390346454253, RMSE: 0.025648372943432987, MAE: 0.025898596614861515
2025-12-13 17:51:53.669 | INFO     | src.models.lstm_model:save:57 - Model saved to data/models/BBCA.JK_1d_lstm.h5
2025-12-13 17:51:53.706 | INFO     | src.training.trainer:run_pipeline:227 - Logged 119 historical predictions for BBCA.JK
2025-12-13 17:51:53.713 | INFO     | src.models.xgboost_model:train:18 - Training XGBoost model with 475 samples
2025-12-13 17:51:55.950 | INFO     | src.training.trainer:run_pipeline:263 - XGBoost Results - MSE: 0.00026930507629621545, RMSE: 0.016410517246455564, MAE: 0.012700820589289832
2025-12-13 17:51:55.955 | INFO     | src.models.xgboost_model:save:28 - XGBoost model saved to data/models/BBCA.JK_1d_xgb.joblib
2025-12-13 18:11:43.404 | INFO     | __main__:<module>:302 - --- Training BBCA.JK [1d] ---
2025-12-13 18:11:43.612 | INFO     | __main__:run_pipeline:26 - Starting pipeline for BBCA.JK (1d)
2025-12-13 18:11:43.619 | INFO     | src.data_collection.stock_collector:fetch_history:49 - Fetching 730 days of history for BBCA.JK with interval 1d
2025-12-13 18:11:45.549 | INFO     | src.data_collection.news_collector:fetch_news:53 - Fetching Google News RSS for: BBCA
2025-12-13 18:11:46.729 | INFO     | src.data_collection.news_collector:fetch_news:62 - Found 100 articles
2025-12-13 18:11:46.752 | INFO     | src.data_collection.news_collector:fetch_news:109 - Saved 10 new articles from Google News
2025-12-13 18:11:46.894 | INFO     | src.data_collection.stock_collector:fetch_history:130 - Successfully updated 729 1d records for BBCA.JK
2025-12-13 18:11:52.763 | INFO     | src.models.lstm_model:train:40 - Training LSTM model with 482 samples
2025-12-13 18:11:57.720 | INFO     | __main__:run_pipeline:145 - LSTM Results - MSE: 0.00227794486818203, RMSE: 0.04772782069382626, MAE: 0.047394532764897516
2025-12-13 18:11:57.898 | INFO     | src.models.lstm_model:save:57 - Model saved to data/models/BBCA.JK_1d_lstm.h5
2025-12-13 18:11:57.963 | INFO     | __main__:run_pipeline:227 - Logged 121 historical predictions for BBCA.JK
2025-12-13 18:11:57.971 | INFO     | src.models.xgboost_model:train:18 - Training XGBoost model with 482 samples
2025-12-13 18:12:00.472 | INFO     | __main__:run_pipeline:263 - XGBoost Results - MSE: 0.0008285968174319605, RMSE: 0.028785357691575773, MAE: 0.025577370192533897
2025-12-13 18:12:00.487 | INFO     | src.models.xgboost_model:save:28 - XGBoost model saved to data/models/BBCA.JK_1d_xgb.joblib
2025-12-13 18:12:00.507 | INFO     | __main__:<module>:302 - --- Training BBCA.JK [1h] ---
2025-12-13 18:12:00.508 | INFO     | __main__:run_pipeline:26 - Starting pipeline for BBCA.JK (1h)
2025-12-13 18:12:00.509 | INFO     | src.data_collection.stock_collector:fetch_history:49 - Fetching 730 days of history for BBCA.JK with interval 1h
2025-12-13 18:12:01.474 | INFO     | src.data_collection.stock_collector:fetch_history:130 - Successfully updated 4852 1h records for BBCA.JK
2025-12-13 18:12:01.872 | INFO     | src.models.lstm_model:train:40 - Training LSTM model with 4371 samples
2025-12-13 18:12:16.267 | INFO     | __main__:run_pipeline:145 - LSTM Results - MSE: 0.0026043369004761486, RMSE: 0.05103270422460629, MAE: 0.06119556339228356
2025-12-13 18:12:16.297 | INFO     | src.models.lstm_model:save:57 - Model saved to data/models/BBCA.JK_1h_lstm.h5
2025-12-13 18:12:16.567 | INFO     | __main__:run_pipeline:227 - Logged 1093 historical predictions for BBCA.JK
2025-12-13 18:12:16.577 | INFO     | src.models.xgboost_model:train:18 - Training XGBoost model with 4371 samples
2025-12-13 18:12:19.400 | INFO     | __main__:run_pipeline:263 - XGBoost Results - MSE: 0.000181271869918573, RMSE: 0.013463724221721603, MAE: 0.010515417099759576
2025-12-13 18:12:19.408 | INFO     | src.models.xgboost_model:save:28 - XGBoost model saved to data/models/BBCA.JK_1h_xgb.joblib
2025-12-13 18:12:19.444 | INFO     | __main__:<module>:302 - --- Training BBCA.JK [15m] ---
2025-12-13 18:12:19.445 | INFO     | __main__:run_pipeline:26 - Starting pipeline for BBCA.JK (15m)
2025-12-13 18:12:19.446 | INFO     | src.data_collection.stock_collector:fetch_history:49 - Fetching 730 days of history for BBCA.JK with interval 15m
2025-12-13 18:12:19.874 | INFO     | src.data_collection.stock_collector:fetch_history:130 - Successfully updated 1177 15m records for BBCA.JK
2025-12-13 18:12:20.203 | INFO     | src.models.lstm_model:train:40 - Training LSTM model with 2988 samples
2025-12-13 18:12:34.931 | INFO     | __main__:run_pipeline:145 - LSTM Results - MSE: 0.0006039129568041678, RMSE: 0.024574640522379322, MAE: 0.024490327522473602
2025-12-13 18:12:34.964 | INFO     | src.models.lstm_model:save:57 - Model saved to data/models/BBCA.JK_15m_lstm.h5
2025-12-13 18:12:35.118 | INFO     | __main__:run_pipeline:227 - Logged 747 historical predictions for BBCA.JK
2025-12-13 18:12:35.120 | INFO     | src.models.xgboost_model:train:18 - Training XGBoost model with 2988 samples
2025-12-13 18:12:36.191 | INFO     | __main__:run_pipeline:263 - XGBoost Results - MSE: 1.3866971433099669e-05, RMSE: 0.0037238382662381658, MAE: 0.0019949477662013814
2025-12-13 18:12:36.196 | INFO     | src.models.xgboost_model:save:28 - XGBoost model saved to data/models/BBCA.JK_15m_xgb.joblib
2025-12-13 18:12:36.208 | INFO     | __main__:<module>:302 - --- Training BBRI.JK [1d] ---
2025-12-13 18:12:36.209 | INFO     | __main__:run_pipeline:26 - Starting pipeline for BBRI.JK (1d)
2025-12-13 18:12:36.210 | INFO     | src.data_collection.stock_collector:fetch_history:49 - Fetching 730 days of history for BBRI.JK with interval 1d
2025-12-13 18:12:36.442 | INFO     | src.data_collection.news_collector:fetch_news:53 - Fetching Google News RSS for: BBRI
2025-12-13 18:12:37.611 | INFO     | src.data_collection.news_collector:fetch_news:62 - Found 100 articles
2025-12-13 18:12:37.626 | INFO     | src.data_collection.news_collector:fetch_news:109 - Saved 10 new articles from Google News
2025-12-13 18:12:37.790 | INFO     | src.data_collection.stock_collector:fetch_history:130 - Successfully updated 729 1d records for BBRI.JK
2025-12-13 18:12:38.174 | INFO     | src.models.lstm_model:train:40 - Training LSTM model with 423 samples
2025-12-13 18:12:41.103 | INFO     | __main__:run_pipeline:145 - LSTM Results - MSE: 0.0028620793300538974, RMSE: 0.05349840492999672, MAE: 0.06811624897764065
2025-12-13 18:12:41.131 | INFO     | src.models.lstm_model:save:57 - Model saved to data/models/BBRI.JK_1d_lstm.h5
2025-12-13 18:12:41.171 | INFO     | __main__:run_pipeline:227 - Logged 106 historical predictions for BBRI.JK
2025-12-13 18:12:41.173 | INFO     | src.models.xgboost_model:train:18 - Training XGBoost model with 423 samples
2025-12-13 18:12:43.164 | INFO     | __main__:run_pipeline:263 - XGBoost Results - MSE: 0.005157907495246184, RMSE: 0.07181857346986352, MAE: 0.060473522114893694
2025-12-13 18:12:43.167 | INFO     | src.models.xgboost_model:save:28 - XGBoost model saved to data/models/BBRI.JK_1d_xgb.joblib
2025-12-13 18:12:43.176 | INFO     | __main__:<module>:302 - --- Training BBRI.JK [1h] ---
2025-12-13 18:12:43.177 | INFO     | __main__:run_pipeline:26 - Starting pipeline for BBRI.JK (1h)
2025-12-13 18:12:43.177 | INFO     | src.data_collection.stock_collector:fetch_history:49 - Fetching 730 days of history for BBRI.JK with interval 1h
2025-12-13 18:12:44.148 | INFO     | src.data_collection.stock_collector:fetch_history:130 - Successfully updated 4853 1h records for BBRI.JK
2025-12-13 18:12:44.516 | INFO     | src.models.lstm_model:train:40 - Training LSTM model with 3994 samples
2025-12-13 18:13:03.170 | INFO     | __main__:run_pipeline:145 - LSTM Results - MSE: 0.0018154205518506957, RMSE: 0.04260775225062566, MAE: 0.06925558281595373
2025-12-13 18:13:03.217 | INFO     | src.models.lstm_model:save:57 - Model saved to data/models/BBRI.JK_1h_lstm.h5
2025-12-13 18:13:03.432 | INFO     | __main__:run_pipeline:227 - Logged 999 historical predictions for BBRI.JK
2025-12-13 18:13:03.434 | INFO     | src.models.xgboost_model:train:18 - Training XGBoost model with 3994 samples
2025-12-13 18:13:06.439 | INFO     | __main__:run_pipeline:263 - XGBoost Results - MSE: 0.00023358720506310045, RMSE: 0.01528355996039864, MAE: 0.010251060801986872
2025-12-13 18:13:06.443 | INFO     | src.models.xgboost_model:save:28 - XGBoost model saved to data/models/BBRI.JK_1h_xgb.joblib
2025-12-13 18:13:06.457 | INFO     | __main__:<module>:302 - --- Training BBRI.JK [15m] ---
2025-12-13 18:13:06.458 | INFO     | __main__:run_pipeline:26 - Starting pipeline for BBRI.JK (15m)
2025-12-13 18:13:06.458 | INFO     | src.data_collection.stock_collector:fetch_history:49 - Fetching 730 days of history for BBRI.JK with interval 15m
2025-12-13 18:13:06.874 | INFO     | src.data_collection.stock_collector:fetch_history:130 - Successfully updated 1177 15m records for BBRI.JK
2025-12-13 18:13:07.193 | INFO     | src.models.lstm_model:train:40 - Training LSTM model with 1773 samples
2025-12-13 18:13:14.005 | INFO     | __main__:run_pipeline:145 - LSTM Results - MSE: 0.00011679805608646281, RMSE: 0.010807314934175964, MAE: 0.016620855161209903
2025-12-13 18:13:14.036 | INFO     | src.models.lstm_model:save:57 - Model saved to data/models/BBRI.JK_15m_lstm.h5
2025-12-13 18:13:14.150 | INFO     | __main__:run_pipeline:227 - Logged 444 historical predictions for BBRI.JK
2025-12-13 18:13:14.153 | INFO     | src.models.xgboost_model:train:18 - Training XGBoost model with 1773 samples
2025-12-13 18:13:15.583 | INFO     | __main__:run_pipeline:263 - XGBoost Results - MSE: 0.0006263699588921179, RMSE: 0.0250273841799761, MAE: 0.02137617577606252
2025-12-13 18:13:15.593 | INFO     | src.models.xgboost_model:save:28 - XGBoost model saved to data/models/BBRI.JK_15m_xgb.joblib
2025-12-13 18:13:15.615 | INFO     | __main__:<module>:302 - --- Training TLKM.JK [1d] ---
2025-12-13 18:13:15.616 | INFO     | __main__:run_pipeline:26 - Starting pipeline for TLKM.JK (1d)
2025-12-13 18:13:15.616 | INFO     | src.data_collection.stock_collector:fetch_history:49 - Fetching 730 days of history for TLKM.JK with interval 1d
2025-12-13 18:13:15.889 | INFO     | src.data_collection.news_collector:fetch_news:53 - Fetching Google News RSS for: TLKM
2025-12-13 18:13:16.877 | INFO     | src.data_collection.news_collector:fetch_news:62 - Found 100 articles
2025-12-13 18:13:16.884 | INFO     | src.data_collection.news_collector:fetch_news:109 - Saved 10 new articles from Google News
2025-12-13 18:13:16.993 | INFO     | src.data_collection.stock_collector:fetch_history:130 - Successfully updated 729 1d records for TLKM.JK
2025-12-13 18:13:17.304 | INFO     | src.models.lstm_model:train:40 - Training LSTM model with 408 samples
2025-12-13 18:13:21.665 | INFO     | __main__:run_pipeline:145 - LSTM Results - MSE: 0.009328918757977409, RMSE: 0.09658632800752603, MAE: 0.15274977407296067
2025-12-13 18:13:21.697 | INFO     | src.models.lstm_model:save:57 - Model saved to data/models/TLKM.JK_1d_lstm.h5
2025-12-13 18:13:21.745 | INFO     | __main__:run_pipeline:227 - Logged 102 historical predictions for TLKM.JK
2025-12-13 18:13:21.746 | INFO     | src.models.xgboost_model:train:18 - Training XGBoost model with 408 samples
2025-12-13 18:13:23.972 | INFO     | __main__:run_pipeline:263 - XGBoost Results - MSE: 0.01138401035644167, RMSE: 0.1066958778793336, MAE: 0.0849927196813267
2025-12-13 18:13:23.979 | INFO     | src.models.xgboost_model:save:28 - XGBoost model saved to data/models/TLKM.JK_1d_xgb.joblib
2025-12-13 18:13:24.010 | INFO     | __main__:<module>:302 - --- Training TLKM.JK [1h] ---
2025-12-13 18:13:24.011 | INFO     | __main__:run_pipeline:26 - Starting pipeline for TLKM.JK (1h)
2025-12-13 18:13:24.012 | INFO     | src.data_collection.stock_collector:fetch_history:49 - Fetching 730 days of history for TLKM.JK with interval 1h
2025-12-13 18:13:25.236 | INFO     | src.data_collection.stock_collector:fetch_history:130 - Successfully updated 4846 1h records for TLKM.JK
2025-12-13 18:13:25.956 | INFO     | src.models.lstm_model:train:40 - Training LSTM model with 3888 samples
2025-12-13 18:13:39.879 | INFO     | __main__:run_pipeline:145 - LSTM Results - MSE: 0.0011242006750269518, RMSE: 0.0335291019120249, MAE: 0.14638466736131278
2025-12-13 18:13:39.909 | INFO     | src.models.lstm_model:save:57 - Model saved to data/models/TLKM.JK_1h_lstm.h5
2025-12-13 18:13:40.094 | INFO     | __main__:run_pipeline:227 - Logged 973 historical predictions for TLKM.JK
2025-12-13 18:13:40.098 | INFO     | src.models.xgboost_model:train:18 - Training XGBoost model with 3888 samples
2025-12-13 18:13:42.801 | INFO     | __main__:run_pipeline:263 - XGBoost Results - MSE: 0.00040500266140276996, RMSE: 0.020124677920472914, MAE: 0.013095117590396641
2025-12-13 18:13:42.809 | INFO     | src.models.xgboost_model:save:28 - XGBoost model saved to data/models/TLKM.JK_1h_xgb.joblib
2025-12-13 18:13:42.833 | INFO     | __main__:<module>:302 - --- Training TLKM.JK [15m] ---
2025-12-13 18:13:42.834 | INFO     | __main__:run_pipeline:26 - Starting pipeline for TLKM.JK (15m)
2025-12-13 18:13:42.835 | INFO     | src.data_collection.stock_collector:fetch_history:49 - Fetching 730 days of history for TLKM.JK with interval 15m
2025-12-13 18:13:43.327 | INFO     | src.data_collection.stock_collector:fetch_history:130 - Successfully updated 1177 15m records for TLKM.JK
2025-12-13 18:13:43.653 | INFO     | src.models.lstm_model:train:40 - Training LSTM model with 1357 samples
2025-12-13 18:13:52.130 | INFO     | __main__:run_pipeline:145 - LSTM Results - MSE: 0.0005465788859841764, RMSE: 0.023379026626106067, MAE: 0.03859792999271349
2025-12-13 18:13:52.173 | INFO     | src.models.lstm_model:save:57 - Model saved to data/models/TLKM.JK_15m_lstm.h5
2025-12-13 18:13:52.265 | INFO     | __main__:run_pipeline:227 - Logged 340 historical predictions for TLKM.JK
2025-12-13 18:13:52.266 | INFO     | src.models.xgboost_model:train:18 - Training XGBoost model with 1357 samples
2025-12-13 18:13:54.540 | INFO     | __main__:run_pipeline:263 - XGBoost Results - MSE: 0.0004762635902300351, RMSE: 0.021823464212403013, MAE: 0.01727500267389446
2025-12-13 18:13:54.550 | INFO     | src.models.xgboost_model:save:28 - XGBoost model saved to data/models/TLKM.JK_15m_xgb.joblib
2025-12-13 18:13:54.580 | INFO     | __main__:<module>:302 - --- Training ASII.JK [1d] ---
2025-12-13 18:13:54.581 | INFO     | __main__:run_pipeline:26 - Starting pipeline for ASII.JK (1d)
2025-12-13 18:13:54.582 | INFO     | src.data_collection.stock_collector:fetch_history:49 - Fetching 730 days of history for ASII.JK with interval 1d
2025-12-13 18:13:54.807 | INFO     | src.data_collection.news_collector:fetch_news:53 - Fetching Google News RSS for: ASII
2025-12-13 18:13:55.965 | INFO     | src.data_collection.news_collector:fetch_news:62 - Found 100 articles
2025-12-13 18:13:55.970 | INFO     | src.data_collection.news_collector:fetch_news:109 - Saved 10 new articles from Google News
2025-12-13 18:13:56.133 | INFO     | src.data_collection.stock_collector:fetch_history:130 - Successfully updated 729 1d records for ASII.JK
2025-12-13 18:13:56.494 | INFO     | src.models.lstm_model:train:40 - Training LSTM model with 406 samples
2025-12-13 18:14:00.410 | INFO     | __main__:run_pipeline:145 - LSTM Results - MSE: 0.005055565782895925, RMSE: 0.07110250194540221, MAE: 0.1409412580256768
2025-12-13 18:14:00.437 | INFO     | src.models.lstm_model:save:57 - Model saved to data/models/ASII.JK_1d_lstm.h5
2025-12-13 18:14:00.476 | INFO     | __main__:run_pipeline:227 - Logged 102 historical predictions for ASII.JK
2025-12-13 18:14:00.478 | INFO     | src.models.xgboost_model:train:18 - Training XGBoost model with 406 samples
2025-12-13 18:14:02.059 | INFO     | __main__:run_pipeline:263 - XGBoost Results - MSE: 0.0875854821871751, RMSE: 0.2959484451507984, MAE: 0.2638864661484427
2025-12-13 18:14:02.062 | INFO     | src.models.xgboost_model:save:28 - XGBoost model saved to data/models/ASII.JK_1d_xgb.joblib
2025-12-13 18:14:02.075 | INFO     | __main__:<module>:302 - --- Training ASII.JK [1h] ---
2025-12-13 18:14:02.075 | INFO     | __main__:run_pipeline:26 - Starting pipeline for ASII.JK (1h)
2025-12-13 18:14:02.076 | INFO     | src.data_collection.stock_collector:fetch_history:49 - Fetching 730 days of history for ASII.JK with interval 1h
2025-12-13 18:14:03.182 | INFO     | src.data_collection.stock_collector:fetch_history:130 - Successfully updated 4843 1h records for ASII.JK
2025-12-13 18:14:03.608 | INFO     | src.models.lstm_model:train:40 - Training LSTM model with 3878 samples
2025-12-13 18:14:17.253 | INFO     | __main__:run_pipeline:145 - LSTM Results - MSE: 0.0028542521844330433, RMSE: 0.053425201772506606, MAE: 0.26370441953264134
2025-12-13 18:14:17.283 | INFO     | src.models.lstm_model:save:57 - Model saved to data/models/ASII.JK_1h_lstm.h5
2025-12-13 18:14:17.477 | INFO     | __main__:run_pipeline:227 - Logged 970 historical predictions for ASII.JK
2025-12-13 18:14:17.479 | INFO     | src.models.xgboost_model:train:18 - Training XGBoost model with 3878 samples
2025-12-13 18:14:24.735 | INFO     | __main__:run_pipeline:263 - XGBoost Results - MSE: 0.00064874592696464, RMSE: 0.025470491298061764, MAE: 0.01789793441479687
2025-12-13 18:14:24.746 | INFO     | src.models.xgboost_model:save:28 - XGBoost model saved to data/models/ASII.JK_1h_xgb.joblib
2025-12-13 18:14:24.794 | INFO     | __main__:<module>:302 - --- Training ASII.JK [15m] ---
2025-12-13 18:14:24.796 | INFO     | __main__:run_pipeline:26 - Starting pipeline for ASII.JK (15m)
2025-12-13 18:14:24.796 | INFO     | src.data_collection.stock_collector:fetch_history:49 - Fetching 730 days of history for ASII.JK with interval 15m
2025-12-13 18:14:25.240 | INFO     | src.data_collection.stock_collector:fetch_history:130 - Successfully updated 1177 15m records for ASII.JK
2025-12-13 18:14:26.013 | INFO     | src.models.lstm_model:train:40 - Training LSTM model with 1284 samples
2025-12-13 18:14:39.600 | INFO     | __main__:run_pipeline:145 - LSTM Results - MSE: 0.001327759354909076, RMSE: 0.03643843238819524, MAE: 0.058433656602276396
2025-12-13 18:14:39.645 | INFO     | src.models.lstm_model:save:57 - Model saved to data/models/ASII.JK_15m_lstm.h5
2025-12-13 18:14:39.742 | INFO     | __main__:run_pipeline:227 - Logged 322 historical predictions for ASII.JK
2025-12-13 18:14:39.744 | INFO     | src.models.xgboost_model:train:18 - Training XGBoost model with 1284 samples
2025-12-13 18:14:41.594 | INFO     | __main__:run_pipeline:263 - XGBoost Results - MSE: 0.002192576919560632, RMSE: 0.046824960433092006, MAE: 0.03194748640292725
2025-12-13 18:14:41.611 | INFO     | src.models.xgboost_model:save:28 - XGBoost model saved to data/models/ASII.JK_15m_xgb.joblib
2025-12-13 18:14:41.633 | INFO     | __main__:<module>:302 - --- Training UNVR.JK [1d] ---
2025-12-13 18:14:41.636 | INFO     | __main__:run_pipeline:26 - Starting pipeline for UNVR.JK (1d)
2025-12-13 18:14:41.637 | INFO     | src.data_collection.stock_collector:fetch_history:49 - Fetching 730 days of history for UNVR.JK with interval 1d
2025-12-13 18:14:41.910 | INFO     | src.data_collection.news_collector:fetch_news:53 - Fetching Google News RSS for: UNVR
2025-12-13 18:14:43.279 | INFO     | src.data_collection.news_collector:fetch_news:62 - Found 100 articles
2025-12-13 18:14:43.287 | INFO     | src.data_collection.news_collector:fetch_news:109 - Saved 10 new articles from Google News
2025-12-13 18:14:43.422 | INFO     | src.data_collection.stock_collector:fetch_history:130 - Successfully updated 729 1d records for UNVR.JK
2025-12-13 18:14:43.918 | INFO     | src.models.lstm_model:train:40 - Training LSTM model with 402 samples
2025-12-13 18:14:48.846 | INFO     | __main__:run_pipeline:145 - LSTM Results - MSE: 0.005901201467647047, RMSE: 0.07681927796879535, MAE: 0.16782634563461102
2025-12-13 18:14:48.885 | INFO     | src.models.lstm_model:save:57 - Model saved to data/models/UNVR.JK_1d_lstm.h5
2025-12-13 18:14:48.955 | INFO     | __main__:run_pipeline:227 - Logged 101 historical predictions for UNVR.JK
2025-12-13 18:14:48.958 | INFO     | src.models.xgboost_model:train:18 - Training XGBoost model with 402 samples
2025-12-13 18:14:51.919 | INFO     | __main__:run_pipeline:263 - XGBoost Results - MSE: 0.04100686709213366, RMSE: 0.2025015236785483, MAE: 0.16216348962703733
2025-12-13 18:14:51.927 | INFO     | src.models.xgboost_model:save:28 - XGBoost model saved to data/models/UNVR.JK_1d_xgb.joblib
2025-12-13 18:14:51.947 | INFO     | __main__:<module>:302 - --- Training UNVR.JK [1h] ---
2025-12-13 18:14:51.948 | INFO     | __main__:run_pipeline:26 - Starting pipeline for UNVR.JK (1h)
2025-12-13 18:14:51.948 | INFO     | src.data_collection.stock_collector:fetch_history:49 - Fetching 730 days of history for UNVR.JK with interval 1h
2025-12-13 18:14:52.952 | INFO     | src.data_collection.stock_collector:fetch_history:130 - Successfully updated 4844 1h records for UNVR.JK
2025-12-13 18:14:53.584 | INFO     | src.models.lstm_model:train:40 - Training LSTM model with 3844 samples
2025-12-13 18:15:11.998 | INFO     | __main__:run_pipeline:145 - LSTM Results - MSE: 0.0013668927092613807, RMSE: 0.03697151213111766, MAE: 0.13126205835638563
2025-12-13 18:15:12.102 | INFO     | src.models.lstm_model:save:57 - Model saved to data/models/UNVR.JK_1h_lstm.h5
2025-12-13 18:15:12.374 | INFO     | __main__:run_pipeline:227 - Logged 962 historical predictions for UNVR.JK
2025-12-13 18:15:12.379 | INFO     | src.models.xgboost_model:train:18 - Training XGBoost model with 3844 samples
2025-12-13 18:15:16.515 | INFO     | __main__:run_pipeline:263 - XGBoost Results - MSE: 0.00012262269946375628, RMSE: 0.011073513420037756, MAE: 0.00639249383725671
2025-12-13 18:15:16.523 | INFO     | src.models.xgboost_model:save:28 - XGBoost model saved to data/models/UNVR.JK_1h_xgb.joblib
2025-12-13 18:15:16.619 | INFO     | __main__:<module>:302 - --- Training UNVR.JK [15m] ---
2025-12-13 18:15:16.621 | INFO     | __main__:run_pipeline:26 - Starting pipeline for UNVR.JK (15m)
2025-12-13 18:15:16.621 | INFO     | src.data_collection.stock_collector:fetch_history:49 - Fetching 730 days of history for UNVR.JK with interval 15m
2025-12-13 18:15:17.091 | INFO     | src.data_collection.stock_collector:fetch_history:130 - Successfully updated 1177 15m records for UNVR.JK
2025-12-13 18:15:17.551 | INFO     | src.models.lstm_model:train:40 - Training LSTM model with 1234 samples
2025-12-13 18:15:24.129 | INFO     | __main__:run_pipeline:145 - LSTM Results - MSE: 0.0005224236109631601, RMSE: 0.022856587911653833, MAE: 0.0507939278315177
2025-12-13 18:15:24.154 | INFO     | src.models.lstm_model:save:57 - Model saved to data/models/UNVR.JK_15m_lstm.h5
2025-12-13 18:15:24.232 | INFO     | __main__:run_pipeline:227 - Logged 309 historical predictions for UNVR.JK
2025-12-13 18:15:24.234 | INFO     | src.models.xgboost_model:train:18 - Training XGBoost model with 1234 samples
2025-12-13 18:15:25.776 | INFO     | __main__:run_pipeline:263 - XGBoost Results - MSE: 0.00010825857489653701, RMSE: 0.01040473809841156, MAE: 0.007527755376173546
2025-12-13 18:15:25.779 | INFO     | src.models.xgboost_model:save:28 - XGBoost model saved to data/models/UNVR.JK_15m_xgb.joblib
2025-12-13 18:15:25.800 | INFO     | __main__:<module>:308 - Cycle completed. Sleeping for 1 hour...
2025-12-13 18:17:45.843 | INFO     | src.training.trainer:run_pipeline:26 - Starting pipeline for BBCA.JK (1d)
2025-12-13 18:17:45.846 | INFO     | src.data_collection.stock_collector:fetch_history:49 - Fetching 730 days of history for BBCA.JK with interval 1d
2025-12-13 18:17:46.943 | INFO     | src.data_collection.news_collector:fetch_news:53 - Fetching Google News RSS for: BBCA
2025-12-13 18:17:47.973 | INFO     | src.data_collection.news_collector:fetch_news:62 - Found 100 articles
2025-12-13 18:17:48.006 | INFO     | src.data_collection.news_collector:fetch_news:109 - Saved 10 new articles from Google News
2025-12-13 18:17:48.161 | INFO     | src.data_collection.stock_collector:fetch_history:130 - Successfully updated 729 1d records for BBCA.JK
2025-12-13 18:17:48.467 | INFO     | src.models.lstm_model:train:40 - Training LSTM model with 489 samples
2025-12-13 18:17:54.998 | INFO     | src.training.trainer:run_pipeline:145 - LSTM Results - MSE: 1.4236515091022555e-05, RMSE: 0.0037731306750525555, MAE: 0.003771201781033351
2025-12-13 18:17:55.084 | INFO     | src.models.lstm_model:save:57 - Model saved to data/models/BBCA.JK_1d_lstm.h5
2025-12-13 18:17:55.173 | INFO     | src.training.trainer:run_pipeline:227 - Logged 123 historical predictions for BBCA.JK
2025-12-13 18:17:55.180 | INFO     | src.models.xgboost_model:train:18 - Training XGBoost model with 489 samples
2025-12-13 18:17:59.110 | INFO     | src.training.trainer:run_pipeline:263 - XGBoost Results - MSE: 0.0004320726165725643, RMSE: 0.02078635650066082, MAE: 0.01890531592594548
2025-12-13 18:17:59.116 | INFO     | src.models.xgboost_model:save:28 - XGBoost model saved to data/models/BBCA.JK_1d_xgb.joblib
2025-12-13 18:26:14.900 | INFO     | __main__:<module>:296 - Starting Continuous Model Trainer...
2025-12-13 18:26:14.900 | INFO     | __main__:<module>:303 - --- Training BBCA.JK [1d] ---
2025-12-13 18:26:14.900 | INFO     | __main__:run_pipeline:26 - Starting pipeline for BBCA.JK (1d)
2025-12-13 18:26:14.901 | INFO     | src.data_collection.stock_collector:fetch_history:49 - Fetching 730 days of history for BBCA.JK with interval 1d
2025-12-13 18:26:16.097 | INFO     | src.data_collection.news_collector:fetch_news:53 - Fetching Google News RSS for: BBCA
2025-12-13 18:26:17.507 | INFO     | src.data_collection.news_collector:fetch_news:62 - Found 100 articles
2025-12-13 18:26:17.526 | INFO     | src.data_collection.news_collector:fetch_news:109 - Saved 10 new articles from Google News
2025-12-13 18:26:17.646 | INFO     | src.data_collection.stock_collector:fetch_history:130 - Successfully updated 729 1d records for BBCA.JK
2025-12-13 18:26:18.307 | INFO     | src.models.lstm_model:train:40 - Training LSTM model with 496 samples
2025-12-13 18:26:22.112 | INFO     | __main__:run_pipeline:145 - LSTM Results - MSE: 0.0006638128186769989, RMSE: 0.025764565175391548, MAE: 0.025324717016805182
2025-12-13 18:26:22.142 | INFO     | src.models.lstm_model:save:57 - Model saved to data/models/BBCA.JK_1d_lstm.h5
2025-12-13 18:26:22.157 | ERROR    | __main__:run_pipeline:231 - Failed to log history: (psycopg2.errors.InvalidColumnReference) there is no unique or exclusion constraint matching the ON CONFLICT specification

[SQL: 
                            INSERT INTO prediction_results (prediction_id, actual_direction, actual_change_pct, actual_price, is_correct, evaluated_at)
                            VALUES (%(pid)s, %(adir)s, %(apct)s, %(aprice)s, %(win)s, NOW())
                            ON CONFLICT (prediction_id) DO UPDATE
                            SET actual_price = EXCLUDED.actual_price,
                                is_correct = EXCLUDED.is_correct,
                                evaluated_at = NOW()
                        ]
[parameters: {'pid': 165577, 'adir': 'DOWN', 'apct': -0.928792569659454, 'aprice': 7999.999999999999, 'win': False}]
(Background on this error at: https://sqlalche.me/e/20/f405)
2025-12-13 18:26:22.163 | INFO     | src.models.xgboost_model:train:18 - Training XGBoost model with 496 samples
2025-12-13 18:26:24.644 | INFO     | __main__:run_pipeline:264 - XGBoost Results - MSE: 0.0003943283667474494, RMSE: 0.019857702957478476, MAE: 0.017911676755252216
2025-12-13 18:26:24.650 | INFO     | src.models.xgboost_model:save:28 - XGBoost model saved to data/models/BBCA.JK_1d_xgb.joblib
2025-12-13 18:26:24.657 | INFO     | __main__:<module>:303 - --- Training BBCA.JK [1h] ---
2025-12-13 18:26:24.658 | INFO     | __main__:run_pipeline:26 - Starting pipeline for BBCA.JK (1h)
2025-12-13 18:26:24.658 | INFO     | src.data_collection.stock_collector:fetch_history:49 - Fetching 730 days of history for BBCA.JK with interval 1h
2025-12-13 18:26:25.643 | INFO     | src.data_collection.stock_collector:fetch_history:130 - Successfully updated 4852 1h records for BBCA.JK
2025-12-13 18:26:25.954 | INFO     | src.models.lstm_model:train:40 - Training LSTM model with 4464 samples
2025-12-13 18:26:42.595 | INFO     | __main__:run_pipeline:145 - LSTM Results - MSE: 0.002557008729890451, RMSE: 0.05056687383940647, MAE: 0.04653874846248485
2025-12-13 18:26:42.625 | INFO     | src.models.lstm_model:save:57 - Model saved to data/models/BBCA.JK_1h_lstm.h5
2025-12-13 18:26:42.653 | ERROR    | __main__:run_pipeline:231 - Failed to log history: (psycopg2.errors.InvalidColumnReference) there is no unique or exclusion constraint matching the ON CONFLICT specification

[SQL: 
                            INSERT INTO prediction_results (prediction_id, actual_direction, actual_change_pct, actual_price, is_correct, evaluated_at)
                            VALUES (%(pid)s, %(adir)s, %(apct)s, %(aprice)s, %(win)s, NOW())
                            ON CONFLICT (prediction_id) DO UPDATE
                            SET actual_price = EXCLUDED.actual_price,
                                is_correct = EXCLUDED.is_correct,
                                evaluated_at = NOW()
                        ]
[parameters: {'pid': 166032, 'adir': 'UP', 'apct': 0.2949852507374631, 'aprice': 8500.0, 'win': True}]
(Background on this error at: https://sqlalche.me/e/20/f405)
2025-12-13 18:26:42.656 | INFO     | src.models.xgboost_model:train:18 - Training XGBoost model with 4464 samples
2025-12-13 18:26:46.127 | INFO     | __main__:run_pipeline:264 - XGBoost Results - MSE: 0.00026267988270730095, RMSE: 0.016207402096181267, MAE: 0.01397165745911036
2025-12-13 18:26:46.131 | INFO     | src.models.xgboost_model:save:28 - XGBoost model saved to data/models/BBCA.JK_1h_xgb.joblib
2025-12-13 18:26:46.138 | INFO     | __main__:<module>:303 - --- Training BBCA.JK [15m] ---
2025-12-13 18:26:46.138 | INFO     | __main__:run_pipeline:26 - Starting pipeline for BBCA.JK (15m)
2025-12-13 18:26:46.138 | INFO     | src.data_collection.stock_collector:fetch_history:49 - Fetching 730 days of history for BBCA.JK with interval 15m
2025-12-13 18:26:46.561 | INFO     | src.data_collection.stock_collector:fetch_history:130 - Successfully updated 1177 15m records for BBCA.JK
2025-12-13 18:26:46.940 | INFO     | src.models.lstm_model:train:40 - Training LSTM model with 3287 samples
2025-12-13 18:27:01.033 | INFO     | __main__:run_pipeline:145 - LSTM Results - MSE: 0.00036383052161619456, RMSE: 0.019074341970725873, MAE: 0.020339332450845696
2025-12-13 18:27:01.159 | INFO     | src.models.lstm_model:save:57 - Model saved to data/models/BBCA.JK_15m_lstm.h5
2025-12-13 18:27:01.201 | ERROR    | __main__:run_pipeline:231 - Failed to log history: (psycopg2.errors.InvalidColumnReference) there is no unique or exclusion constraint matching the ON CONFLICT specification

[SQL: 
                            INSERT INTO prediction_results (prediction_id, actual_direction, actual_change_pct, actual_price, is_correct, evaluated_at)
                            VALUES (%(pid)s, %(adir)s, %(apct)s, %(aprice)s, %(win)s, NOW())
                            ON CONFLICT (prediction_id) DO UPDATE
                            SET actual_price = EXCLUDED.actual_price,
                                is_correct = EXCLUDED.is_correct,
                                evaluated_at = NOW()
                        ]
[parameters: {'pid': 166899, 'adir': 'UP', 'apct': 1.1476273839406036e-14, 'aprice': 7925.000000000001, 'win': True}]
(Background on this error at: https://sqlalche.me/e/20/f405)
2025-12-13 18:27:01.208 | INFO     | src.models.xgboost_model:train:18 - Training XGBoost model with 3287 samples
2025-12-13 18:27:02.937 | INFO     | __main__:run_pipeline:264 - XGBoost Results - MSE: 2.3566614267407076e-05, RMSE: 0.004854545732342737, MAE: 0.0024006521032245514
2025-12-13 18:27:02.949 | INFO     | src.models.xgboost_model:save:28 - XGBoost model saved to data/models/BBCA.JK_15m_xgb.joblib
2025-12-13 18:27:02.962 | INFO     | __main__:<module>:303 - --- Training BBRI.JK [1d] ---
2025-12-13 18:27:02.963 | INFO     | __main__:run_pipeline:26 - Starting pipeline for BBRI.JK (1d)
2025-12-13 18:27:02.963 | INFO     | src.data_collection.stock_collector:fetch_history:49 - Fetching 730 days of history for BBRI.JK with interval 1d
2025-12-13 18:27:03.248 | INFO     | src.data_collection.news_collector:fetch_news:53 - Fetching Google News RSS for: BBRI
2025-12-13 18:27:04.214 | INFO     | src.data_collection.news_collector:fetch_news:62 - Found 100 articles
2025-12-13 18:27:04.220 | INFO     | src.data_collection.news_collector:fetch_news:109 - Saved 10 new articles from Google News
2025-12-13 18:27:04.309 | INFO     | src.data_collection.stock_collector:fetch_history:130 - Successfully updated 729 1d records for BBRI.JK
2025-12-13 18:27:04.567 | INFO     | src.models.lstm_model:train:40 - Training LSTM model with 430 samples
2025-12-13 18:27:10.497 | INFO     | __main__:run_pipeline:145 - LSTM Results - MSE: 0.0018697964825297438, RMSE: 0.043241143399888764, MAE: 0.04846275946117621
2025-12-13 18:27:10.523 | INFO     | src.models.lstm_model:save:57 - Model saved to data/models/BBRI.JK_1d_lstm.h5
2025-12-13 18:27:10.536 | ERROR    | __main__:run_pipeline:231 - Failed to log history: (psycopg2.errors.InvalidColumnReference) there is no unique or exclusion constraint matching the ON CONFLICT specification

[SQL: 
                            INSERT INTO prediction_results (prediction_id, actual_direction, actual_change_pct, actual_price, is_correct, evaluated_at)
                            VALUES (%(pid)s, %(adir)s, %(apct)s, %(aprice)s, %(win)s, NOW())
                            ON CONFLICT (prediction_id) DO UPDATE
                            SET actual_price = EXCLUDED.actual_price,
                                is_correct = EXCLUDED.is_correct,
                                evaluated_at = NOW()
                        ]
[parameters: {'pid': 167492, 'adir': 'UP', 'apct': 2.1739130434782608, 'aprice': 3760.0, 'win': False}]
(Background on this error at: https://sqlalche.me/e/20/f405)
2025-12-13 18:27:10.540 | INFO     | src.models.xgboost_model:train:18 - Training XGBoost model with 430 samples
2025-12-13 18:27:12.422 | INFO     | __main__:run_pipeline:264 - XGBoost Results - MSE: 0.0020481073072134127, RMSE: 0.04525601956881993, MAE: 0.04005236617443381
2025-12-13 18:27:12.426 | INFO     | src.models.xgboost_model:save:28 - XGBoost model saved to data/models/BBRI.JK_1d_xgb.joblib
2025-12-13 18:27:12.428 | INFO     | __main__:<module>:303 - --- Training BBRI.JK [1h] ---
2025-12-13 18:27:12.429 | INFO     | __main__:run_pipeline:26 - Starting pipeline for BBRI.JK (1h)
2025-12-13 18:27:12.429 | INFO     | src.data_collection.stock_collector:fetch_history:49 - Fetching 730 days of history for BBRI.JK with interval 1h
2025-12-13 18:27:13.427 | INFO     | src.data_collection.stock_collector:fetch_history:130 - Successfully updated 4853 1h records for BBRI.JK
2025-12-13 18:27:13.684 | INFO     | src.models.lstm_model:train:40 - Training LSTM model with 4042 samples
2025-12-13 18:27:19.777 | INFO     | src.training.trainer:run_pipeline:26 - Starting pipeline for BBCA.JK (1d)
2025-12-13 18:27:19.784 | INFO     | src.data_collection.stock_collector:fetch_history:49 - Fetching 730 days of history for BBCA.JK with interval 1d
2025-12-13 18:27:20.927 | INFO     | src.data_collection.news_collector:fetch_news:53 - Fetching Google News RSS for: BBCA
2025-12-13 18:27:21.439 | INFO     | src.data_collection.news_collector:fetch_news:62 - Found 100 articles
2025-12-13 18:27:21.448 | INFO     | src.data_collection.news_collector:fetch_news:109 - Saved 10 new articles from Google News
2025-12-13 18:27:21.540 | INFO     | src.data_collection.stock_collector:fetch_history:130 - Successfully updated 729 1d records for BBCA.JK
2025-12-13 18:27:21.842 | INFO     | src.models.lstm_model:train:40 - Training LSTM model with 504 samples
2025-12-13 18:27:27.546 | INFO     | src.training.trainer:run_pipeline:145 - LSTM Results - MSE: 0.0003267390185072751, RMSE: 0.018075923724868808, MAE: 0.01803493550692136
2025-12-13 18:27:27.588 | INFO     | src.models.lstm_model:save:57 - Model saved to data/models/BBCA.JK_1d_lstm.h5
2025-12-13 18:27:27.629 | ERROR    | src.training.trainer:run_pipeline:231 - Failed to log history: (psycopg2.errors.InvalidColumnReference) there is no unique or exclusion constraint matching the ON CONFLICT specification

[SQL: 
                            INSERT INTO prediction_results (prediction_id, actual_direction, actual_change_pct, actual_price, is_correct, evaluated_at)
                            VALUES (%(pid)s, %(adir)s, %(apct)s, %(aprice)s, %(win)s, NOW())
                            ON CONFLICT (prediction_id) DO UPDATE
                            SET actual_price = EXCLUDED.actual_price,
                                is_correct = EXCLUDED.is_correct,
                                evaluated_at = NOW()
                        ]
[parameters: {'pid': 165591, 'adir': 'DOWN', 'apct': -1.1368683772161604e-14, 'aprice': 7999.999999999999, 'win': False}]
(Background on this error at: https://sqlalche.me/e/20/f405)
2025-12-13 18:27:27.640 | INFO     | src.models.xgboost_model:train:18 - Training XGBoost model with 504 samples
2025-12-13 18:27:30.548 | INFO     | __main__:run_pipeline:145 - LSTM Results - MSE: 0.005145360569320902, RMSE: 0.07173116874358665, MAE: 0.08028081321840772
2025-12-13 18:27:30.653 | INFO     | src.models.lstm_model:save:57 - Model saved to data/models/BBRI.JK_1h_lstm.h5
2025-12-13 18:27:30.693 | ERROR    | __main__:run_pipeline:231 - Failed to log history: (psycopg2.errors.InvalidColumnReference) there is no unique or exclusion constraint matching the ON CONFLICT specification

[SQL: 
                            INSERT INTO prediction_results (prediction_id, actual_direction, actual_change_pct, actual_price, is_correct, evaluated_at)
                            VALUES (%(pid)s, %(adir)s, %(apct)s, %(aprice)s, %(win)s, NOW())
                            ON CONFLICT (prediction_id) DO UPDATE
                            SET actual_price = EXCLUDED.actual_price,
                                is_correct = EXCLUDED.is_correct,
                                evaluated_at = NOW()
                        ]
[parameters: {'pid': 167717, 'adir': 'UP', 'apct': 0.26455026455026454, 'aprice': 3790.0, 'win': False}]
(Background on this error at: https://sqlalche.me/e/20/f405)
2025-12-13 18:27:30.707 | INFO     | src.models.xgboost_model:train:18 - Training XGBoost model with 4042 samples
2025-12-13 18:27:31.965 | INFO     | src.training.trainer:run_pipeline:264 - XGBoost Results - MSE: 0.0024998669173442777, RMSE: 0.04999866915573131, MAE: 0.047588977801722936
2025-12-13 18:27:31.987 | INFO     | src.models.xgboost_model:save:28 - XGBoost model saved to data/models/BBCA.JK_1d_xgb.joblib
2025-12-13 18:27:33.924 | INFO     | __main__:run_pipeline:264 - XGBoost Results - MSE: 0.0003075300039374688, RMSE: 0.01753653340707532, MAE: 0.01245232248721757
2025-12-13 18:27:33.929 | INFO     | src.models.xgboost_model:save:28 - XGBoost model saved to data/models/BBRI.JK_1h_xgb.joblib
2025-12-13 18:27:33.940 | INFO     | __main__:<module>:303 - --- Training BBRI.JK [15m] ---
2025-12-13 18:27:33.941 | INFO     | __main__:run_pipeline:26 - Starting pipeline for BBRI.JK (15m)
2025-12-13 18:27:33.941 | INFO     | src.data_collection.stock_collector:fetch_history:49 - Fetching 730 days of history for BBRI.JK with interval 15m
2025-12-13 18:27:34.421 | INFO     | src.data_collection.stock_collector:fetch_history:130 - Successfully updated 1177 15m records for BBRI.JK
2025-12-13 18:27:34.925 | INFO     | src.models.lstm_model:train:40 - Training LSTM model with 1929 samples
2025-12-13 18:27:45.218 | INFO     | __main__:run_pipeline:145 - LSTM Results - MSE: 0.00011835112587668854, RMSE: 0.010878930364548187, MAE: 0.016004964943175312
2025-12-13 18:27:45.257 | INFO     | src.models.lstm_model:save:57 - Model saved to data/models/BBRI.JK_15m_lstm.h5
2025-12-13 18:27:45.279 | ERROR    | __main__:run_pipeline:231 - Failed to log history: (psycopg2.errors.InvalidColumnReference) there is no unique or exclusion constraint matching the ON CONFLICT specification

[SQL: 
                            INSERT INTO prediction_results (prediction_id, actual_direction, actual_change_pct, actual_price, is_correct, evaluated_at)
                            VALUES (%(pid)s, %(adir)s, %(apct)s, %(aprice)s, %(win)s, NOW())
                            ON CONFLICT (prediction_id) DO UPDATE
                            SET actual_price = EXCLUDED.actual_price,
                                is_correct = EXCLUDED.is_correct,
                                evaluated_at = NOW()
                        ]
[parameters: {'pid': 168680, 'adir': 'DOWN', 'apct': 0.0, 'aprice': 3600.0, 'win': True}]
(Background on this error at: https://sqlalche.me/e/20/f405)
2025-12-13 18:27:45.284 | INFO     | src.models.xgboost_model:train:18 - Training XGBoost model with 1929 samples
2025-12-13 18:27:46.629 | INFO     | __main__:run_pipeline:264 - XGBoost Results - MSE: 0.0006856074807997843, RMSE: 0.02618410740888038, MAE: 0.023092975070063426
2025-12-13 18:27:46.634 | INFO     | src.models.xgboost_model:save:28 - XGBoost model saved to data/models/BBRI.JK_15m_xgb.joblib
2025-12-13 18:27:46.641 | INFO     | __main__:<module>:303 - --- Training TLKM.JK [1d] ---
2025-12-13 18:27:46.642 | INFO     | __main__:run_pipeline:26 - Starting pipeline for TLKM.JK (1d)
2025-12-13 18:27:46.642 | INFO     | src.data_collection.stock_collector:fetch_history:49 - Fetching 730 days of history for TLKM.JK with interval 1d
2025-12-13 18:27:46.942 | INFO     | src.data_collection.news_collector:fetch_news:53 - Fetching Google News RSS for: TLKM
2025-12-13 18:27:48.216 | INFO     | src.data_collection.news_collector:fetch_news:62 - Found 100 articles
2025-12-13 18:27:48.239 | INFO     | src.data_collection.news_collector:fetch_news:109 - Saved 10 new articles from Google News
2025-12-13 18:27:48.434 | INFO     | src.data_collection.stock_collector:fetch_history:130 - Successfully updated 729 1d records for TLKM.JK
2025-12-13 18:27:49.191 | INFO     | src.models.lstm_model:train:40 - Training LSTM model with 414 samples
2025-12-13 18:27:53.010 | INFO     | __main__:run_pipeline:145 - LSTM Results - MSE: 0.010428403024772638, RMSE: 0.10211955260758165, MAE: 0.16346452775967873
2025-12-13 18:27:53.050 | INFO     | src.models.lstm_model:save:57 - Model saved to data/models/TLKM.JK_1d_lstm.h5
2025-12-13 18:27:53.073 | ERROR    | __main__:run_pipeline:231 - Failed to log history: (psycopg2.errors.InvalidColumnReference) there is no unique or exclusion constraint matching the ON CONFLICT specification

[SQL: 
                            INSERT INTO prediction_results (prediction_id, actual_direction, actual_change_pct, actual_price, is_correct, evaluated_at)
                            VALUES (%(pid)s, %(adir)s, %(apct)s, %(aprice)s, %(win)s, NOW())
                            ON CONFLICT (prediction_id) DO UPDATE
                            SET actual_price = EXCLUDED.actual_price,
                                is_correct = EXCLUDED.is_correct,
                                evaluated_at = NOW()
                        ]
[parameters: {'pid': 169068, 'adir': 'DOWN', 'apct': -0.6153846153846014, 'aprice': 3230.0000000000005, 'win': True}]
(Background on this error at: https://sqlalche.me/e/20/f405)
2025-12-13 18:27:53.079 | INFO     | src.models.xgboost_model:train:18 - Training XGBoost model with 414 samples
2025-12-13 18:27:55.054 | INFO     | __main__:run_pipeline:264 - XGBoost Results - MSE: 0.015316552689678726, RMSE: 0.12376006096345754, MAE: 0.10990854599543882
2025-12-13 18:27:55.057 | INFO     | src.models.xgboost_model:save:28 - XGBoost model saved to data/models/TLKM.JK_1d_xgb.joblib
2025-12-13 18:27:55.058 | INFO     | __main__:<module>:303 - --- Training TLKM.JK [1h] ---
2025-12-13 18:27:55.059 | INFO     | __main__:run_pipeline:26 - Starting pipeline for TLKM.JK (1h)
2025-12-13 18:27:55.059 | INFO     | src.data_collection.stock_collector:fetch_history:49 - Fetching 730 days of history for TLKM.JK with interval 1h
2025-12-13 18:27:56.140 | INFO     | src.data_collection.stock_collector:fetch_history:130 - Successfully updated 4846 1h records for TLKM.JK
2025-12-13 18:27:56.966 | INFO     | src.models.lstm_model:train:40 - Training LSTM model with 3931 samples
2025-12-13 18:28:11.658 | INFO     | __main__:run_pipeline:145 - LSTM Results - MSE: 0.0006730107569408487, RMSE: 0.025942450866116115, MAE: 0.13384626376607478
2025-12-13 18:28:11.687 | INFO     | src.models.lstm_model:save:57 - Model saved to data/models/TLKM.JK_1h_lstm.h5
2025-12-13 18:28:11.711 | ERROR    | __main__:run_pipeline:231 - Failed to log history: (psycopg2.errors.InvalidColumnReference) there is no unique or exclusion constraint matching the ON CONFLICT specification

[SQL: 
                            INSERT INTO prediction_results (prediction_id, actual_direction, actual_change_pct, actual_price, is_correct, evaluated_at)
                            VALUES (%(pid)s, %(adir)s, %(apct)s, %(aprice)s, %(win)s, NOW())
                            ON CONFLICT (prediction_id) DO UPDATE
                            SET actual_price = EXCLUDED.actual_price,
                                is_correct = EXCLUDED.is_correct,
                                evaluated_at = NOW()
                        ]
[parameters: {'pid': 169244, 'adir': 'DOWN', 'apct': 0.0, 'aprice': 2770.0, 'win': False}]
(Background on this error at: https://sqlalche.me/e/20/f405)
2025-12-13 18:28:11.717 | INFO     | src.models.xgboost_model:train:18 - Training XGBoost model with 3931 samples
2025-12-13 18:28:14.495 | INFO     | __main__:run_pipeline:264 - XGBoost Results - MSE: 0.00043516490852303234, RMSE: 0.02086060661924845, MAE: 0.013162383369177615
2025-12-13 18:28:14.503 | INFO     | src.models.xgboost_model:save:28 - XGBoost model saved to data/models/TLKM.JK_1h_xgb.joblib
2025-12-13 18:28:14.521 | INFO     | __main__:<module>:303 - --- Training TLKM.JK [15m] ---
2025-12-13 18:28:14.522 | INFO     | __main__:run_pipeline:26 - Starting pipeline for TLKM.JK (15m)
2025-12-13 18:28:14.522 | INFO     | src.data_collection.stock_collector:fetch_history:49 - Fetching 730 days of history for TLKM.JK with interval 15m
2025-12-13 18:28:15.019 | INFO     | src.data_collection.stock_collector:fetch_history:130 - Successfully updated 1177 15m records for TLKM.JK
2025-12-13 18:28:15.317 | INFO     | src.models.lstm_model:train:40 - Training LSTM model with 1476 samples
2025-12-13 18:28:23.031 | INFO     | __main__:run_pipeline:145 - LSTM Results - MSE: 0.0004063191979744555, RMSE: 0.020157360888133535, MAE: 0.02924795394371041
2025-12-13 18:28:23.058 | INFO     | src.models.lstm_model:save:57 - Model saved to data/models/TLKM.JK_15m_lstm.h5
2025-12-13 18:28:23.074 | ERROR    | __main__:run_pipeline:231 - Failed to log history: (psycopg2.errors.InvalidColumnReference) there is no unique or exclusion constraint matching the ON CONFLICT specification

[SQL: 
                            INSERT INTO prediction_results (prediction_id, actual_direction, actual_change_pct, actual_price, is_correct, evaluated_at)
                            VALUES (%(pid)s, %(adir)s, %(apct)s, %(aprice)s, %(win)s, NOW())
                            ON CONFLICT (prediction_id) DO UPDATE
                            SET actual_price = EXCLUDED.actual_price,
                                is_correct = EXCLUDED.is_correct,
                                evaluated_at = NOW()
                        ]
[parameters: {'pid': 170165, 'adir': 'UP', 'apct': 1.2631870857957336e-14, 'aprice': 3600.0000000000005, 'win': False}]
(Background on this error at: https://sqlalche.me/e/20/f405)
2025-12-13 18:28:23.078 | INFO     | src.models.xgboost_model:train:18 - Training XGBoost model with 1476 samples
2025-12-13 18:28:25.456 | INFO     | __main__:run_pipeline:264 - XGBoost Results - MSE: 0.0003618492132615426, RMSE: 0.01902233459020061, MAE: 0.014957037387820985
2025-12-13 18:28:25.465 | INFO     | src.models.xgboost_model:save:28 - XGBoost model saved to data/models/TLKM.JK_15m_xgb.joblib
2025-12-13 18:28:25.489 | INFO     | __main__:<module>:303 - --- Training ASII.JK [1d] ---
2025-12-13 18:28:25.490 | INFO     | __main__:run_pipeline:26 - Starting pipeline for ASII.JK (1d)
2025-12-13 18:28:25.490 | INFO     | src.data_collection.stock_collector:fetch_history:49 - Fetching 730 days of history for ASII.JK with interval 1d
2025-12-13 18:28:25.770 | INFO     | src.data_collection.news_collector:fetch_news:53 - Fetching Google News RSS for: ASII
2025-12-13 18:28:26.803 | INFO     | src.data_collection.news_collector:fetch_news:62 - Found 100 articles
2025-12-13 18:28:26.808 | INFO     | src.data_collection.news_collector:fetch_news:109 - Saved 10 new articles from Google News
2025-12-13 18:28:26.976 | INFO     | src.data_collection.stock_collector:fetch_history:130 - Successfully updated 729 1d records for ASII.JK
2025-12-13 18:28:27.568 | INFO     | src.models.lstm_model:train:40 - Training LSTM model with 413 samples
2025-12-13 18:28:33.050 | INFO     | __main__:run_pipeline:145 - LSTM Results - MSE: 0.005358333981121247, RMSE: 0.07320064194473465, MAE: 0.12827888374882992
2025-12-13 18:28:33.098 | INFO     | src.models.lstm_model:save:57 - Model saved to data/models/ASII.JK_1d_lstm.h5
2025-12-13 18:28:33.120 | ERROR    | __main__:run_pipeline:231 - Failed to log history: (psycopg2.errors.InvalidColumnReference) there is no unique or exclusion constraint matching the ON CONFLICT specification

[SQL: 
                            INSERT INTO prediction_results (prediction_id, actual_direction, actual_change_pct, actual_price, is_correct, evaluated_at)
                            VALUES (%(pid)s, %(adir)s, %(apct)s, %(aprice)s, %(win)s, NOW())
                            ON CONFLICT (prediction_id) DO UPDATE
                            SET actual_price = EXCLUDED.actual_price,
                                is_correct = EXCLUDED.is_correct,
                                evaluated_at = NOW()
                        ]
[parameters: {'pid': 170444, 'adir': 'UP', 'apct': 1.7315963941367485, 'aprice': 5775.729999999999, 'win': True}]
(Background on this error at: https://sqlalche.me/e/20/f405)
2025-12-13 18:28:33.125 | INFO     | src.models.xgboost_model:train:18 - Training XGBoost model with 413 samples
2025-12-13 18:28:35.611 | INFO     | __main__:run_pipeline:264 - XGBoost Results - MSE: 0.08289472569862458, RMSE: 0.28791444162914887, MAE: 0.257371226320983
2025-12-13 18:28:35.623 | INFO     | src.models.xgboost_model:save:28 - XGBoost model saved to data/models/ASII.JK_1d_xgb.joblib
2025-12-13 18:28:35.645 | INFO     | __main__:<module>:303 - --- Training ASII.JK [1h] ---
2025-12-13 18:28:35.646 | INFO     | __main__:run_pipeline:26 - Starting pipeline for ASII.JK (1h)
2025-12-13 18:28:35.647 | INFO     | src.data_collection.stock_collector:fetch_history:49 - Fetching 730 days of history for ASII.JK with interval 1h
2025-12-13 18:28:36.676 | INFO     | src.data_collection.stock_collector:fetch_history:130 - Successfully updated 4843 1h records for ASII.JK
2025-12-13 18:28:37.067 | INFO     | src.models.lstm_model:train:40 - Training LSTM model with 3928 samples
2025-12-13 18:28:55.960 | INFO     | __main__:run_pipeline:145 - LSTM Results - MSE: 0.005053168424828396, RMSE: 0.07108564148144403, MAE: 0.24117933159023675
2025-12-13 18:28:55.997 | INFO     | src.models.lstm_model:save:57 - Model saved to data/models/ASII.JK_1h_lstm.h5
2025-12-13 18:28:56.025 | ERROR    | __main__:run_pipeline:231 - Failed to log history: (psycopg2.errors.InvalidColumnReference) there is no unique or exclusion constraint matching the ON CONFLICT specification

[SQL: 
                            INSERT INTO prediction_results (prediction_id, actual_direction, actual_change_pct, actual_price, is_correct, evaluated_at)
                            VALUES (%(pid)s, %(adir)s, %(apct)s, %(aprice)s, %(win)s, NOW())
                            ON CONFLICT (prediction_id) DO UPDATE
                            SET actual_price = EXCLUDED.actual_price,
                                is_correct = EXCLUDED.is_correct,
                                evaluated_at = NOW()
                        ]
[parameters: {'pid': 170633, 'adir': 'UP', 'apct': 0.21052631578947367, 'aprice': 4760.0, 'win': False}]
(Background on this error at: https://sqlalche.me/e/20/f405)
2025-12-13 18:28:56.032 | INFO     | src.models.xgboost_model:train:18 - Training XGBoost model with 3928 samples
2025-12-13 18:28:59.393 | INFO     | __main__:run_pipeline:264 - XGBoost Results - MSE: 0.0006072473977342551, RMSE: 0.0246423902601646, MAE: 0.017368992056366193
2025-12-13 18:28:59.399 | INFO     | src.models.xgboost_model:save:28 - XGBoost model saved to data/models/ASII.JK_1h_xgb.joblib
2025-12-13 18:28:59.414 | INFO     | __main__:<module>:303 - --- Training ASII.JK [15m] ---
2025-12-13 18:28:59.416 | INFO     | __main__:run_pipeline:26 - Starting pipeline for ASII.JK (15m)
2025-12-13 18:28:59.416 | INFO     | src.data_collection.stock_collector:fetch_history:49 - Fetching 730 days of history for ASII.JK with interval 15m
2025-12-13 18:28:59.914 | INFO     | src.data_collection.stock_collector:fetch_history:130 - Successfully updated 1177 15m records for ASII.JK
2025-12-13 18:29:00.284 | INFO     | src.models.lstm_model:train:40 - Training LSTM model with 1412 samples
2025-12-13 18:29:06.662 | INFO     | __main__:run_pipeline:145 - LSTM Results - MSE: 0.0009765478077323969, RMSE: 0.03124976492283417, MAE: 0.057773488972724454
2025-12-13 18:29:06.704 | INFO     | src.models.lstm_model:save:57 - Model saved to data/models/ASII.JK_15m_lstm.h5
2025-12-13 18:29:06.722 | ERROR    | __main__:run_pipeline:231 - Failed to log history: (psycopg2.errors.InvalidColumnReference) there is no unique or exclusion constraint matching the ON CONFLICT specification

[SQL: 
                            INSERT INTO prediction_results (prediction_id, actual_direction, actual_change_pct, actual_price, is_correct, evaluated_at)
                            VALUES (%(pid)s, %(adir)s, %(apct)s, %(aprice)s, %(win)s, NOW())
                            ON CONFLICT (prediction_id) DO UPDATE
                            SET actual_price = EXCLUDED.actual_price,
                                is_correct = EXCLUDED.is_correct,
                                evaluated_at = NOW()
                        ]
[parameters: {'pid': 171536, 'adir': 'DOWN', 'apct': 0.0, 'aprice': 6550.0, 'win': False}]
(Background on this error at: https://sqlalche.me/e/20/f405)
2025-12-13 18:29:06.726 | INFO     | src.models.xgboost_model:train:18 - Training XGBoost model with 1412 samples
2025-12-13 18:29:07.892 | INFO     | __main__:run_pipeline:264 - XGBoost Results - MSE: 0.0011757422004583216, RMSE: 0.03428909739929475, MAE: 0.02469820490361777
2025-12-13 18:29:07.896 | INFO     | src.models.xgboost_model:save:28 - XGBoost model saved to data/models/ASII.JK_15m_xgb.joblib
2025-12-13 18:29:07.898 | INFO     | __main__:<module>:303 - --- Training UNVR.JK [1d] ---
2025-12-13 18:29:07.900 | INFO     | __main__:run_pipeline:26 - Starting pipeline for UNVR.JK (1d)
2025-12-13 18:29:07.901 | INFO     | src.data_collection.stock_collector:fetch_history:49 - Fetching 730 days of history for UNVR.JK with interval 1d
2025-12-13 18:29:08.163 | INFO     | src.data_collection.news_collector:fetch_news:53 - Fetching Google News RSS for: UNVR
2025-12-13 18:29:09.105 | INFO     | src.data_collection.news_collector:fetch_news:62 - Found 100 articles
2025-12-13 18:29:09.109 | INFO     | src.data_collection.news_collector:fetch_news:109 - Saved 10 new articles from Google News
2025-12-13 18:29:09.240 | INFO     | src.data_collection.stock_collector:fetch_history:130 - Successfully updated 729 1d records for UNVR.JK
2025-12-13 18:29:09.604 | INFO     | src.models.lstm_model:train:40 - Training LSTM model with 408 samples
2025-12-13 18:29:13.253 | INFO     | __main__:run_pipeline:145 - LSTM Results - MSE: 0.004489304822560447, RMSE: 0.06700227475661141, MAE: 0.1539292957854368
2025-12-13 18:29:13.279 | INFO     | src.models.lstm_model:save:57 - Model saved to data/models/UNVR.JK_1d_lstm.h5
2025-12-13 18:29:13.296 | ERROR    | __main__:run_pipeline:231 - Failed to log history: (psycopg2.errors.InvalidColumnReference) there is no unique or exclusion constraint matching the ON CONFLICT specification

[SQL: 
                            INSERT INTO prediction_results (prediction_id, actual_direction, actual_change_pct, actual_price, is_correct, evaluated_at)
                            VALUES (%(pid)s, %(adir)s, %(apct)s, %(aprice)s, %(win)s, NOW())
                            ON CONFLICT (prediction_id) DO UPDATE
                            SET actual_price = EXCLUDED.actual_price,
                                is_correct = EXCLUDED.is_correct,
                                evaluated_at = NOW()
                        ]
[parameters: {'pid': 171781, 'adir': 'DOWN', 'apct': -1.4534883720930232, 'aprice': 1695.0, 'win': True}]
(Background on this error at: https://sqlalche.me/e/20/f405)
2025-12-13 18:29:13.298 | INFO     | src.models.xgboost_model:train:18 - Training XGBoost model with 408 samples
2025-12-13 18:29:15.206 | INFO     | __main__:run_pipeline:264 - XGBoost Results - MSE: 0.04691571385915001, RMSE: 0.2166003551685685, MAE: 0.17345632107786146
2025-12-13 18:29:15.212 | INFO     | src.models.xgboost_model:save:28 - XGBoost model saved to data/models/UNVR.JK_1d_xgb.joblib
2025-12-13 18:29:15.217 | INFO     | __main__:<module>:303 - --- Training UNVR.JK [1h] ---
2025-12-13 18:29:15.218 | INFO     | __main__:run_pipeline:26 - Starting pipeline for UNVR.JK (1h)
2025-12-13 18:29:15.218 | INFO     | src.data_collection.stock_collector:fetch_history:49 - Fetching 730 days of history for UNVR.JK with interval 1h
2025-12-13 18:29:16.414 | INFO     | src.data_collection.stock_collector:fetch_history:130 - Successfully updated 4844 1h records for UNVR.JK
2025-12-13 18:29:16.773 | INFO     | src.models.lstm_model:train:40 - Training LSTM model with 3887 samples
2025-12-13 18:29:32.927 | INFO     | __main__:run_pipeline:145 - LSTM Results - MSE: 0.0011770727661832875, RMSE: 0.03430849408212618, MAE: 0.1281497214322561
2025-12-13 18:29:32.953 | INFO     | src.models.lstm_model:save:57 - Model saved to data/models/UNVR.JK_1h_lstm.h5
2025-12-13 18:29:32.972 | ERROR    | __main__:run_pipeline:231 - Failed to log history: (psycopg2.errors.InvalidColumnReference) there is no unique or exclusion constraint matching the ON CONFLICT specification

[SQL: 
                            INSERT INTO prediction_results (prediction_id, actual_direction, actual_change_pct, actual_price, is_correct, evaluated_at)
                            VALUES (%(pid)s, %(adir)s, %(apct)s, %(aprice)s, %(win)s, NOW())
                            ON CONFLICT (prediction_id) DO UPDATE
                            SET actual_price = EXCLUDED.actual_price,
                                is_correct = EXCLUDED.is_correct,
                                evaluated_at = NOW()
                        ]
[parameters: {'pid': 171941, 'adir': 'UP', 'apct': 0.3144654088050315, 'aprice': 1595.0, 'win': False}]
(Background on this error at: https://sqlalche.me/e/20/f405)
2025-12-13 18:29:32.978 | INFO     | src.models.xgboost_model:train:18 - Training XGBoost model with 3887 samples
2025-12-13 18:29:36.461 | INFO     | __main__:run_pipeline:264 - XGBoost Results - MSE: 0.00012177962715924233, RMSE: 0.01103538069842823, MAE: 0.0062778165849643255
2025-12-13 18:29:36.466 | INFO     | src.models.xgboost_model:save:28 - XGBoost model saved to data/models/UNVR.JK_1h_xgb.joblib
2025-12-13 18:29:36.472 | INFO     | __main__:<module>:303 - --- Training UNVR.JK [15m] ---
2025-12-13 18:29:36.472 | INFO     | __main__:run_pipeline:26 - Starting pipeline for UNVR.JK (15m)
2025-12-13 18:29:36.473 | INFO     | src.data_collection.stock_collector:fetch_history:49 - Fetching 730 days of history for UNVR.JK with interval 15m
2025-12-13 18:29:39.472 | INFO     | src.data_collection.stock_collector:fetch_history:130 - Successfully updated 1177 15m records for UNVR.JK
2025-12-13 18:29:39.854 | INFO     | src.models.lstm_model:train:40 - Training LSTM model with 1353 samples
2025-12-13 18:29:46.208 | INFO     | __main__:run_pipeline:145 - LSTM Results - MSE: 0.0002927367137629479, RMSE: 0.01710955036705956, MAE: 0.05020417123682344
2025-12-13 18:29:46.239 | INFO     | src.models.lstm_model:save:57 - Model saved to data/models/UNVR.JK_15m_lstm.h5
2025-12-13 18:29:46.256 | ERROR    | __main__:run_pipeline:231 - Failed to log history: (psycopg2.errors.InvalidColumnReference) there is no unique or exclusion constraint matching the ON CONFLICT specification

[SQL: 
                            INSERT INTO prediction_results (prediction_id, actual_direction, actual_change_pct, actual_price, is_correct, evaluated_at)
                            VALUES (%(pid)s, %(adir)s, %(apct)s, %(aprice)s, %(win)s, NOW())
                            ON CONFLICT (prediction_id) DO UPDATE
                            SET actual_price = EXCLUDED.actual_price,
                                is_correct = EXCLUDED.is_correct,
                                evaluated_at = NOW()
                        ]
[parameters: {'pid': 172838, 'adir': 'DOWN', 'apct': 0.0, 'aprice': 2670.0, 'win': False}]
(Background on this error at: https://sqlalche.me/e/20/f405)
2025-12-13 18:29:46.264 | INFO     | src.models.xgboost_model:train:18 - Training XGBoost model with 1353 samples
2025-12-13 18:29:47.552 | INFO     | __main__:run_pipeline:264 - XGBoost Results - MSE: 8.826577239948858e-05, RMSE: 0.009394986556642249, MAE: 0.006714532095152508
2025-12-13 18:29:47.558 | INFO     | src.models.xgboost_model:save:28 - XGBoost model saved to data/models/UNVR.JK_15m_xgb.joblib
2025-12-13 18:29:47.560 | INFO     | __main__:<module>:309 - Cycle completed. Sleeping for 1 hour...
2025-12-13 18:30:39.726 | INFO     | __main__:<module>:296 - Starting Continuous Model Trainer...
2025-12-13 18:30:39.727 | INFO     | __main__:<module>:303 - --- Training BBCA.JK [1d] ---
2025-12-13 18:30:39.728 | INFO     | __main__:run_pipeline:26 - Starting pipeline for BBCA.JK (1d)
2025-12-13 18:30:39.728 | INFO     | src.data_collection.stock_collector:fetch_history:49 - Fetching 730 days of history for BBCA.JK with interval 1d
2025-12-13 18:30:41.197 | INFO     | src.data_collection.news_collector:fetch_news:53 - Fetching Google News RSS for: BBCA
2025-12-13 18:30:42.450 | INFO     | src.data_collection.news_collector:fetch_news:62 - Found 100 articles
2025-12-13 18:30:42.479 | INFO     | src.data_collection.news_collector:fetch_news:109 - Saved 10 new articles from Google News
2025-12-13 18:30:42.819 | INFO     | src.data_collection.stock_collector:fetch_history:130 - Successfully updated 729 1d records for BBCA.JK
2025-12-13 18:30:43.531 | INFO     | src.models.lstm_model:train:40 - Training LSTM model with 511 samples
2025-12-13 18:30:46.831 | INFO     | __main__:run_pipeline:145 - LSTM Results - MSE: 0.0007232637097140703, RMSE: 0.026893562607324274, MAE: 0.026719209201548466
2025-12-13 18:30:46.854 | INFO     | src.models.lstm_model:save:57 - Model saved to data/models/BBCA.JK_1d_lstm.h5
2025-12-13 18:30:46.917 | INFO     | __main__:run_pipeline:228 - Logged 128 historical predictions for BBCA.JK
2025-12-13 18:30:46.919 | INFO     | src.models.xgboost_model:train:18 - Training XGBoost model with 511 samples
2025-12-13 18:30:48.919 | INFO     | __main__:run_pipeline:264 - XGBoost Results - MSE: 0.0003793258893188899, RMSE: 0.019476290440401885, MAE: 0.018763803912679122
2025-12-13 18:30:48.926 | INFO     | src.models.xgboost_model:save:28 - XGBoost model saved to data/models/BBCA.JK_1d_xgb.joblib
2025-12-13 18:30:48.950 | INFO     | __main__:<module>:303 - --- Training BBCA.JK [1h] ---
2025-12-13 18:30:48.951 | INFO     | __main__:run_pipeline:26 - Starting pipeline for BBCA.JK (1h)
2025-12-13 18:30:48.951 | INFO     | src.data_collection.stock_collector:fetch_history:49 - Fetching 730 days of history for BBCA.JK with interval 1h
2025-12-13 18:30:49.976 | INFO     | src.data_collection.stock_collector:fetch_history:130 - Successfully updated 4852 1h records for BBCA.JK
2025-12-13 18:30:50.297 | INFO     | src.models.lstm_model:train:40 - Training LSTM model with 4556 samples
2025-12-13 18:31:06.124 | INFO     | __main__:run_pipeline:145 - LSTM Results - MSE: 0.0020674863440418175, RMSE: 0.04546962001206759, MAE: 0.03821232368769723
2025-12-13 18:31:06.150 | INFO     | src.models.lstm_model:save:57 - Model saved to data/models/BBCA.JK_1h_lstm.h5
2025-12-13 18:31:06.748 | INFO     | __main__:run_pipeline:228 - Logged 1140 historical predictions for BBCA.JK
2025-12-13 18:31:06.750 | INFO     | src.models.xgboost_model:train:18 - Training XGBoost model with 4556 samples
2025-12-13 18:31:09.614 | INFO     | __main__:run_pipeline:264 - XGBoost Results - MSE: 0.00017523609321154726, RMSE: 0.01323767703230243, MAE: 0.010813422338227222
2025-12-13 18:31:09.622 | INFO     | src.models.xgboost_model:save:28 - XGBoost model saved to data/models/BBCA.JK_1h_xgb.joblib
2025-12-13 18:31:09.646 | INFO     | __main__:<module>:303 - --- Training BBCA.JK [15m] ---
2025-12-13 18:31:09.648 | INFO     | __main__:run_pipeline:26 - Starting pipeline for BBCA.JK (15m)
2025-12-13 18:31:09.649 | INFO     | src.data_collection.stock_collector:fetch_history:49 - Fetching 730 days of history for BBCA.JK with interval 15m
2025-12-13 18:31:10.207 | INFO     | src.data_collection.stock_collector:fetch_history:130 - Successfully updated 1177 15m records for BBCA.JK
2025-12-13 18:31:10.580 | INFO     | src.models.lstm_model:train:40 - Training LSTM model with 3586 samples
2025-12-13 18:31:22.864 | INFO     | __main__:run_pipeline:145 - LSTM Results - MSE: 0.0016267434644274773, RMSE: 0.04033290795897907, MAE: 0.0396579287439469
2025-12-13 18:31:22.894 | INFO     | src.models.lstm_model:save:57 - Model saved to data/models/BBCA.JK_15m_lstm.h5
2025-12-13 18:31:23.255 | INFO     | __main__:run_pipeline:228 - Logged 897 historical predictions for BBCA.JK
2025-12-13 18:31:23.256 | INFO     | src.models.xgboost_model:train:18 - Training XGBoost model with 3586 samples
2025-12-13 18:31:24.190 | INFO     | __main__:run_pipeline:264 - XGBoost Results - MSE: 1.2628027539560412e-05, RMSE: 0.003553593609230016, MAE: 0.0023298737245841554
2025-12-13 18:31:24.193 | INFO     | src.models.xgboost_model:save:28 - XGBoost model saved to data/models/BBCA.JK_15m_xgb.joblib
2025-12-13 18:31:24.197 | INFO     | __main__:<module>:303 - --- Training BBRI.JK [1d] ---
2025-12-13 18:31:24.197 | INFO     | __main__:run_pipeline:26 - Starting pipeline for BBRI.JK (1d)
2025-12-13 18:31:24.198 | INFO     | src.data_collection.stock_collector:fetch_history:49 - Fetching 730 days of history for BBRI.JK with interval 1d
2025-12-13 18:31:24.454 | INFO     | src.data_collection.news_collector:fetch_news:53 - Fetching Google News RSS for: BBRI
2025-12-13 18:31:25.419 | INFO     | src.data_collection.news_collector:fetch_news:62 - Found 100 articles
2025-12-13 18:31:25.425 | INFO     | src.data_collection.news_collector:fetch_news:109 - Saved 10 new articles from Google News
2025-12-13 18:31:25.526 | INFO     | src.data_collection.stock_collector:fetch_history:130 - Successfully updated 729 1d records for BBRI.JK
2025-12-13 18:31:25.784 | INFO     | src.models.lstm_model:train:40 - Training LSTM model with 437 samples
2025-12-13 18:31:28.985 | INFO     | __main__:run_pipeline:145 - LSTM Results - MSE: 0.001685360610270253, RMSE: 0.04105314373187823, MAE: 0.05346808284754565
2025-12-13 18:31:29.004 | INFO     | src.models.lstm_model:save:57 - Model saved to data/models/BBRI.JK_1d_lstm.h5
2025-12-13 18:31:29.082 | INFO     | __main__:run_pipeline:228 - Logged 110 historical predictions for BBRI.JK
2025-12-13 18:31:29.083 | INFO     | src.models.xgboost_model:train:18 - Training XGBoost model with 437 samples
2025-12-13 18:31:30.756 | INFO     | __main__:run_pipeline:264 - XGBoost Results - MSE: 0.001759264613330736, RMSE: 0.04194358846511271, MAE: 0.03763136910242305
2025-12-13 18:31:30.766 | INFO     | src.models.xgboost_model:save:28 - XGBoost model saved to data/models/BBRI.JK_1d_xgb.joblib
2025-12-13 18:31:30.785 | INFO     | __main__:<module>:303 - --- Training BBRI.JK [1h] ---
2025-12-13 18:31:30.786 | INFO     | __main__:run_pipeline:26 - Starting pipeline for BBRI.JK (1h)
2025-12-13 18:31:30.786 | INFO     | src.data_collection.stock_collector:fetch_history:49 - Fetching 730 days of history for BBRI.JK with interval 1h
2025-12-13 18:31:31.804 | INFO     | src.data_collection.stock_collector:fetch_history:130 - Successfully updated 4853 1h records for BBRI.JK
2025-12-13 18:31:32.224 | INFO     | src.models.lstm_model:train:40 - Training LSTM model with 4090 samples
2025-12-13 18:31:46.000 | INFO     | __main__:run_pipeline:145 - LSTM Results - MSE: 0.0031607316680047678, RMSE: 0.056220384808401726, MAE: 0.07504320091699279
2025-12-13 18:31:46.027 | INFO     | src.models.lstm_model:save:57 - Model saved to data/models/BBRI.JK_1h_lstm.h5
2025-12-13 18:31:46.404 | INFO     | __main__:run_pipeline:228 - Logged 1023 historical predictions for BBRI.JK
2025-12-13 18:31:46.406 | INFO     | src.models.xgboost_model:train:18 - Training XGBoost model with 4090 samples
2025-12-13 18:31:48.864 | INFO     | __main__:run_pipeline:264 - XGBoost Results - MSE: 0.00027950598157468936, RMSE: 0.016718432389871047, MAE: 0.011159857264225637
2025-12-13 18:31:48.873 | INFO     | src.models.xgboost_model:save:28 - XGBoost model saved to data/models/BBRI.JK_1h_xgb.joblib
2025-12-13 18:31:48.903 | INFO     | __main__:<module>:303 - --- Training BBRI.JK [15m] ---
2025-12-13 18:31:48.904 | INFO     | __main__:run_pipeline:26 - Starting pipeline for BBRI.JK (15m)
2025-12-13 18:31:48.904 | INFO     | src.data_collection.stock_collector:fetch_history:49 - Fetching 730 days of history for BBRI.JK with interval 15m
2025-12-13 18:31:49.344 | INFO     | src.data_collection.stock_collector:fetch_history:130 - Successfully updated 1177 15m records for BBRI.JK
2025-12-13 18:31:49.680 | INFO     | src.models.lstm_model:train:40 - Training LSTM model with 2085 samples
2025-12-13 18:31:59.105 | INFO     | __main__:run_pipeline:145 - LSTM Results - MSE: 0.00023793380616970856, RMSE: 0.01542510311698786, MAE: 0.01800295547504477
2025-12-13 18:31:59.142 | INFO     | src.models.lstm_model:save:57 - Model saved to data/models/BBRI.JK_15m_lstm.h5
2025-12-13 18:31:59.384 | INFO     | __main__:run_pipeline:228 - Logged 522 historical predictions for BBRI.JK
2025-12-13 18:31:59.386 | INFO     | src.models.xgboost_model:train:18 - Training XGBoost model with 2085 samples
2025-12-13 18:32:00.501 | INFO     | __main__:run_pipeline:264 - XGBoost Results - MSE: 9.933086999194975e-05, RMSE: 0.009966487344694205, MAE: 0.008223914947786178
2025-12-13 18:32:00.504 | INFO     | src.models.xgboost_model:save:28 - XGBoost model saved to data/models/BBRI.JK_15m_xgb.joblib
2025-12-13 18:32:00.513 | INFO     | __main__:<module>:303 - --- Training TLKM.JK [1d] ---
2025-12-13 18:32:00.514 | INFO     | __main__:run_pipeline:26 - Starting pipeline for TLKM.JK (1d)
2025-12-13 18:32:00.514 | INFO     | src.data_collection.stock_collector:fetch_history:49 - Fetching 730 days of history for TLKM.JK with interval 1d
2025-12-13 18:32:00.779 | INFO     | src.data_collection.news_collector:fetch_news:53 - Fetching Google News RSS for: TLKM
2025-12-13 18:32:01.864 | INFO     | src.data_collection.news_collector:fetch_news:62 - Found 100 articles
2025-12-13 18:32:01.871 | INFO     | src.data_collection.news_collector:fetch_news:109 - Saved 10 new articles from Google News
2025-12-13 18:32:01.988 | INFO     | src.data_collection.stock_collector:fetch_history:130 - Successfully updated 729 1d records for TLKM.JK
2025-12-13 18:32:02.317 | INFO     | src.models.lstm_model:train:40 - Training LSTM model with 420 samples
2025-12-13 18:32:06.065 | INFO     | __main__:run_pipeline:145 - LSTM Results - MSE: 0.013695996600855702, RMSE: 0.11702989618407642, MAE: 0.16603785436114454
2025-12-13 18:32:06.092 | INFO     | src.models.lstm_model:save:57 - Model saved to data/models/TLKM.JK_1d_lstm.h5
2025-12-13 18:32:06.163 | INFO     | __main__:run_pipeline:228 - Logged 105 historical predictions for TLKM.JK
2025-12-13 18:32:06.165 | INFO     | src.models.xgboost_model:train:18 - Training XGBoost model with 420 samples
2025-12-13 18:32:07.937 | INFO     | __main__:run_pipeline:264 - XGBoost Results - MSE: 0.01502899206181493, RMSE: 0.12259278959961278, MAE: 0.10784900015417499
2025-12-13 18:32:07.950 | INFO     | src.models.xgboost_model:save:28 - XGBoost model saved to data/models/TLKM.JK_1d_xgb.joblib
2025-12-13 18:32:07.976 | INFO     | __main__:<module>:303 - --- Training TLKM.JK [1h] ---
2025-12-13 18:32:07.979 | INFO     | __main__:run_pipeline:26 - Starting pipeline for TLKM.JK (1h)
2025-12-13 18:32:07.979 | INFO     | src.data_collection.stock_collector:fetch_history:49 - Fetching 730 days of history for TLKM.JK with interval 1h
2025-12-13 18:32:09.076 | INFO     | src.data_collection.stock_collector:fetch_history:130 - Successfully updated 4846 1h records for TLKM.JK
2025-12-13 18:32:09.578 | INFO     | src.models.lstm_model:train:40 - Training LSTM model with 3968 samples
2025-12-13 18:32:22.135 | INFO     | __main__:run_pipeline:145 - LSTM Results - MSE: 0.0033444535786226423, RMSE: 0.05783125088239612, MAE: 0.12446650839387002
2025-12-13 18:32:22.181 | INFO     | src.models.lstm_model:save:57 - Model saved to data/models/TLKM.JK_1h_lstm.h5
2025-12-13 18:32:22.680 | INFO     | __main__:run_pipeline:228 - Logged 993 historical predictions for TLKM.JK
2025-12-13 18:32:22.682 | INFO     | src.models.xgboost_model:train:18 - Training XGBoost model with 3968 samples
2025-12-13 18:32:24.881 | INFO     | __main__:run_pipeline:264 - XGBoost Results - MSE: 0.0003914568003827586, RMSE: 0.01978526725578299, MAE: 0.012605422473772809
2025-12-13 18:32:24.886 | INFO     | src.models.xgboost_model:save:28 - XGBoost model saved to data/models/TLKM.JK_1h_xgb.joblib
2025-12-13 18:32:24.911 | INFO     | __main__:<module>:303 - --- Training TLKM.JK [15m] ---
2025-12-13 18:32:24.915 | INFO     | __main__:run_pipeline:26 - Starting pipeline for TLKM.JK (15m)
2025-12-13 18:32:24.916 | INFO     | src.data_collection.stock_collector:fetch_history:49 - Fetching 730 days of history for TLKM.JK with interval 15m
2025-12-13 18:32:25.342 | INFO     | src.data_collection.stock_collector:fetch_history:130 - Successfully updated 1177 15m records for TLKM.JK
2025-12-13 18:32:25.679 | INFO     | src.models.lstm_model:train:40 - Training LSTM model with 1580 samples
2025-12-13 18:32:34.462 | INFO     | __main__:run_pipeline:145 - LSTM Results - MSE: 0.0003875427436722434, RMSE: 0.019686105345452246, MAE: 0.02715074806138062
2025-12-13 18:32:34.549 | INFO     | src.models.lstm_model:save:57 - Model saved to data/models/TLKM.JK_15m_lstm.h5
2025-12-13 18:32:34.788 | INFO     | __main__:run_pipeline:228 - Logged 396 historical predictions for TLKM.JK
2025-12-13 18:32:34.792 | INFO     | src.models.xgboost_model:train:18 - Training XGBoost model with 1580 samples
2025-12-13 18:32:36.165 | INFO     | __main__:run_pipeline:264 - XGBoost Results - MSE: 0.0005380730561890468, RMSE: 0.023196401794007768, MAE: 0.0191350507945497
2025-12-13 18:32:36.169 | INFO     | src.models.xgboost_model:save:28 - XGBoost model saved to data/models/TLKM.JK_15m_xgb.joblib
2025-12-13 18:32:36.188 | INFO     | __main__:<module>:303 - --- Training ASII.JK [1d] ---
2025-12-13 18:32:36.190 | INFO     | __main__:run_pipeline:26 - Starting pipeline for ASII.JK (1d)
2025-12-13 18:32:36.191 | INFO     | src.data_collection.stock_collector:fetch_history:49 - Fetching 730 days of history for ASII.JK with interval 1d
2025-12-13 18:32:36.475 | INFO     | src.data_collection.news_collector:fetch_news:53 - Fetching Google News RSS for: ASII
2025-12-13 18:32:37.604 | INFO     | src.data_collection.news_collector:fetch_news:62 - Found 100 articles
2025-12-13 18:32:37.622 | INFO     | src.data_collection.news_collector:fetch_news:109 - Saved 10 new articles from Google News
2025-12-13 18:32:37.731 | INFO     | src.data_collection.stock_collector:fetch_history:130 - Successfully updated 729 1d records for ASII.JK
2025-12-13 18:32:38.078 | INFO     | src.models.lstm_model:train:40 - Training LSTM model with 421 samples
2025-12-13 18:32:41.505 | INFO     | __main__:run_pipeline:145 - LSTM Results - MSE: 0.004157868855284776, RMSE: 0.06448153887187227, MAE: 0.12788049055082232
2025-12-13 18:32:41.533 | INFO     | src.models.lstm_model:save:57 - Model saved to data/models/ASII.JK_1d_lstm.h5
2025-12-13 18:32:41.598 | INFO     | __main__:run_pipeline:228 - Logged 106 historical predictions for ASII.JK
2025-12-13 18:32:41.604 | INFO     | src.models.xgboost_model:train:18 - Training XGBoost model with 421 samples
2025-12-13 18:32:43.176 | INFO     | __main__:run_pipeline:264 - XGBoost Results - MSE: 0.07149722323163477, RMSE: 0.2673896468295561, MAE: 0.24380639179588787
2025-12-13 18:32:43.180 | INFO     | src.models.xgboost_model:save:28 - XGBoost model saved to data/models/ASII.JK_1d_xgb.joblib
2025-12-13 18:32:43.189 | INFO     | __main__:<module>:303 - --- Training ASII.JK [1h] ---
2025-12-13 18:32:43.191 | INFO     | __main__:run_pipeline:26 - Starting pipeline for ASII.JK (1h)
2025-12-13 18:32:43.191 | INFO     | src.data_collection.stock_collector:fetch_history:49 - Fetching 730 days of history for ASII.JK with interval 1h
2025-12-13 18:32:44.206 | INFO     | src.data_collection.stock_collector:fetch_history:130 - Successfully updated 4843 1h records for ASII.JK
2025-12-13 18:32:44.555 | INFO     | src.models.lstm_model:train:40 - Training LSTM model with 3982 samples
2025-12-13 18:32:54.668 | INFO     | src.training.trainer:run_pipeline:26 - Starting pipeline for BBCA.JK (1d)
2025-12-13 18:32:54.677 | INFO     | src.data_collection.stock_collector:fetch_history:49 - Fetching 730 days of history for BBCA.JK with interval 1d
2025-12-13 18:32:55.407 | INFO     | src.data_collection.news_collector:fetch_news:53 - Fetching Google News RSS for: BBCA
2025-12-13 18:32:56.295 | INFO     | src.data_collection.news_collector:fetch_news:62 - Found 100 articles
2025-12-13 18:32:56.320 | INFO     | src.data_collection.news_collector:fetch_news:109 - Saved 10 new articles from Google News
2025-12-13 18:32:56.469 | INFO     | src.data_collection.stock_collector:fetch_history:130 - Successfully updated 729 1d records for BBCA.JK
2025-12-13 18:32:56.862 | INFO     | src.models.lstm_model:train:40 - Training LSTM model with 518 samples
2025-12-13 18:33:01.299 | INFO     | __main__:run_pipeline:145 - LSTM Results - MSE: 0.0023412158971008973, RMSE: 0.04838611264713148, MAE: 0.2154350659182729
2025-12-13 18:33:01.342 | INFO     | src.models.lstm_model:save:57 - Model saved to data/models/ASII.JK_1h_lstm.h5
2025-12-13 18:33:01.947 | INFO     | __main__:run_pipeline:228 - Logged 996 historical predictions for ASII.JK
2025-12-13 18:33:01.951 | INFO     | src.models.xgboost_model:train:18 - Training XGBoost model with 3982 samples
2025-12-13 18:33:02.206 | INFO     | src.training.trainer:run_pipeline:145 - LSTM Results - MSE: 4.38600935803175e-06, RMSE: 0.002094280152709219, MAE: 0.00172048629881762
2025-12-13 18:33:02.246 | INFO     | src.models.lstm_model:save:57 - Model saved to data/models/BBCA.JK_1d_lstm.h5
2025-12-13 18:33:02.306 | INFO     | src.training.trainer:run_pipeline:228 - Logged 130 historical predictions for BBCA.JK
2025-12-13 18:33:02.307 | INFO     | src.models.xgboost_model:train:18 - Training XGBoost model with 518 samples
2025-12-13 18:33:05.289 | INFO     | __main__:run_pipeline:264 - XGBoost Results - MSE: 0.000584780216215797, RMSE: 0.024182229347514614, MAE: 0.017099544220555683
2025-12-13 18:33:05.309 | INFO     | src.models.xgboost_model:save:28 - XGBoost model saved to data/models/ASII.JK_1h_xgb.joblib
2025-12-13 18:33:05.402 | INFO     | __main__:<module>:303 - --- Training ASII.JK [15m] ---
2025-12-13 18:33:05.404 | INFO     | __main__:run_pipeline:26 - Starting pipeline for ASII.JK (15m)
2025-12-13 18:33:05.404 | INFO     | src.data_collection.stock_collector:fetch_history:49 - Fetching 730 days of history for ASII.JK with interval 15m
2025-12-13 18:33:05.907 | INFO     | src.data_collection.stock_collector:fetch_history:130 - Successfully updated 1177 15m records for ASII.JK
2025-12-13 18:33:06.358 | INFO     | src.models.lstm_model:train:40 - Training LSTM model with 1554 samples
2025-12-13 18:33:07.767 | INFO     | src.training.trainer:run_pipeline:264 - XGBoost Results - MSE: 0.0009223296341266645, RMSE: 0.030369880377220198, MAE: 0.02465657591944272
2025-12-13 18:33:07.778 | INFO     | src.models.xgboost_model:save:28 - XGBoost model saved to data/models/BBCA.JK_1d_xgb.joblib
2025-12-13 18:33:13.868 | INFO     | __main__:run_pipeline:145 - LSTM Results - MSE: 0.0005500018940638176, RMSE: 0.023452119180658655, MAE: 0.05639094621487938
2025-12-13 18:33:13.895 | INFO     | src.models.lstm_model:save:57 - Model saved to data/models/ASII.JK_15m_lstm.h5
2025-12-13 18:33:14.057 | INFO     | __main__:run_pipeline:228 - Logged 389 historical predictions for ASII.JK
2025-12-13 18:33:14.059 | INFO     | src.models.xgboost_model:train:18 - Training XGBoost model with 1554 samples
2025-12-13 18:33:15.185 | INFO     | __main__:run_pipeline:264 - XGBoost Results - MSE: 0.00046392655436288007, RMSE: 0.021538954347016942, MAE: 0.01568426134197081
2025-12-13 18:33:15.188 | INFO     | src.models.xgboost_model:save:28 - XGBoost model saved to data/models/ASII.JK_15m_xgb.joblib
2025-12-13 18:33:15.199 | INFO     | __main__:<module>:303 - --- Training UNVR.JK [1d] ---
2025-12-13 18:33:15.200 | INFO     | __main__:run_pipeline:26 - Starting pipeline for UNVR.JK (1d)
2025-12-13 18:33:15.200 | INFO     | src.data_collection.stock_collector:fetch_history:49 - Fetching 730 days of history for UNVR.JK with interval 1d
2025-12-13 18:33:15.476 | INFO     | src.data_collection.news_collector:fetch_news:53 - Fetching Google News RSS for: UNVR
2025-12-13 18:33:16.711 | INFO     | src.data_collection.news_collector:fetch_news:62 - Found 100 articles
2025-12-13 18:33:16.715 | INFO     | src.data_collection.news_collector:fetch_news:109 - Saved 10 new articles from Google News
2025-12-13 18:33:16.829 | INFO     | src.data_collection.stock_collector:fetch_history:130 - Successfully updated 729 1d records for UNVR.JK
2025-12-13 18:33:17.176 | INFO     | src.models.lstm_model:train:40 - Training LSTM model with 415 samples
2025-12-13 18:33:20.040 | INFO     | __main__:run_pipeline:145 - LSTM Results - MSE: 0.010021226633039618, RMSE: 0.10010607690365066, MAE: 0.15719749586071177
2025-12-13 18:33:20.066 | INFO     | src.models.lstm_model:save:57 - Model saved to data/models/UNVR.JK_1d_lstm.h5
2025-12-13 18:33:20.145 | INFO     | __main__:run_pipeline:228 - Logged 104 historical predictions for UNVR.JK
2025-12-13 18:33:20.147 | INFO     | src.models.xgboost_model:train:18 - Training XGBoost model with 415 samples
2025-12-13 18:33:21.415 | INFO     | __main__:run_pipeline:264 - XGBoost Results - MSE: 0.04417539000381828, RMSE: 0.2101794233597054, MAE: 0.1689421406526434
2025-12-13 18:33:21.418 | INFO     | src.models.xgboost_model:save:28 - XGBoost model saved to data/models/UNVR.JK_1d_xgb.joblib
2025-12-13 18:33:21.430 | INFO     | __main__:<module>:303 - --- Training UNVR.JK [1h] ---
2025-12-13 18:33:21.431 | INFO     | __main__:run_pipeline:26 - Starting pipeline for UNVR.JK (1h)
2025-12-13 18:33:21.432 | INFO     | src.data_collection.stock_collector:fetch_history:49 - Fetching 730 days of history for UNVR.JK with interval 1h
2025-12-13 18:33:22.448 | INFO     | src.data_collection.stock_collector:fetch_history:130 - Successfully updated 4844 1h records for UNVR.JK
2025-12-13 18:33:22.776 | INFO     | src.models.lstm_model:train:40 - Training LSTM model with 3929 samples
2025-12-13 18:33:34.926 | INFO     | __main__:run_pipeline:145 - LSTM Results - MSE: 0.0011164469674911249, RMSE: 0.033413275318219325, MAE: 0.12593470100952897
2025-12-13 18:33:34.960 | INFO     | src.models.lstm_model:save:57 - Model saved to data/models/UNVR.JK_1h_lstm.h5
2025-12-13 18:33:35.325 | INFO     | __main__:run_pipeline:228 - Logged 983 historical predictions for UNVR.JK
2025-12-13 18:33:35.327 | INFO     | src.models.xgboost_model:train:18 - Training XGBoost model with 3929 samples
2025-12-13 18:33:37.806 | INFO     | __main__:run_pipeline:264 - XGBoost Results - MSE: 0.00013567241646676045, RMSE: 0.0116478502937993, MAE: 0.006625763383405954
2025-12-13 18:33:37.809 | INFO     | src.models.xgboost_model:save:28 - XGBoost model saved to data/models/UNVR.JK_1h_xgb.joblib
2025-12-13 18:33:37.830 | INFO     | __main__:<module>:303 - --- Training UNVR.JK [15m] ---
2025-12-13 18:33:37.831 | INFO     | __main__:run_pipeline:26 - Starting pipeline for UNVR.JK (15m)
2025-12-13 18:33:37.831 | INFO     | src.data_collection.stock_collector:fetch_history:49 - Fetching 730 days of history for UNVR.JK with interval 15m
2025-12-13 18:33:38.293 | INFO     | src.data_collection.stock_collector:fetch_history:130 - Successfully updated 1177 15m records for UNVR.JK
2025-12-13 18:33:38.607 | INFO     | src.models.lstm_model:train:40 - Training LSTM model with 1472 samples
2025-12-13 18:33:44.713 | INFO     | __main__:run_pipeline:145 - LSTM Results - MSE: 0.00041706447218843915, RMSE: 0.02042215640397554, MAE: 0.05276017971457911
2025-12-13 18:33:44.747 | INFO     | src.models.lstm_model:save:57 - Model saved to data/models/UNVR.JK_15m_lstm.h5
2025-12-13 18:33:44.930 | INFO     | __main__:run_pipeline:228 - Logged 369 historical predictions for UNVR.JK
2025-12-13 18:33:44.933 | INFO     | src.models.xgboost_model:train:18 - Training XGBoost model with 1472 samples
2025-12-13 18:33:46.242 | INFO     | __main__:run_pipeline:264 - XGBoost Results - MSE: 0.00011147211926764549, RMSE: 0.010558035767492242, MAE: 0.008049140887009743
2025-12-13 18:33:46.247 | INFO     | src.models.xgboost_model:save:28 - XGBoost model saved to data/models/UNVR.JK_15m_xgb.joblib
2025-12-13 18:33:46.259 | INFO     | __main__:<module>:309 - Cycle completed. Sleeping for 1 hour...
2025-12-13 18:56:12.235 | INFO     | __main__:<module>:299 - Starting Continuous Model Trainer...
2025-12-13 18:56:12.237 | INFO     | __main__:<module>:306 - --- Training BBCA.JK [1d] ---
2025-12-13 18:56:12.237 | INFO     | __main__:run_pipeline:26 - Starting pipeline for BBCA.JK (1d)
2025-12-13 18:56:12.237 | INFO     | src.data_collection.stock_collector:fetch_history:49 - Fetching 730 days of history for BBCA.JK with interval 1d
2025-12-13 18:56:13.673 | INFO     | src.data_collection.news_collector:fetch_news:53 - Fetching Google News RSS for: BBCA
2025-12-13 18:56:14.750 | INFO     | src.data_collection.news_collector:fetch_news:62 - Found 100 articles
2025-12-13 18:56:14.772 | INFO     | src.data_collection.news_collector:fetch_news:109 - Saved 10 new articles from Google News
2025-12-13 18:56:14.879 | INFO     | src.data_collection.stock_collector:fetch_history:130 - Successfully updated 729 1d records for BBCA.JK
2025-12-13 18:56:15.552 | INFO     | src.models.lstm_model:train:40 - Training LSTM model with 525 samples
2025-12-13 18:56:18.979 | INFO     | __main__:run_pipeline:145 - LSTM Results - MSE: 0.0001960360368335075, RMSE: 0.014001286970614792, MAE: 0.009321518218435295
2025-12-13 18:56:19.021 | INFO     | src.models.lstm_model:save:57 - Model saved to data/models/BBCA.JK_1d_lstm.h5
2025-12-13 18:56:19.022 | INFO     | __main__:run_pipeline:162 - DEBUG: len(df)=717, len(X_train)=525, seq_len=60, start_idx=585
2025-12-13 18:56:19.022 | INFO     | __main__:run_pipeline:167 - DEBUG: len(test_dates)=132, len(preds)=132
2025-12-13 18:56:19.104 | INFO     | __main__:run_pipeline:231 - Logged 132 historical predictions for BBCA.JK
2025-12-13 18:56:19.106 | INFO     | src.models.xgboost_model:train:18 - Training XGBoost model with 525 samples
2025-12-13 18:56:21.547 | INFO     | __main__:run_pipeline:267 - XGBoost Results - MSE: 0.000851261857187725, RMSE: 0.029176392120817903, MAE: 0.023814101709902665
2025-12-13 18:56:21.553 | INFO     | src.models.xgboost_model:save:28 - XGBoost model saved to data/models/BBCA.JK_1d_xgb.joblib
2025-12-13 18:56:21.560 | INFO     | __main__:<module>:306 - --- Training BBCA.JK [1h] ---
2025-12-13 18:56:21.561 | INFO     | __main__:run_pipeline:26 - Starting pipeline for BBCA.JK (1h)
2025-12-13 18:56:21.561 | INFO     | src.data_collection.stock_collector:fetch_history:49 - Fetching 730 days of history for BBCA.JK with interval 1h
2025-12-13 18:56:22.507 | INFO     | src.data_collection.stock_collector:fetch_history:130 - Successfully updated 4852 1h records for BBCA.JK
2025-12-13 18:56:22.814 | INFO     | src.models.lstm_model:train:40 - Training LSTM model with 4649 samples
2025-12-13 18:56:38.852 | INFO     | __main__:run_pipeline:145 - LSTM Results - MSE: 0.004231675230008671, RMSE: 0.06505132765754032, MAE: 0.051838876044715536
2025-12-13 18:56:38.901 | INFO     | src.models.lstm_model:save:57 - Model saved to data/models/BBCA.JK_1h_lstm.h5
2025-12-13 18:56:38.902 | INFO     | __main__:run_pipeline:162 - DEBUG: len(df)=5872, len(X_train)=4649, seq_len=60, start_idx=4709
2025-12-13 18:56:38.903 | INFO     | __main__:run_pipeline:167 - DEBUG: len(test_dates)=1163, len(preds)=1163
2025-12-13 18:56:39.344 | INFO     | __main__:run_pipeline:231 - Logged 1163 historical predictions for BBCA.JK
2025-12-13 18:56:39.346 | INFO     | src.models.xgboost_model:train:18 - Training XGBoost model with 4649 samples
2025-12-13 18:56:43.706 | INFO     | __main__:run_pipeline:267 - XGBoost Results - MSE: 0.00012052163605931989, RMSE: 0.010978234651314386, MAE: 0.00976950141808238
2025-12-13 18:56:43.713 | INFO     | src.models.xgboost_model:save:28 - XGBoost model saved to data/models/BBCA.JK_1h_xgb.joblib
2025-12-13 18:56:43.752 | INFO     | __main__:<module>:306 - --- Training BBCA.JK [15m] ---
2025-12-13 18:56:43.756 | INFO     | __main__:run_pipeline:26 - Starting pipeline for BBCA.JK (15m)
2025-12-13 18:56:43.756 | INFO     | src.data_collection.stock_collector:fetch_history:49 - Fetching 730 days of history for BBCA.JK with interval 15m
2025-12-13 18:56:44.253 | INFO     | src.data_collection.stock_collector:fetch_history:130 - Successfully updated 1177 15m records for BBCA.JK
2025-12-13 18:56:44.794 | INFO     | src.models.lstm_model:train:40 - Training LSTM model with 3885 samples
2025-12-13 18:57:01.068 | INFO     | __main__:run_pipeline:145 - LSTM Results - MSE: 7.358384292103956e-05, RMSE: 0.008578102524512025, MAE: 0.013366439067477446
2025-12-13 18:57:01.115 | INFO     | src.models.lstm_model:save:57 - Model saved to data/models/BBCA.JK_15m_lstm.h5
2025-12-13 18:57:01.116 | INFO     | __main__:run_pipeline:162 - DEBUG: len(df)=4917, len(X_train)=3885, seq_len=60, start_idx=3945
2025-12-13 18:57:01.117 | INFO     | __main__:run_pipeline:167 - DEBUG: len(test_dates)=972, len(preds)=972
2025-12-13 18:57:01.552 | INFO     | __main__:run_pipeline:231 - Logged 972 historical predictions for BBCA.JK
2025-12-13 18:57:01.555 | INFO     | src.models.xgboost_model:train:18 - Training XGBoost model with 3885 samples
2025-12-13 18:57:02.857 | INFO     | __main__:run_pipeline:267 - XGBoost Results - MSE: 5.9677488380726185e-05, RMSE: 0.007725120606225264, MAE: 0.006893569352948686
2025-12-13 18:57:02.868 | INFO     | src.models.xgboost_model:save:28 - XGBoost model saved to data/models/BBCA.JK_15m_xgb.joblib
2025-12-13 18:57:02.886 | INFO     | __main__:<module>:306 - --- Training BBRI.JK [1d] ---
2025-12-13 18:57:02.889 | INFO     | __main__:run_pipeline:26 - Starting pipeline for BBRI.JK (1d)
2025-12-13 18:57:02.889 | INFO     | src.data_collection.stock_collector:fetch_history:49 - Fetching 730 days of history for BBRI.JK with interval 1d
2025-12-13 18:57:03.177 | INFO     | src.data_collection.news_collector:fetch_news:53 - Fetching Google News RSS for: BBRI
2025-12-13 18:57:04.194 | INFO     | src.data_collection.news_collector:fetch_news:62 - Found 100 articles
2025-12-13 18:57:04.200 | INFO     | src.data_collection.news_collector:fetch_news:109 - Saved 10 new articles from Google News
2025-12-13 18:57:04.334 | INFO     | src.data_collection.stock_collector:fetch_history:130 - Successfully updated 729 1d records for BBRI.JK
2025-12-13 18:57:04.662 | INFO     | src.models.lstm_model:train:40 - Training LSTM model with 444 samples
2025-12-13 18:57:08.165 | INFO     | __main__:run_pipeline:145 - LSTM Results - MSE: 0.0012806717907563867, RMSE: 0.03578647496969192, MAE: 0.04523801385515883
2025-12-13 18:57:08.205 | INFO     | src.models.lstm_model:save:57 - Model saved to data/models/BBRI.JK_1d_lstm.h5
2025-12-13 18:57:08.206 | INFO     | __main__:run_pipeline:162 - DEBUG: len(df)=616, len(X_train)=444, seq_len=60, start_idx=504
2025-12-13 18:57:08.208 | INFO     | __main__:run_pipeline:167 - DEBUG: len(test_dates)=112, len(preds)=112
2025-12-13 18:57:08.309 | INFO     | __main__:run_pipeline:231 - Logged 112 historical predictions for BBRI.JK
2025-12-13 18:57:08.312 | INFO     | src.models.xgboost_model:train:18 - Training XGBoost model with 444 samples
2025-12-13 18:57:10.413 | INFO     | __main__:run_pipeline:267 - XGBoost Results - MSE: 0.0019590482354091042, RMSE: 0.04426113685174732, MAE: 0.03803501011528998
2025-12-13 18:57:10.427 | INFO     | src.models.xgboost_model:save:28 - XGBoost model saved to data/models/BBRI.JK_1d_xgb.joblib
2025-12-13 18:57:10.460 | INFO     | __main__:<module>:306 - --- Training BBRI.JK [1h] ---
2025-12-13 18:57:10.461 | INFO     | __main__:run_pipeline:26 - Starting pipeline for BBRI.JK (1h)
2025-12-13 18:57:10.462 | INFO     | src.data_collection.stock_collector:fetch_history:49 - Fetching 730 days of history for BBRI.JK with interval 1h
2025-12-13 18:57:11.748 | INFO     | src.data_collection.stock_collector:fetch_history:130 - Successfully updated 4853 1h records for BBRI.JK
2025-12-13 18:57:12.184 | INFO     | src.models.lstm_model:train:40 - Training LSTM model with 4138 samples
2025-12-13 18:57:28.534 | INFO     | __main__:run_pipeline:145 - LSTM Results - MSE: 0.005005627096006234, RMSE: 0.07075045650740519, MAE: 0.07794048894108051
2025-12-13 18:57:28.575 | INFO     | src.models.lstm_model:save:57 - Model saved to data/models/BBRI.JK_1h_lstm.h5
2025-12-13 18:57:28.576 | INFO     | __main__:run_pipeline:162 - DEBUG: len(df)=5233, len(X_train)=4138, seq_len=60, start_idx=4198
2025-12-13 18:57:28.576 | INFO     | __main__:run_pipeline:167 - DEBUG: len(test_dates)=1035, len(preds)=1035
2025-12-13 18:57:28.960 | INFO     | __main__:run_pipeline:231 - Logged 1035 historical predictions for BBRI.JK
2025-12-13 18:57:28.964 | INFO     | src.models.xgboost_model:train:18 - Training XGBoost model with 4138 samples
2025-12-13 18:57:32.319 | INFO     | __main__:run_pipeline:267 - XGBoost Results - MSE: 0.00024456803864063645, RMSE: 0.01563867125559702, MAE: 0.010280845221060986
2025-12-13 18:57:32.333 | INFO     | src.models.xgboost_model:save:28 - XGBoost model saved to data/models/BBRI.JK_1h_xgb.joblib
2025-12-13 18:57:32.357 | INFO     | __main__:<module>:306 - --- Training BBRI.JK [15m] ---
2025-12-13 18:57:32.363 | INFO     | __main__:run_pipeline:26 - Starting pipeline for BBRI.JK (15m)
2025-12-13 18:57:32.363 | INFO     | src.data_collection.stock_collector:fetch_history:49 - Fetching 730 days of history for BBRI.JK with interval 15m
2025-12-13 18:57:32.859 | INFO     | src.data_collection.stock_collector:fetch_history:130 - Successfully updated 1177 15m records for BBRI.JK
2025-12-13 18:57:33.557 | INFO     | src.models.lstm_model:train:40 - Training LSTM model with 2241 samples
2025-12-13 18:57:45.697 | INFO     | __main__:run_pipeline:145 - LSTM Results - MSE: 0.0007196887310553444, RMSE: 0.02682701494865473, MAE: 0.02803330533636649
2025-12-13 18:57:45.753 | INFO     | src.models.lstm_model:save:57 - Model saved to data/models/BBRI.JK_15m_lstm.h5
2025-12-13 18:57:45.758 | INFO     | __main__:run_pipeline:162 - DEBUG: len(df)=2862, len(X_train)=2241, seq_len=60, start_idx=2301
2025-12-13 18:57:45.764 | INFO     | __main__:run_pipeline:167 - DEBUG: len(test_dates)=561, len(preds)=561
2025-12-13 18:57:46.041 | INFO     | __main__:run_pipeline:231 - Logged 561 historical predictions for BBRI.JK
2025-12-13 18:57:46.045 | INFO     | src.models.xgboost_model:train:18 - Training XGBoost model with 2241 samples
2025-12-13 18:57:47.421 | INFO     | __main__:run_pipeline:267 - XGBoost Results - MSE: 0.0001423665598017642, RMSE: 0.011931745882383021, MAE: 0.008883608178903752
2025-12-13 18:57:47.428 | INFO     | src.models.xgboost_model:save:28 - XGBoost model saved to data/models/BBRI.JK_15m_xgb.joblib
2025-12-13 18:57:47.462 | INFO     | __main__:<module>:306 - --- Training TLKM.JK [1d] ---
2025-12-13 18:57:47.463 | INFO     | __main__:run_pipeline:26 - Starting pipeline for TLKM.JK (1d)
2025-12-13 18:57:47.463 | INFO     | src.data_collection.stock_collector:fetch_history:49 - Fetching 730 days of history for TLKM.JK with interval 1d
2025-12-13 18:57:47.781 | INFO     | src.data_collection.news_collector:fetch_news:53 - Fetching Google News RSS for: TLKM
2025-12-13 18:57:48.743 | INFO     | src.data_collection.news_collector:fetch_news:62 - Found 100 articles
2025-12-13 18:57:48.763 | INFO     | src.data_collection.news_collector:fetch_news:109 - Saved 10 new articles from Google News
2025-12-13 18:57:48.974 | INFO     | src.data_collection.stock_collector:fetch_history:130 - Successfully updated 729 1d records for TLKM.JK
2025-12-13 18:57:49.337 | INFO     | src.models.lstm_model:train:40 - Training LSTM model with 426 samples
2025-12-13 18:57:53.031 | INFO     | __main__:run_pipeline:145 - LSTM Results - MSE: 0.009370615730493812, RMSE: 0.09680194073722805, MAE: 0.1342701701471188
2025-12-13 18:57:53.064 | INFO     | src.models.lstm_model:save:57 - Model saved to data/models/TLKM.JK_1d_lstm.h5
2025-12-13 18:57:53.064 | INFO     | __main__:run_pipeline:162 - DEBUG: len(df)=593, len(X_train)=426, seq_len=60, start_idx=486
2025-12-13 18:57:53.065 | INFO     | __main__:run_pipeline:167 - DEBUG: len(test_dates)=107, len(preds)=107
2025-12-13 18:57:53.130 | INFO     | __main__:run_pipeline:231 - Logged 107 historical predictions for TLKM.JK
2025-12-13 18:57:53.135 | INFO     | src.models.xgboost_model:train:18 - Training XGBoost model with 426 samples
2025-12-13 18:57:55.193 | INFO     | __main__:run_pipeline:267 - XGBoost Results - MSE: 0.013872881114477402, RMSE: 0.1177831953823524, MAE: 0.10472773303564306
2025-12-13 18:57:55.196 | INFO     | src.models.xgboost_model:save:28 - XGBoost model saved to data/models/TLKM.JK_1d_xgb.joblib
2025-12-13 18:57:55.210 | INFO     | __main__:<module>:306 - --- Training TLKM.JK [1h] ---
2025-12-13 18:57:55.211 | INFO     | __main__:run_pipeline:26 - Starting pipeline for TLKM.JK (1h)
2025-12-13 18:57:55.211 | INFO     | src.data_collection.stock_collector:fetch_history:49 - Fetching 730 days of history for TLKM.JK with interval 1h
2025-12-13 18:57:56.348 | INFO     | src.data_collection.stock_collector:fetch_history:130 - Successfully updated 4846 1h records for TLKM.JK
2025-12-13 18:57:56.893 | INFO     | src.models.lstm_model:train:40 - Training LSTM model with 4011 samples
2025-12-13 18:58:11.807 | INFO     | __main__:run_pipeline:145 - LSTM Results - MSE: 0.0016933588852938893, RMSE: 0.04115044210326165, MAE: 0.1188431705953957
2025-12-13 18:58:11.861 | INFO     | src.models.lstm_model:save:57 - Model saved to data/models/TLKM.JK_1h_lstm.h5
2025-12-13 18:58:11.861 | INFO     | __main__:run_pipeline:162 - DEBUG: len(df)=5074, len(X_train)=4011, seq_len=60, start_idx=4071
2025-12-13 18:58:11.862 | INFO     | __main__:run_pipeline:167 - DEBUG: len(test_dates)=1003, len(preds)=1003
2025-12-13 18:58:12.270 | INFO     | __main__:run_pipeline:231 - Logged 1003 historical predictions for TLKM.JK
2025-12-13 18:58:12.273 | INFO     | src.models.xgboost_model:train:18 - Training XGBoost model with 4011 samples
2025-12-13 18:58:14.689 | INFO     | __main__:run_pipeline:267 - XGBoost Results - MSE: 0.00042398572829273774, RMSE: 0.02059091373137039, MAE: 0.013121629781444126
2025-12-13 18:58:14.693 | INFO     | src.models.xgboost_model:save:28 - XGBoost model saved to data/models/TLKM.JK_1h_xgb.joblib
2025-12-13 18:58:14.708 | INFO     | __main__:<module>:306 - --- Training TLKM.JK [15m] ---
2025-12-13 18:58:14.710 | INFO     | __main__:run_pipeline:26 - Starting pipeline for TLKM.JK (15m)
2025-12-13 18:58:14.710 | INFO     | src.data_collection.stock_collector:fetch_history:49 - Fetching 730 days of history for TLKM.JK with interval 15m
2025-12-13 18:58:15.222 | INFO     | src.data_collection.stock_collector:fetch_history:130 - Successfully updated 1177 15m records for TLKM.JK
2025-12-13 18:58:15.500 | INFO     | src.models.lstm_model:train:40 - Training LSTM model with 1700 samples
2025-12-13 18:58:22.185 | INFO     | __main__:run_pipeline:145 - LSTM Results - MSE: 0.0002551648667179017, RMSE: 0.01597388076573447, MAE: 0.02152674660582887
2025-12-13 18:58:22.212 | INFO     | src.models.lstm_model:save:57 - Model saved to data/models/TLKM.JK_15m_lstm.h5
2025-12-13 18:58:22.212 | INFO     | __main__:run_pipeline:162 - DEBUG: len(df)=2185, len(X_train)=1700, seq_len=60, start_idx=1760
2025-12-13 18:58:22.216 | INFO     | __main__:run_pipeline:167 - DEBUG: len(test_dates)=425, len(preds)=425
2025-12-13 18:58:22.392 | INFO     | __main__:run_pipeline:231 - Logged 425 historical predictions for TLKM.JK
2025-12-13 18:58:22.394 | INFO     | src.models.xgboost_model:train:18 - Training XGBoost model with 1700 samples
2025-12-13 18:58:23.653 | INFO     | __main__:run_pipeline:267 - XGBoost Results - MSE: 0.0006875174588002077, RMSE: 0.026220554128397206, MAE: 0.022614200789721515
2025-12-13 18:58:23.657 | INFO     | src.models.xgboost_model:save:28 - XGBoost model saved to data/models/TLKM.JK_15m_xgb.joblib
2025-12-13 18:58:23.665 | INFO     | __main__:<module>:306 - --- Training ASII.JK [1d] ---
2025-12-13 18:58:23.667 | INFO     | __main__:run_pipeline:26 - Starting pipeline for ASII.JK (1d)
2025-12-13 18:58:23.667 | INFO     | src.data_collection.stock_collector:fetch_history:49 - Fetching 730 days of history for ASII.JK with interval 1d
2025-12-13 18:58:23.921 | INFO     | src.data_collection.news_collector:fetch_news:53 - Fetching Google News RSS for: ASII
2025-12-13 18:58:24.890 | INFO     | src.data_collection.news_collector:fetch_news:62 - Found 100 articles
2025-12-13 18:58:24.894 | INFO     | src.data_collection.news_collector:fetch_news:109 - Saved 10 new articles from Google News
2025-12-13 18:58:25.003 | INFO     | src.data_collection.stock_collector:fetch_history:130 - Successfully updated 729 1d records for ASII.JK
2025-12-13 18:58:25.275 | INFO     | src.models.lstm_model:train:40 - Training LSTM model with 429 samples
2025-12-13 18:58:28.204 | INFO     | __main__:run_pipeline:145 - LSTM Results - MSE: 0.0033433486303744014, RMSE: 0.05782169688252327, MAE: 0.10931168875476191
2025-12-13 18:58:28.233 | INFO     | src.models.lstm_model:save:57 - Model saved to data/models/ASII.JK_1d_lstm.h5
2025-12-13 18:58:28.234 | INFO     | __main__:run_pipeline:162 - DEBUG: len(df)=597, len(X_train)=429, seq_len=60, start_idx=489
2025-12-13 18:58:28.234 | INFO     | __main__:run_pipeline:167 - DEBUG: len(test_dates)=108, len(preds)=108
2025-12-13 18:58:28.297 | INFO     | __main__:run_pipeline:231 - Logged 108 historical predictions for ASII.JK
2025-12-13 18:58:28.304 | INFO     | src.models.xgboost_model:train:18 - Training XGBoost model with 429 samples
2025-12-13 18:58:29.520 | INFO     | __main__:run_pipeline:267 - XGBoost Results - MSE: 0.08076306436823559, RMSE: 0.28418843109499653, MAE: 0.26859723712826106
2025-12-13 18:58:29.529 | INFO     | src.models.xgboost_model:save:28 - XGBoost model saved to data/models/ASII.JK_1d_xgb.joblib
2025-12-13 18:58:29.537 | INFO     | __main__:<module>:306 - --- Training ASII.JK [1h] ---
2025-12-13 18:58:29.540 | INFO     | __main__:run_pipeline:26 - Starting pipeline for ASII.JK (1h)
2025-12-13 18:58:29.541 | INFO     | src.data_collection.stock_collector:fetch_history:49 - Fetching 730 days of history for ASII.JK with interval 1h
2025-12-13 18:58:30.598 | INFO     | src.data_collection.stock_collector:fetch_history:130 - Successfully updated 4843 1h records for ASII.JK
2025-12-13 18:58:30.915 | INFO     | src.models.lstm_model:train:40 - Training LSTM model with 4036 samples
2025-12-13 18:58:44.867 | INFO     | __main__:run_pipeline:145 - LSTM Results - MSE: 0.005472501841580515, RMSE: 0.07397636001845802, MAE: 0.19185433555944967
2025-12-13 18:58:44.903 | INFO     | src.models.lstm_model:save:57 - Model saved to data/models/ASII.JK_1h_lstm.h5
2025-12-13 18:58:44.904 | INFO     | __main__:run_pipeline:162 - DEBUG: len(df)=5106, len(X_train)=4036, seq_len=60, start_idx=4096
2025-12-13 18:58:44.904 | INFO     | __main__:run_pipeline:167 - DEBUG: len(test_dates)=1010, len(preds)=1010
2025-12-13 18:58:45.305 | INFO     | __main__:run_pipeline:231 - Logged 1010 historical predictions for ASII.JK
2025-12-13 18:58:45.307 | INFO     | src.models.xgboost_model:train:18 - Training XGBoost model with 4036 samples
2025-12-13 18:58:48.303 | INFO     | __main__:run_pipeline:267 - XGBoost Results - MSE: 0.0006321468089760909, RMSE: 0.02514252988416422, MAE: 0.01739446164122605
2025-12-13 18:58:48.310 | INFO     | src.models.xgboost_model:save:28 - XGBoost model saved to data/models/ASII.JK_1h_xgb.joblib
2025-12-13 18:58:48.344 | INFO     | __main__:<module>:306 - --- Training ASII.JK [15m] ---
2025-12-13 18:58:48.346 | INFO     | __main__:run_pipeline:26 - Starting pipeline for ASII.JK (15m)
2025-12-13 18:58:48.346 | INFO     | src.data_collection.stock_collector:fetch_history:49 - Fetching 730 days of history for ASII.JK with interval 15m
2025-12-13 18:58:48.751 | INFO     | src.data_collection.stock_collector:fetch_history:130 - Successfully updated 1177 15m records for ASII.JK
2025-12-13 18:58:49.158 | INFO     | src.models.lstm_model:train:40 - Training LSTM model with 1696 samples
2025-12-13 18:58:55.032 | INFO     | __main__:run_pipeline:145 - LSTM Results - MSE: 0.0014118373633766465, RMSE: 0.03757442432528603, MAE: 0.06425242035017711
2025-12-13 18:58:55.060 | INFO     | src.models.lstm_model:save:57 - Model saved to data/models/ASII.JK_15m_lstm.h5
2025-12-13 18:58:55.060 | INFO     | __main__:run_pipeline:162 - DEBUG: len(df)=2181, len(X_train)=1696, seq_len=60, start_idx=1756
2025-12-13 18:58:55.061 | INFO     | __main__:run_pipeline:167 - DEBUG: len(test_dates)=425, len(preds)=425
2025-12-13 18:58:55.231 | INFO     | __main__:run_pipeline:231 - Logged 425 historical predictions for ASII.JK
2025-12-13 18:58:55.232 | INFO     | src.models.xgboost_model:train:18 - Training XGBoost model with 1696 samples
2025-12-13 18:58:56.742 | INFO     | __main__:run_pipeline:267 - XGBoost Results - MSE: 0.000392495067636958, RMSE: 0.01981148827415442, MAE: 0.013016140216224655
2025-12-13 18:58:56.746 | INFO     | src.models.xgboost_model:save:28 - XGBoost model saved to data/models/ASII.JK_15m_xgb.joblib
2025-12-13 18:58:56.753 | INFO     | __main__:<module>:306 - --- Training UNVR.JK [1d] ---
2025-12-13 18:58:56.754 | INFO     | __main__:run_pipeline:26 - Starting pipeline for UNVR.JK (1d)
2025-12-13 18:58:56.754 | INFO     | src.data_collection.stock_collector:fetch_history:49 - Fetching 730 days of history for UNVR.JK with interval 1d
2025-12-13 18:58:56.992 | INFO     | src.data_collection.news_collector:fetch_news:53 - Fetching Google News RSS for: UNVR
2025-12-13 18:58:57.880 | INFO     | src.data_collection.news_collector:fetch_news:62 - Found 100 articles
2025-12-13 18:58:57.885 | INFO     | src.data_collection.news_collector:fetch_news:109 - Saved 10 new articles from Google News
2025-12-13 18:58:58.012 | INFO     | src.data_collection.stock_collector:fetch_history:130 - Successfully updated 729 1d records for UNVR.JK
2025-12-13 18:58:58.278 | INFO     | src.models.lstm_model:train:40 - Training LSTM model with 421 samples
2025-12-13 18:59:01.160 | INFO     | __main__:run_pipeline:145 - LSTM Results - MSE: 0.005431181879691108, RMSE: 0.07369655269882784, MAE: 0.12647769214921586
2025-12-13 18:59:01.186 | INFO     | src.models.lstm_model:save:57 - Model saved to data/models/UNVR.JK_1d_lstm.h5
2025-12-13 18:59:01.187 | INFO     | __main__:run_pipeline:162 - DEBUG: len(df)=587, len(X_train)=421, seq_len=60, start_idx=481
2025-12-13 18:59:01.188 | INFO     | __main__:run_pipeline:167 - DEBUG: len(test_dates)=106, len(preds)=106
2025-12-13 18:59:01.251 | INFO     | __main__:run_pipeline:231 - Logged 106 historical predictions for UNVR.JK
2025-12-13 18:59:01.253 | INFO     | src.models.xgboost_model:train:18 - Training XGBoost model with 421 samples
2025-12-13 18:59:02.617 | INFO     | __main__:run_pipeline:267 - XGBoost Results - MSE: 0.041544894691397195, RMSE: 0.20382564777622367, MAE: 0.16335977846283317
2025-12-13 18:59:02.620 | INFO     | src.models.xgboost_model:save:28 - XGBoost model saved to data/models/UNVR.JK_1d_xgb.joblib
2025-12-13 18:59:02.630 | INFO     | __main__:<module>:306 - --- Training UNVR.JK [1h] ---
2025-12-13 18:59:02.632 | INFO     | __main__:run_pipeline:26 - Starting pipeline for UNVR.JK (1h)
2025-12-13 18:59:02.632 | INFO     | src.data_collection.stock_collector:fetch_history:49 - Fetching 730 days of history for UNVR.JK with interval 1h
2025-12-13 18:59:03.636 | INFO     | src.data_collection.stock_collector:fetch_history:130 - Successfully updated 4844 1h records for UNVR.JK
2025-12-13 18:59:03.993 | INFO     | src.models.lstm_model:train:40 - Training LSTM model with 3972 samples
2025-12-13 18:59:16.883 | INFO     | __main__:run_pipeline:145 - LSTM Results - MSE: 0.001303231629638661, RMSE: 0.036100299578239806, MAE: 0.12256992394870084
2025-12-13 18:59:16.925 | INFO     | src.models.lstm_model:save:57 - Model saved to data/models/UNVR.JK_1h_lstm.h5
2025-12-13 18:59:16.926 | INFO     | __main__:run_pipeline:162 - DEBUG: len(df)=5025, len(X_train)=3972, seq_len=60, start_idx=4032
2025-12-13 18:59:16.926 | INFO     | __main__:run_pipeline:167 - DEBUG: len(test_dates)=993, len(preds)=993
2025-12-13 18:59:17.308 | INFO     | __main__:run_pipeline:231 - Logged 993 historical predictions for UNVR.JK
2025-12-13 18:59:17.309 | INFO     | src.models.xgboost_model:train:18 - Training XGBoost model with 3972 samples
2025-12-13 18:59:19.539 | INFO     | __main__:run_pipeline:267 - XGBoost Results - MSE: 0.00013089595486604806, RMSE: 0.01144097700662177, MAE: 0.006186168665708904
2025-12-13 18:59:19.543 | INFO     | src.models.xgboost_model:save:28 - XGBoost model saved to data/models/UNVR.JK_1h_xgb.joblib
2025-12-13 18:59:19.555 | INFO     | __main__:<module>:306 - --- Training UNVR.JK [15m] ---
2025-12-13 18:59:19.558 | INFO     | __main__:run_pipeline:26 - Starting pipeline for UNVR.JK (15m)
2025-12-13 18:59:19.559 | INFO     | src.data_collection.stock_collector:fetch_history:49 - Fetching 730 days of history for UNVR.JK with interval 15m
2025-12-13 18:59:19.985 | INFO     | src.data_collection.stock_collector:fetch_history:130 - Successfully updated 1177 15m records for UNVR.JK
2025-12-13 18:59:20.318 | INFO     | src.models.lstm_model:train:40 - Training LSTM model with 1592 samples
2025-12-13 18:59:27.754 | INFO     | __main__:run_pipeline:145 - LSTM Results - MSE: 0.0012105232854077517, RMSE: 0.03479257514769138, MAE: 0.05689617734635821
2025-12-13 18:59:27.815 | INFO     | src.models.lstm_model:save:57 - Model saved to data/models/UNVR.JK_15m_lstm.h5
2025-12-13 18:59:27.815 | INFO     | __main__:run_pipeline:162 - DEBUG: len(df)=2050, len(X_train)=1592, seq_len=60, start_idx=1652
2025-12-13 18:59:27.816 | INFO     | __main__:run_pipeline:167 - DEBUG: len(test_dates)=398, len(preds)=398
2025-12-13 18:59:27.998 | INFO     | __main__:run_pipeline:231 - Logged 398 historical predictions for UNVR.JK
2025-12-13 18:59:28.005 | INFO     | src.models.xgboost_model:train:18 - Training XGBoost model with 1592 samples
2025-12-13 18:59:29.193 | INFO     | __main__:run_pipeline:267 - XGBoost Results - MSE: 0.00010157244083369281, RMSE: 0.010078315376772689, MAE: 0.007482208460940051
2025-12-13 18:59:29.197 | INFO     | src.models.xgboost_model:save:28 - XGBoost model saved to data/models/UNVR.JK_15m_xgb.joblib
2025-12-13 18:59:29.206 | INFO     | __main__:<module>:312 - Cycle completed. Sleeping for 1 hour...
2025-12-13 19:01:30.365 | INFO     | __main__:<module>:299 - Starting Continuous Model Trainer...
2025-12-13 19:01:30.367 | INFO     | __main__:<module>:306 - --- Training BBCA.JK [1d] ---
2025-12-13 19:01:30.368 | INFO     | __main__:run_pipeline:26 - Starting pipeline for BBCA.JK (1d)
2025-12-13 19:01:30.368 | INFO     | src.data_collection.stock_collector:fetch_history:49 - Fetching 730 days of history for BBCA.JK with interval 1d
2025-12-13 19:01:31.508 | INFO     | src.data_collection.news_collector:fetch_news:53 - Fetching Google News RSS for: BBCA
2025-12-13 19:01:32.531 | INFO     | src.data_collection.news_collector:fetch_news:62 - Found 100 articles
2025-12-13 19:01:32.546 | INFO     | src.data_collection.news_collector:fetch_news:109 - Saved 10 new articles from Google News
2025-12-13 19:01:32.670 | INFO     | src.data_collection.stock_collector:fetch_history:130 - Successfully updated 729 1d records for BBCA.JK
2025-12-13 19:01:33.374 | INFO     | src.models.lstm_model:train:40 - Training LSTM model with 532 samples
2025-12-13 19:01:38.413 | INFO     | __main__:run_pipeline:145 - LSTM Results - MSE: 0.00028041911783477917, RMSE: 0.016745719388392342, MAE: 0.016684994363519966
2025-12-13 19:01:38.453 | INFO     | src.models.lstm_model:save:57 - Model saved to data/models/BBCA.JK_1d_lstm.h5
2025-12-13 19:01:38.454 | INFO     | __main__:run_pipeline:162 - DEBUG: len(df)=726, len(X_train)=532, seq_len=60, start_idx=592
2025-12-13 19:01:38.454 | INFO     | __main__:run_pipeline:167 - DEBUG: len(test_dates)=134, len(preds)=134
2025-12-13 19:01:38.531 | INFO     | __main__:run_pipeline:231 - Logged 134 historical predictions for BBCA.JK
2025-12-13 19:01:38.533 | INFO     | src.models.xgboost_model:train:18 - Training XGBoost model with 532 samples
2025-12-13 19:01:40.327 | INFO     | __main__:run_pipeline:267 - XGBoost Results - MSE: 0.0003206480396855981, RMSE: 0.01790664791873672, MAE: 0.015446250483760932
2025-12-13 19:01:40.330 | INFO     | src.models.xgboost_model:save:28 - XGBoost model saved to data/models/BBCA.JK_1d_xgb.joblib
2025-12-13 19:01:40.333 | INFO     | __main__:<module>:306 - --- Training BBCA.JK [1h] ---
2025-12-13 19:01:40.333 | INFO     | __main__:run_pipeline:26 - Starting pipeline for BBCA.JK (1h)
2025-12-13 19:01:40.333 | INFO     | src.data_collection.stock_collector:fetch_history:49 - Fetching 730 days of history for BBCA.JK with interval 1h
2025-12-13 19:01:41.321 | INFO     | src.data_collection.stock_collector:fetch_history:130 - Successfully updated 4852 1h records for BBCA.JK
2025-12-13 19:01:42.051 | INFO     | src.models.lstm_model:train:40 - Training LSTM model with 4696 samples
2025-12-13 19:02:07.105 | INFO     | __main__:run_pipeline:145 - LSTM Results - MSE: 0.004007623331384586, RMSE: 0.06330579224197883, MAE: 0.051336958018212135
2025-12-13 19:02:07.244 | INFO     | src.models.lstm_model:save:57 - Model saved to data/models/BBCA.JK_1h_lstm.h5
2025-12-13 19:02:07.245 | INFO     | __main__:run_pipeline:162 - DEBUG: len(df)=5930, len(X_train)=4696, seq_len=60, start_idx=4756
2025-12-13 19:02:07.246 | INFO     | __main__:run_pipeline:167 - DEBUG: len(test_dates)=1174, len(preds)=1174
2025-12-13 19:02:07.752 | INFO     | __main__:run_pipeline:231 - Logged 1174 historical predictions for BBCA.JK
2025-12-13 19:02:07.762 | INFO     | src.models.xgboost_model:train:18 - Training XGBoost model with 4696 samples
2025-12-13 19:02:10.285 | INFO     | __main__:run_pipeline:267 - XGBoost Results - MSE: 0.0001550302533063896, RMSE: 0.012451114540730465, MAE: 0.011379937853109666
2025-12-13 19:02:10.294 | INFO     | src.models.xgboost_model:save:28 - XGBoost model saved to data/models/BBCA.JK_1h_xgb.joblib
2025-12-13 19:02:10.330 | INFO     | __main__:<module>:306 - --- Training BBCA.JK [15m] ---
2025-12-13 19:02:10.331 | INFO     | __main__:run_pipeline:26 - Starting pipeline for BBCA.JK (15m)
2025-12-13 19:02:10.331 | INFO     | src.data_collection.stock_collector:fetch_history:49 - Fetching 730 days of history for BBCA.JK with interval 15m
2025-12-13 19:02:11.009 | INFO     | src.data_collection.stock_collector:fetch_history:130 - Successfully updated 1177 15m records for BBCA.JK
2025-12-13 19:02:11.951 | INFO     | src.models.lstm_model:train:40 - Training LSTM model with 4035 samples
2025-12-13 19:02:27.506 | INFO     | __main__:run_pipeline:145 - LSTM Results - MSE: 0.0004265534184313041, RMSE: 0.020653169694536094, MAE: 0.021093598606199995
2025-12-13 19:02:27.534 | INFO     | src.models.lstm_model:save:57 - Model saved to data/models/BBCA.JK_15m_lstm.h5
2025-12-13 19:02:27.535 | INFO     | __main__:run_pipeline:162 - DEBUG: len(df)=5104, len(X_train)=4035, seq_len=60, start_idx=4095
2025-12-13 19:02:27.536 | INFO     | __main__:run_pipeline:167 - DEBUG: len(test_dates)=1009, len(preds)=1009
2025-12-13 19:02:28.061 | INFO     | __main__:run_pipeline:231 - Logged 1009 historical predictions for BBCA.JK
2025-12-13 19:02:28.063 | INFO     | src.models.xgboost_model:train:18 - Training XGBoost model with 4035 samples
2025-12-13 19:02:28.987 | INFO     | __main__:run_pipeline:267 - XGBoost Results - MSE: 2.0675013976193434e-05, RMSE: 0.004546978554622117, MAE: 0.002491438753374491
2025-12-13 19:02:28.996 | INFO     | src.models.xgboost_model:save:28 - XGBoost model saved to data/models/BBCA.JK_15m_xgb.joblib
2025-12-13 19:02:29.007 | INFO     | __main__:<module>:306 - --- Training BBRI.JK [1d] ---
2025-12-13 19:02:29.011 | INFO     | __main__:run_pipeline:26 - Starting pipeline for BBRI.JK (1d)
2025-12-13 19:02:29.012 | INFO     | src.data_collection.stock_collector:fetch_history:49 - Fetching 730 days of history for BBRI.JK with interval 1d
2025-12-13 19:02:29.281 | INFO     | src.data_collection.news_collector:fetch_news:53 - Fetching Google News RSS for: BBRI
2025-12-13 19:02:30.323 | INFO     | src.data_collection.news_collector:fetch_news:62 - Found 100 articles
2025-12-13 19:02:30.333 | INFO     | src.data_collection.news_collector:fetch_news:109 - Saved 10 new articles from Google News
2025-12-13 19:02:30.441 | INFO     | src.data_collection.stock_collector:fetch_history:130 - Successfully updated 729 1d records for BBRI.JK
2025-12-13 19:02:30.808 | INFO     | src.models.lstm_model:train:40 - Training LSTM model with 452 samples
2025-12-13 19:02:34.911 | INFO     | __main__:run_pipeline:145 - LSTM Results - MSE: 0.0007014041853482162, RMSE: 0.02648403642476381, MAE: 0.030622314611048595
2025-12-13 19:02:34.940 | INFO     | src.models.lstm_model:save:57 - Model saved to data/models/BBRI.JK_1d_lstm.h5
2025-12-13 19:02:34.941 | INFO     | __main__:run_pipeline:162 - DEBUG: len(df)=625, len(X_train)=452, seq_len=60, start_idx=512
2025-12-13 19:02:34.941 | INFO     | __main__:run_pipeline:167 - DEBUG: len(test_dates)=113, len(preds)=113
2025-12-13 19:02:35.006 | INFO     | __main__:run_pipeline:231 - Logged 113 historical predictions for BBRI.JK
2025-12-13 19:02:35.010 | INFO     | src.models.xgboost_model:train:18 - Training XGBoost model with 452 samples
2025-12-13 19:02:36.922 | INFO     | __main__:run_pipeline:267 - XGBoost Results - MSE: 0.0013521490457215342, RMSE: 0.03677157932046887, MAE: 0.028737975114289025
2025-12-13 19:02:36.928 | INFO     | src.models.xgboost_model:save:28 - XGBoost model saved to data/models/BBRI.JK_1d_xgb.joblib
2025-12-13 19:02:36.939 | INFO     | __main__:<module>:306 - --- Training BBRI.JK [1h] ---
2025-12-13 19:02:36.941 | INFO     | __main__:run_pipeline:26 - Starting pipeline for BBRI.JK (1h)
2025-12-13 19:02:36.942 | INFO     | src.data_collection.stock_collector:fetch_history:49 - Fetching 730 days of history for BBRI.JK with interval 1h
2025-12-13 19:02:38.015 | INFO     | src.data_collection.stock_collector:fetch_history:130 - Successfully updated 4853 1h records for BBRI.JK
2025-12-13 19:02:38.382 | INFO     | src.models.lstm_model:train:40 - Training LSTM model with 4186 samples
2025-12-13 19:02:55.753 | INFO     | __main__:run_pipeline:145 - LSTM Results - MSE: 0.004235235083409961, RMSE: 0.06507868378670516, MAE: 0.07054706877666145
2025-12-13 19:02:55.782 | INFO     | src.models.lstm_model:save:57 - Model saved to data/models/BBRI.JK_1h_lstm.h5
2025-12-13 19:02:55.783 | INFO     | __main__:run_pipeline:162 - DEBUG: len(df)=5293, len(X_train)=4186, seq_len=60, start_idx=4246
2025-12-13 19:02:55.784 | INFO     | __main__:run_pipeline:167 - DEBUG: len(test_dates)=1047, len(preds)=1047
2025-12-13 19:02:56.191 | INFO     | __main__:run_pipeline:231 - Logged 1047 historical predictions for BBRI.JK
2025-12-13 19:02:56.194 | INFO     | src.models.xgboost_model:train:18 - Training XGBoost model with 4186 samples
2025-12-13 19:03:00.105 | INFO     | __main__:run_pipeline:267 - XGBoost Results - MSE: 0.00023264348638204614, RMSE: 0.015252655060088592, MAE: 0.010294623942251249
2025-12-13 19:03:00.110 | INFO     | src.models.xgboost_model:save:28 - XGBoost model saved to data/models/BBRI.JK_1h_xgb.joblib
2025-12-13 19:03:00.134 | INFO     | __main__:<module>:306 - --- Training BBRI.JK [15m] ---
2025-12-13 19:03:00.138 | INFO     | __main__:run_pipeline:26 - Starting pipeline for BBRI.JK (15m)
2025-12-13 19:03:00.139 | INFO     | src.data_collection.stock_collector:fetch_history:49 - Fetching 730 days of history for BBRI.JK with interval 15m
2025-12-13 19:03:00.581 | INFO     | src.data_collection.stock_collector:fetch_history:130 - Successfully updated 1177 15m records for BBRI.JK
2025-12-13 19:03:01.037 | INFO     | src.models.lstm_model:train:40 - Training LSTM model with 2397 samples
2025-12-13 19:03:09.671 | INFO     | __main__:run_pipeline:145 - LSTM Results - MSE: 0.0002070178201136716, RMSE: 0.014388113848370522, MAE: 0.017591428273335256
2025-12-13 19:03:09.697 | INFO     | src.models.lstm_model:save:57 - Model saved to data/models/BBRI.JK_15m_lstm.h5
2025-12-13 19:03:09.698 | INFO     | __main__:run_pipeline:162 - DEBUG: len(df)=3057, len(X_train)=2397, seq_len=60, start_idx=2457
2025-12-13 19:03:09.699 | INFO     | __main__:run_pipeline:167 - DEBUG: len(test_dates)=600, len(preds)=600
2025-12-13 19:03:09.938 | INFO     | __main__:run_pipeline:231 - Logged 600 historical predictions for BBRI.JK
2025-12-13 19:03:09.940 | INFO     | src.models.xgboost_model:train:18 - Training XGBoost model with 2397 samples
2025-12-13 19:03:10.908 | INFO     | __main__:run_pipeline:267 - XGBoost Results - MSE: 8.320981255864699e-05, RMSE: 0.00912194127138774, MAE: 0.006758780779559023
2025-12-13 19:03:10.912 | INFO     | src.models.xgboost_model:save:28 - XGBoost model saved to data/models/BBRI.JK_15m_xgb.joblib
2025-12-13 19:03:10.922 | INFO     | __main__:<module>:306 - --- Training TLKM.JK [1d] ---
2025-12-13 19:03:10.923 | INFO     | __main__:run_pipeline:26 - Starting pipeline for TLKM.JK (1d)
2025-12-13 19:03:10.923 | INFO     | src.data_collection.stock_collector:fetch_history:49 - Fetching 730 days of history for TLKM.JK with interval 1d
2025-12-13 19:03:11.186 | INFO     | src.data_collection.news_collector:fetch_news:53 - Fetching Google News RSS for: TLKM
2025-12-13 19:03:12.272 | INFO     | src.data_collection.news_collector:fetch_news:62 - Found 100 articles
2025-12-13 19:03:12.277 | INFO     | src.data_collection.news_collector:fetch_news:109 - Saved 10 new articles from Google News
2025-12-13 19:03:12.392 | INFO     | src.data_collection.stock_collector:fetch_history:130 - Successfully updated 729 1d records for TLKM.JK
2025-12-13 19:03:12.641 | INFO     | src.models.lstm_model:train:40 - Training LSTM model with 432 samples
2025-12-13 19:03:15.375 | INFO     | __main__:run_pipeline:145 - LSTM Results - MSE: 0.01350720800583217, RMSE: 0.11622051456533898, MAE: 0.14149186321901985
2025-12-13 19:03:15.397 | INFO     | src.models.lstm_model:save:57 - Model saved to data/models/TLKM.JK_1d_lstm.h5
2025-12-13 19:03:15.398 | INFO     | __main__:run_pipeline:162 - DEBUG: len(df)=601, len(X_train)=432, seq_len=60, start_idx=492
2025-12-13 19:03:15.398 | INFO     | __main__:run_pipeline:167 - DEBUG: len(test_dates)=109, len(preds)=109
2025-12-13 19:03:15.455 | INFO     | __main__:run_pipeline:231 - Logged 109 historical predictions for TLKM.JK
2025-12-13 19:03:15.456 | INFO     | src.models.xgboost_model:train:18 - Training XGBoost model with 432 samples
2025-12-13 19:03:16.770 | INFO     | __main__:run_pipeline:267 - XGBoost Results - MSE: 0.01179316210592994, RMSE: 0.10859632639242425, MAE: 0.09600321711270068
2025-12-13 19:03:16.776 | INFO     | src.models.xgboost_model:save:28 - XGBoost model saved to data/models/TLKM.JK_1d_xgb.joblib
2025-12-13 19:03:16.783 | INFO     | __main__:<module>:306 - --- Training TLKM.JK [1h] ---
2025-12-13 19:03:16.784 | INFO     | __main__:run_pipeline:26 - Starting pipeline for TLKM.JK (1h)
2025-12-13 19:03:16.784 | INFO     | src.data_collection.stock_collector:fetch_history:49 - Fetching 730 days of history for TLKM.JK with interval 1h
2025-12-13 19:03:17.852 | INFO     | src.data_collection.stock_collector:fetch_history:130 - Successfully updated 4846 1h records for TLKM.JK
2025-12-13 19:03:18.235 | INFO     | src.models.lstm_model:train:40 - Training LSTM model with 4054 samples
2025-12-13 19:03:32.420 | INFO     | __main__:run_pipeline:145 - LSTM Results - MSE: 0.0006315581652913316, RMSE: 0.025130821023025322, MAE: 0.10849345307344087
2025-12-13 19:03:32.452 | INFO     | src.models.lstm_model:save:57 - Model saved to data/models/TLKM.JK_1h_lstm.h5
2025-12-13 19:03:32.453 | INFO     | __main__:run_pipeline:162 - DEBUG: len(df)=5128, len(X_train)=4054, seq_len=60, start_idx=4114
2025-12-13 19:03:32.453 | INFO     | __main__:run_pipeline:167 - DEBUG: len(test_dates)=1014, len(preds)=1014
2025-12-13 19:03:32.834 | INFO     | __main__:run_pipeline:231 - Logged 1014 historical predictions for TLKM.JK
2025-12-13 19:03:32.835 | INFO     | src.models.xgboost_model:train:18 - Training XGBoost model with 4054 samples
2025-12-13 19:03:34.707 | INFO     | __main__:run_pipeline:267 - XGBoost Results - MSE: 0.00030238907105585436, RMSE: 0.017389337855589968, MAE: 0.011090134319808707
2025-12-13 19:03:34.711 | INFO     | src.models.xgboost_model:save:28 - XGBoost model saved to data/models/TLKM.JK_1h_xgb.joblib
2025-12-13 19:03:34.728 | INFO     | __main__:<module>:306 - --- Training TLKM.JK [15m] ---
2025-12-13 19:03:34.729 | INFO     | __main__:run_pipeline:26 - Starting pipeline for TLKM.JK (15m)
2025-12-13 19:03:34.730 | INFO     | src.data_collection.stock_collector:fetch_history:49 - Fetching 730 days of history for TLKM.JK with interval 15m
2025-12-13 19:03:35.177 | INFO     | src.data_collection.stock_collector:fetch_history:130 - Successfully updated 1177 15m records for TLKM.JK
2025-12-13 19:03:35.428 | INFO     | src.models.lstm_model:train:40 - Training LSTM model with 1822 samples
2025-12-13 19:03:42.404 | INFO     | __main__:run_pipeline:145 - LSTM Results - MSE: 0.0017623783820669195, RMSE: 0.04198069058587435, MAE: 0.04243049003089611
2025-12-13 19:03:42.440 | INFO     | src.models.lstm_model:save:57 - Model saved to data/models/TLKM.JK_15m_lstm.h5
2025-12-13 19:03:42.441 | INFO     | __main__:run_pipeline:162 - DEBUG: len(df)=2338, len(X_train)=1822, seq_len=60, start_idx=1882
2025-12-13 19:03:42.442 | INFO     | __main__:run_pipeline:167 - DEBUG: len(test_dates)=456, len(preds)=456
2025-12-13 19:03:42.634 | INFO     | __main__:run_pipeline:231 - Logged 456 historical predictions for TLKM.JK
2025-12-13 19:03:42.636 | INFO     | src.models.xgboost_model:train:18 - Training XGBoost model with 1822 samples
2025-12-13 19:03:43.769 | INFO     | __main__:run_pipeline:267 - XGBoost Results - MSE: 0.0003561958318436196, RMSE: 0.018873151084109394, MAE: 0.01579546841886916
2025-12-13 19:03:43.772 | INFO     | src.models.xgboost_model:save:28 - XGBoost model saved to data/models/TLKM.JK_15m_xgb.joblib
2025-12-13 19:03:43.778 | INFO     | __main__:<module>:306 - --- Training ASII.JK [1d] ---
2025-12-13 19:03:43.779 | INFO     | __main__:run_pipeline:26 - Starting pipeline for ASII.JK (1d)
2025-12-13 19:03:43.779 | INFO     | src.data_collection.stock_collector:fetch_history:49 - Fetching 730 days of history for ASII.JK with interval 1d
2025-12-13 19:03:44.014 | INFO     | src.data_collection.news_collector:fetch_news:53 - Fetching Google News RSS for: ASII
2025-12-13 19:03:45.063 | INFO     | src.data_collection.news_collector:fetch_news:62 - Found 100 articles
2025-12-13 19:03:45.069 | INFO     | src.data_collection.news_collector:fetch_news:109 - Saved 10 new articles from Google News
2025-12-13 19:03:45.189 | INFO     | src.data_collection.stock_collector:fetch_history:130 - Successfully updated 729 1d records for ASII.JK
2025-12-13 19:03:45.445 | INFO     | src.models.lstm_model:train:40 - Training LSTM model with 436 samples
2025-12-13 19:03:49.623 | INFO     | __main__:run_pipeline:145 - LSTM Results - MSE: 0.018251945451511237, RMSE: 0.13509976110826857, MAE: 0.14653565775283403
2025-12-13 19:03:49.679 | INFO     | src.models.lstm_model:save:57 - Model saved to data/models/ASII.JK_1d_lstm.h5
2025-12-13 19:03:49.681 | INFO     | __main__:run_pipeline:162 - DEBUG: len(df)=606, len(X_train)=436, seq_len=60, start_idx=496
2025-12-13 19:03:49.685 | INFO     | __main__:run_pipeline:167 - DEBUG: len(test_dates)=110, len(preds)=110
2025-12-13 19:03:49.824 | INFO     | __main__:run_pipeline:231 - Logged 110 historical predictions for ASII.JK
2025-12-13 19:03:49.830 | INFO     | src.models.xgboost_model:train:18 - Training XGBoost model with 436 samples
2025-12-13 19:03:51.855 | INFO     | __main__:run_pipeline:267 - XGBoost Results - MSE: 0.07678210514112246, RMSE: 0.2770958410751097, MAE: 0.26318161583430516
2025-12-13 19:03:51.863 | INFO     | src.models.xgboost_model:save:28 - XGBoost model saved to data/models/ASII.JK_1d_xgb.joblib
2025-12-13 19:03:51.889 | INFO     | __main__:<module>:306 - --- Training ASII.JK [1h] ---
2025-12-13 19:03:51.891 | INFO     | __main__:run_pipeline:26 - Starting pipeline for ASII.JK (1h)
2025-12-13 19:03:51.891 | INFO     | src.data_collection.stock_collector:fetch_history:49 - Fetching 730 days of history for ASII.JK with interval 1h
2025-12-13 19:03:52.996 | INFO     | src.data_collection.stock_collector:fetch_history:130 - Successfully updated 4843 1h records for ASII.JK
2025-12-13 19:03:53.324 | INFO     | src.models.lstm_model:train:40 - Training LSTM model with 4085 samples
2025-12-13 19:04:08.389 | INFO     | __main__:run_pipeline:145 - LSTM Results - MSE: 0.004871041601708268, RMSE: 0.06979284778333857, MAE: 0.17528544966141626
2025-12-13 19:04:08.418 | INFO     | src.models.lstm_model:save:57 - Model saved to data/models/ASII.JK_1h_lstm.h5
2025-12-13 19:04:08.419 | INFO     | __main__:run_pipeline:162 - DEBUG: len(df)=5167, len(X_train)=4085, seq_len=60, start_idx=4145
2025-12-13 19:04:08.419 | INFO     | __main__:run_pipeline:167 - DEBUG: len(test_dates)=1022, len(preds)=1022
2025-12-13 19:04:08.866 | INFO     | __main__:run_pipeline:231 - Logged 1022 historical predictions for ASII.JK
2025-12-13 19:04:08.870 | INFO     | src.models.xgboost_model:train:18 - Training XGBoost model with 4085 samples
2025-12-13 19:04:11.228 | INFO     | __main__:run_pipeline:267 - XGBoost Results - MSE: 0.0005193336447889245, RMSE: 0.02278889301367937, MAE: 0.015429533533378625
2025-12-13 19:04:11.232 | INFO     | src.models.xgboost_model:save:28 - XGBoost model saved to data/models/ASII.JK_1h_xgb.joblib
2025-12-13 19:04:11.249 | INFO     | __main__:<module>:306 - --- Training ASII.JK [15m] ---
2025-12-13 19:04:11.251 | INFO     | __main__:run_pipeline:26 - Starting pipeline for ASII.JK (15m)
2025-12-13 19:04:11.251 | INFO     | src.data_collection.stock_collector:fetch_history:49 - Fetching 730 days of history for ASII.JK with interval 15m
2025-12-13 19:04:11.728 | INFO     | src.data_collection.stock_collector:fetch_history:130 - Successfully updated 1177 15m records for ASII.JK
2025-12-13 19:04:12.112 | INFO     | src.models.lstm_model:train:40 - Training LSTM model with 1820 samples
2025-12-13 19:04:18.858 | INFO     | __main__:run_pipeline:145 - LSTM Results - MSE: 0.0005541733811911369, RMSE: 0.02354088743423104, MAE: 0.059137087275898385
2025-12-13 19:04:18.885 | INFO     | src.models.lstm_model:save:57 - Model saved to data/models/ASII.JK_15m_lstm.h5
2025-12-13 19:04:18.886 | INFO     | __main__:run_pipeline:162 - DEBUG: len(df)=2336, len(X_train)=1820, seq_len=60, start_idx=1880
2025-12-13 19:04:18.887 | INFO     | __main__:run_pipeline:167 - DEBUG: len(test_dates)=456, len(preds)=456
2025-12-13 19:04:19.085 | INFO     | __main__:run_pipeline:231 - Logged 456 historical predictions for ASII.JK
2025-12-13 19:04:19.093 | INFO     | src.models.xgboost_model:train:18 - Training XGBoost model with 1820 samples
2025-12-13 19:04:20.262 | INFO     | __main__:run_pipeline:267 - XGBoost Results - MSE: 0.0004973126107956448, RMSE: 0.02230050696274963, MAE: 0.014531497708046116
2025-12-13 19:04:20.266 | INFO     | src.models.xgboost_model:save:28 - XGBoost model saved to data/models/ASII.JK_15m_xgb.joblib
2025-12-13 19:04:20.273 | INFO     | __main__:<module>:306 - --- Training UNVR.JK [1d] ---
2025-12-13 19:04:20.276 | INFO     | __main__:run_pipeline:26 - Starting pipeline for UNVR.JK (1d)
2025-12-13 19:04:20.276 | INFO     | src.data_collection.stock_collector:fetch_history:49 - Fetching 730 days of history for UNVR.JK with interval 1d
2025-12-13 19:04:20.552 | INFO     | src.data_collection.news_collector:fetch_news:53 - Fetching Google News RSS for: UNVR
2025-12-13 19:04:21.484 | INFO     | src.data_collection.news_collector:fetch_news:62 - Found 100 articles
2025-12-13 19:04:21.491 | INFO     | src.data_collection.news_collector:fetch_news:109 - Saved 10 new articles from Google News
2025-12-13 19:04:21.609 | INFO     | src.data_collection.stock_collector:fetch_history:130 - Successfully updated 729 1d records for UNVR.JK
2025-12-13 19:04:21.971 | INFO     | src.models.lstm_model:train:40 - Training LSTM model with 428 samples
2025-12-13 19:04:25.206 | INFO     | __main__:run_pipeline:145 - LSTM Results - MSE: 0.005296171227220992, RMSE: 0.07277479802253656, MAE: 0.10419511034995965
2025-12-13 19:04:25.237 | INFO     | src.models.lstm_model:save:57 - Model saved to data/models/UNVR.JK_1d_lstm.h5
2025-12-13 19:04:25.237 | INFO     | __main__:run_pipeline:162 - DEBUG: len(df)=595, len(X_train)=428, seq_len=60, start_idx=488
2025-12-13 19:04:25.238 | INFO     | __main__:run_pipeline:167 - DEBUG: len(test_dates)=107, len(preds)=107
2025-12-13 19:04:25.301 | INFO     | __main__:run_pipeline:231 - Logged 107 historical predictions for UNVR.JK
2025-12-13 19:04:25.303 | INFO     | src.models.xgboost_model:train:18 - Training XGBoost model with 428 samples
2025-12-13 19:04:26.567 | INFO     | __main__:run_pipeline:267 - XGBoost Results - MSE: 0.03924087358099462, RMSE: 0.19809309321880614, MAE: 0.15516162917988285
2025-12-13 19:04:26.574 | INFO     | src.models.xgboost_model:save:28 - XGBoost model saved to data/models/UNVR.JK_1d_xgb.joblib
2025-12-13 19:04:26.582 | INFO     | __main__:<module>:306 - --- Training UNVR.JK [1h] ---
2025-12-13 19:04:26.582 | INFO     | __main__:run_pipeline:26 - Starting pipeline for UNVR.JK (1h)
2025-12-13 19:04:26.583 | INFO     | src.data_collection.stock_collector:fetch_history:49 - Fetching 730 days of history for UNVR.JK with interval 1h
2025-12-13 19:04:27.585 | INFO     | src.data_collection.stock_collector:fetch_history:130 - Successfully updated 4844 1h records for UNVR.JK
2025-12-13 19:04:27.953 | INFO     | src.models.lstm_model:train:40 - Training LSTM model with 4014 samples
2025-12-13 19:04:42.002 | INFO     | __main__:run_pipeline:145 - LSTM Results - MSE: 0.0007761597615622721, RMSE: 0.027859643959718367, MAE: 0.11657622738843375
2025-12-13 19:04:42.035 | INFO     | src.models.lstm_model:save:57 - Model saved to data/models/UNVR.JK_1h_lstm.h5
2025-12-13 19:04:42.036 | INFO     | __main__:run_pipeline:162 - DEBUG: len(df)=5078, len(X_train)=4014, seq_len=60, start_idx=4074
2025-12-13 19:04:42.037 | INFO     | __main__:run_pipeline:167 - DEBUG: len(test_dates)=1004, len(preds)=1004
2025-12-13 19:04:42.438 | INFO     | __main__:run_pipeline:231 - Logged 1004 historical predictions for UNVR.JK
2025-12-13 19:04:42.440 | INFO     | src.models.xgboost_model:train:18 - Training XGBoost model with 4014 samples
2025-12-13 19:04:45.368 | INFO     | __main__:run_pipeline:267 - XGBoost Results - MSE: 0.00010902908552494284, RMSE: 0.010441699360015249, MAE: 0.005649100572043388
2025-12-13 19:04:45.373 | INFO     | src.models.xgboost_model:save:28 - XGBoost model saved to data/models/UNVR.JK_1h_xgb.joblib
2025-12-13 19:04:45.395 | INFO     | __main__:<module>:306 - --- Training UNVR.JK [15m] ---
2025-12-13 19:04:45.396 | INFO     | __main__:run_pipeline:26 - Starting pipeline for UNVR.JK (15m)
2025-12-13 19:04:45.396 | INFO     | src.data_collection.stock_collector:fetch_history:49 - Fetching 730 days of history for UNVR.JK with interval 15m
2025-12-13 19:04:45.823 | INFO     | src.data_collection.stock_collector:fetch_history:130 - Successfully updated 1177 15m records for UNVR.JK
2025-12-13 19:04:46.156 | INFO     | src.models.lstm_model:train:40 - Training LSTM model with 1711 samples
2025-12-13 19:04:55.740 | INFO     | __main__:run_pipeline:145 - LSTM Results - MSE: 0.00031535827833084753, RMSE: 0.01775832982943068, MAE: 0.053373979586645796
2025-12-13 19:04:55.772 | INFO     | src.models.lstm_model:save:57 - Model saved to data/models/UNVR.JK_15m_lstm.h5
2025-12-13 19:04:55.773 | INFO     | __main__:run_pipeline:162 - DEBUG: len(df)=2199, len(X_train)=1711, seq_len=60, start_idx=1771
2025-12-13 19:04:55.774 | INFO     | __main__:run_pipeline:167 - DEBUG: len(test_dates)=428, len(preds)=428
2025-12-13 19:04:55.962 | INFO     | __main__:run_pipeline:231 - Logged 428 historical predictions for UNVR.JK
2025-12-13 19:04:55.963 | INFO     | src.models.xgboost_model:train:18 - Training XGBoost model with 1711 samples
2025-12-13 19:04:57.265 | INFO     | __main__:run_pipeline:267 - XGBoost Results - MSE: 6.698633772689048e-05, RMSE: 0.008184518173166365, MAE: 0.005644251766448392
2025-12-13 19:04:57.270 | INFO     | src.models.xgboost_model:save:28 - XGBoost model saved to data/models/UNVR.JK_15m_xgb.joblib
2025-12-13 19:04:57.279 | INFO     | __main__:<module>:312 - Cycle completed. Sleeping for 1 hour...
2025-12-13 19:06:10.221 | INFO     | __main__:<module>:304 - Starting Continuous Model Trainer...
2025-12-13 19:06:10.222 | INFO     | __main__:<module>:311 - --- Training BBCA.JK [1d] ---
2025-12-13 19:06:10.223 | INFO     | __main__:run_pipeline:26 - Starting pipeline for BBCA.JK (1d)
2025-12-13 19:06:10.223 | INFO     | src.data_collection.stock_collector:fetch_history:49 - Fetching 730 days of history for BBCA.JK with interval 1d
2025-12-13 19:06:12.106 | INFO     | src.data_collection.news_collector:fetch_news:53 - Fetching Google News RSS for: BBCA
2025-12-13 19:06:13.534 | INFO     | src.data_collection.news_collector:fetch_news:62 - Found 100 articles
2025-12-13 19:06:13.584 | INFO     | src.data_collection.news_collector:fetch_news:109 - Saved 10 new articles from Google News
2025-12-13 19:06:13.747 | INFO     | src.data_collection.stock_collector:fetch_history:130 - Successfully updated 729 1d records for BBCA.JK
2025-12-13 19:06:14.486 | INFO     | src.models.lstm_model:train:40 - Training LSTM model with 540 samples
2025-12-13 19:06:19.236 | INFO     | __main__:run_pipeline:145 - LSTM Results - MSE: 0.00045306886098798224, RMSE: 0.021285414278044538, MAE: 0.020117697802528266
2025-12-13 19:06:19.274 | INFO     | src.models.lstm_model:save:57 - Model saved to data/models/BBCA.JK_1d_lstm.h5
2025-12-13 19:06:19.276 | INFO     | __main__:run_pipeline:162 - DEBUG: len(df)=735, len(X_train)=540, seq_len=60, start_idx=600
2025-12-13 19:06:19.277 | INFO     | __main__:run_pipeline:167 - DEBUG: len(test_dates)=135, len(preds)=135
2025-12-13 19:06:19.281 | INFO     | __main__:run_pipeline:189 - DEBUG Loop 0: t_date=2025-12-11 00:00:00, pred=8029.01, actual=8000.00
2025-12-13 19:06:19.513 | INFO     | __main__:run_pipeline:189 - DEBUG Loop 1: t_date=2025-12-11 00:00:00, pred=8029.02, actual=8000.00
2025-12-13 19:06:19.551 | INFO     | __main__:run_pipeline:189 - DEBUG Loop 2: t_date=2025-12-11 00:00:00, pred=8029.02, actual=8000.00
2025-12-13 19:06:19.605 | INFO     | __main__:run_pipeline:189 - DEBUG Loop 50: t_date=2025-12-12 00:00:00, pred=8072.78, actual=8000.00
2025-12-13 19:06:19.632 | INFO     | __main__:run_pipeline:189 - DEBUG Loop 100: t_date=2025-12-12 00:00:00, pred=8075.18, actual=8000.00
2025-12-13 19:06:19.652 | INFO     | __main__:run_pipeline:236 - Logged 135 historical predictions for BBCA.JK
2025-12-13 19:06:19.656 | INFO     | src.models.xgboost_model:train:18 - Training XGBoost model with 540 samples
2025-12-13 19:06:23.375 | INFO     | __main__:run_pipeline:272 - XGBoost Results - MSE: 0.0005756320887368159, RMSE: 0.0239923339576794, MAE: 0.020509304069189674
2025-12-13 19:06:23.381 | INFO     | src.models.xgboost_model:save:28 - XGBoost model saved to data/models/BBCA.JK_1d_xgb.joblib
2025-12-13 19:06:23.397 | INFO     | __main__:<module>:311 - --- Training BBCA.JK [1h] ---
2025-12-13 19:06:23.398 | INFO     | __main__:run_pipeline:26 - Starting pipeline for BBCA.JK (1h)
2025-12-13 19:06:23.399 | INFO     | src.data_collection.stock_collector:fetch_history:49 - Fetching 730 days of history for BBCA.JK with interval 1h
2025-12-13 19:06:24.319 | INFO     | src.data_collection.stock_collector:fetch_history:130 - Successfully updated 4852 1h records for BBCA.JK
2025-12-13 19:06:24.683 | INFO     | src.models.lstm_model:train:40 - Training LSTM model with 4742 samples
2025-12-13 19:06:51.046 | INFO     | __main__:run_pipeline:145 - LSTM Results - MSE: 0.004006589585454023, RMSE: 0.06329762701281955, MAE: 0.05206767042259776
2025-12-13 19:06:51.119 | INFO     | src.models.lstm_model:save:57 - Model saved to data/models/BBCA.JK_1h_lstm.h5
2025-12-13 19:06:51.119 | INFO     | __main__:run_pipeline:162 - DEBUG: len(df)=5988, len(X_train)=4742, seq_len=60, start_idx=4802
2025-12-13 19:06:51.120 | INFO     | __main__:run_pipeline:167 - DEBUG: len(test_dates)=1186, len(preds)=1186
2025-12-13 19:06:51.137 | INFO     | __main__:run_pipeline:189 - DEBUG Loop 0: t_date=2025-12-10 13:00:00, pred=8068.88, actual=8075.00
2025-12-13 19:06:51.152 | INFO     | __main__:run_pipeline:189 - DEBUG Loop 1: t_date=2025-12-10 13:00:00, pred=8068.86, actual=8050.00
2025-12-13 19:06:51.154 | INFO     | __main__:run_pipeline:189 - DEBUG Loop 2: t_date=2025-12-10 14:00:00, pred=8068.84, actual=8050.00
2025-12-13 19:06:51.177 | INFO     | __main__:run_pipeline:189 - DEBUG Loop 50: t_date=2025-12-10 15:00:00, pred=8073.68, actual=8075.00
2025-12-13 19:06:51.196 | INFO     | __main__:run_pipeline:189 - DEBUG Loop 100: t_date=2025-12-11 09:00:00, pred=8137.03, actual=8100.00
2025-12-13 19:06:51.218 | INFO     | __main__:run_pipeline:189 - DEBUG Loop 150: t_date=2025-12-11 10:00:00, pred=8127.57, actual=8050.00
2025-12-13 19:06:51.236 | INFO     | __main__:run_pipeline:189 - DEBUG Loop 200: t_date=2025-12-11 10:00:00, pred=8073.09, actual=8050.00
2025-12-13 19:06:51.256 | INFO     | __main__:run_pipeline:189 - DEBUG Loop 250: t_date=2025-12-11 11:00:00, pred=8077.22, actual=8075.00
2025-12-13 19:06:51.273 | INFO     | __main__:run_pipeline:189 - DEBUG Loop 300: t_date=2025-12-11 13:00:00, pred=8065.26, actual=8050.00
2025-12-13 19:06:51.290 | INFO     | __main__:run_pipeline:189 - DEBUG Loop 350: t_date=2025-12-11 14:00:00, pred=8027.95, actual=7975.00
2025-12-13 19:06:51.308 | INFO     | __main__:run_pipeline:189 - DEBUG Loop 400: t_date=2025-12-11 14:00:00, pred=7985.12, actual=7975.00
2025-12-13 19:06:51.326 | INFO     | __main__:run_pipeline:189 - DEBUG Loop 450: t_date=2025-12-11 15:00:00, pred=7913.81, actual=7900.00
2025-12-13 19:06:51.343 | INFO     | __main__:run_pipeline:189 - DEBUG Loop 500: t_date=2025-12-11 16:00:00, pred=8031.88, actual=8000.00
2025-12-13 19:06:51.362 | INFO     | __main__:run_pipeline:189 - DEBUG Loop 550: t_date=2025-12-12 09:00:00, pred=8110.82, actual=7975.00
2025-12-13 19:06:51.379 | INFO     | __main__:run_pipeline:189 - DEBUG Loop 600: t_date=2025-12-12 09:00:00, pred=8287.75, actual=7975.00
2025-12-13 19:06:51.397 | INFO     | __main__:run_pipeline:189 - DEBUG Loop 650: t_date=2025-12-12 09:00:00, pred=8283.86, actual=7975.00
2025-12-13 19:06:51.414 | INFO     | __main__:run_pipeline:189 - DEBUG Loop 700: t_date=2025-12-12 10:00:00, pred=8258.92, actual=7950.00
2025-12-13 19:06:51.435 | INFO     | __main__:run_pipeline:189 - DEBUG Loop 750: t_date=2025-12-12 10:00:00, pred=8248.03, actual=7950.00
2025-12-13 19:06:51.453 | INFO     | __main__:run_pipeline:189 - DEBUG Loop 800: t_date=2025-12-12 11:00:00, pred=8264.27, actual=7950.00
2025-12-13 19:06:51.469 | INFO     | __main__:run_pipeline:189 - DEBUG Loop 850: t_date=2025-12-12 11:00:00, pred=8299.46, actual=7950.00
2025-12-13 19:06:51.488 | INFO     | __main__:run_pipeline:189 - DEBUG Loop 900: t_date=2025-12-12 14:00:00, pred=8277.72, actual=7950.00
2025-12-13 19:06:51.505 | INFO     | __main__:run_pipeline:189 - DEBUG Loop 950: t_date=2025-12-12 14:00:00, pred=8277.58, actual=7950.00
2025-12-13 19:06:51.524 | INFO     | __main__:run_pipeline:189 - DEBUG Loop 1000: t_date=2025-12-12 15:00:00, pred=8293.83, actual=7975.00
2025-12-13 19:06:51.540 | INFO     | __main__:run_pipeline:189 - DEBUG Loop 1050: t_date=2025-12-12 15:00:00, pred=8292.15, actual=7975.00
2025-12-13 19:06:51.560 | INFO     | __main__:run_pipeline:189 - DEBUG Loop 1100: t_date=2025-12-12 16:00:00, pred=8361.58, actual=8000.00
2025-12-13 19:06:51.575 | INFO     | __main__:run_pipeline:189 - DEBUG Loop 1150: t_date=2025-12-12 16:00:00, pred=8354.33, actual=8000.00
2025-12-13 19:06:51.599 | INFO     | __main__:run_pipeline:236 - Logged 1186 historical predictions for BBCA.JK
2025-12-13 19:06:51.602 | INFO     | src.models.xgboost_model:train:18 - Training XGBoost model with 4742 samples
2025-12-13 19:06:54.567 | INFO     | __main__:run_pipeline:272 - XGBoost Results - MSE: 7.544478830361175e-05, RMSE: 0.00868589594132993, MAE: 0.007255520711166394
2025-12-13 19:06:54.577 | INFO     | src.models.xgboost_model:save:28 - XGBoost model saved to data/models/BBCA.JK_1h_xgb.joblib
2025-12-13 19:06:54.804 | INFO     | __main__:<module>:311 - --- Training BBCA.JK [15m] ---
2025-12-13 19:06:54.818 | INFO     | __main__:run_pipeline:26 - Starting pipeline for BBCA.JK (15m)
2025-12-13 19:06:54.818 | INFO     | src.data_collection.stock_collector:fetch_history:49 - Fetching 730 days of history for BBCA.JK with interval 15m
2025-12-13 19:06:55.462 | INFO     | src.data_collection.stock_collector:fetch_history:130 - Successfully updated 1177 15m records for BBCA.JK
2025-12-13 19:06:55.884 | INFO     | src.models.lstm_model:train:40 - Training LSTM model with 4184 samples
2025-12-13 19:07:16.755 | INFO     | __main__:run_pipeline:145 - LSTM Results - MSE: 0.00039808912838231977, RMSE: 0.01995217101927306, MAE: 0.020612984077207363
2025-12-13 19:07:16.796 | INFO     | src.models.lstm_model:save:57 - Model saved to data/models/BBCA.JK_15m_lstm.h5
2025-12-13 19:07:16.797 | INFO     | __main__:run_pipeline:162 - DEBUG: len(df)=5291, len(X_train)=4184, seq_len=60, start_idx=4244
2025-12-13 19:07:16.797 | INFO     | __main__:run_pipeline:167 - DEBUG: len(test_dates)=1047, len(preds)=1047
2025-12-13 19:07:16.814 | INFO     | __main__:run_pipeline:189 - DEBUG Loop 0: t_date=2025-12-12 11:15:00, pred=7970.03, actual=7950.00
2025-12-13 19:07:16.828 | INFO     | __main__:run_pipeline:189 - DEBUG Loop 1: t_date=2025-12-12 11:15:00, pred=7970.01, actual=7950.00
2025-12-13 19:07:16.829 | INFO     | __main__:run_pipeline:189 - DEBUG Loop 2: t_date=2025-12-12 11:15:00, pred=7968.16, actual=7950.00
2025-12-13 19:07:16.846 | INFO     | __main__:run_pipeline:189 - DEBUG Loop 50: t_date=2025-12-12 11:15:00, pred=7969.16, actual=7950.00
2025-12-13 19:07:16.866 | INFO     | __main__:run_pipeline:189 - DEBUG Loop 100: t_date=2025-12-12 14:00:00, pred=7994.04, actual=7975.00
2025-12-13 19:07:16.883 | INFO     | __main__:run_pipeline:189 - DEBUG Loop 150: t_date=2025-12-12 14:00:00, pred=7993.93, actual=7975.00
2025-12-13 19:07:16.902 | INFO     | __main__:run_pipeline:189 - DEBUG Loop 200: t_date=2025-12-12 14:15:00, pred=7997.17, actual=7975.00
2025-12-13 19:07:16.921 | INFO     | __main__:run_pipeline:189 - DEBUG Loop 250: t_date=2025-12-12 14:15:00, pred=7998.19, actual=7975.00
2025-12-13 19:07:16.941 | INFO     | __main__:run_pipeline:189 - DEBUG Loop 300: t_date=2025-12-12 14:30:00, pred=7998.27, actual=7975.00
2025-12-13 19:07:16.955 | INFO     | __main__:run_pipeline:189 - DEBUG Loop 350: t_date=2025-12-12 14:30:00, pred=7999.11, actual=7975.00
2025-12-13 19:07:16.971 | INFO     | __main__:run_pipeline:189 - DEBUG Loop 400: t_date=2025-12-12 14:30:00, pred=7997.97, actual=7975.00
2025-12-13 19:07:16.992 | INFO     | __main__:run_pipeline:189 - DEBUG Loop 450: t_date=2025-12-12 14:45:00, pred=7983.76, actual=7950.00
2025-12-13 19:07:17.011 | INFO     | __main__:run_pipeline:189 - DEBUG Loop 500: t_date=2025-12-12 14:45:00, pred=7985.48, actual=7950.00
2025-12-13 19:07:17.029 | INFO     | __main__:run_pipeline:189 - DEBUG Loop 550: t_date=2025-12-12 15:00:00, pred=7985.02, actual=7950.00
2025-12-13 19:07:17.047 | INFO     | __main__:run_pipeline:189 - DEBUG Loop 600: t_date=2025-12-12 15:00:00, pred=7985.07, actual=7950.00
2025-12-13 19:07:17.066 | INFO     | __main__:run_pipeline:189 - DEBUG Loop 650: t_date=2025-12-12 15:15:00, pred=8000.43, actual=7975.00
2025-12-13 19:07:17.085 | INFO     | __main__:run_pipeline:189 - DEBUG Loop 700: t_date=2025-12-12 15:15:00, pred=8000.31, actual=7975.00
2025-12-13 19:07:17.099 | INFO     | __main__:run_pipeline:189 - DEBUG Loop 750: t_date=2025-12-12 15:30:00, pred=7989.68, actual=7950.00
2025-12-13 19:07:17.117 | INFO     | __main__:run_pipeline:189 - DEBUG Loop 800: t_date=2025-12-12 15:30:00, pred=7989.38, actual=7950.00
2025-12-13 19:07:17.136 | INFO     | __main__:run_pipeline:189 - DEBUG Loop 850: t_date=2025-12-12 15:45:00, pred=8004.36, actual=7975.00
2025-12-13 19:07:17.151 | INFO     | __main__:run_pipeline:189 - DEBUG Loop 900: t_date=2025-12-12 15:45:00, pred=8002.70, actual=7975.00
2025-12-13 19:07:17.169 | INFO     | __main__:run_pipeline:189 - DEBUG Loop 950: t_date=2025-12-12 16:00:00, pred=8033.95, actual=8000.00
2025-12-13 19:07:17.188 | INFO     | __main__:run_pipeline:189 - DEBUG Loop 1000: t_date=2025-12-12 16:00:00, pred=8038.34, actual=8000.00
2025-12-13 19:07:17.209 | INFO     | __main__:run_pipeline:236 - Logged 1047 historical predictions for BBCA.JK
2025-12-13 19:07:17.211 | INFO     | src.models.xgboost_model:train:18 - Training XGBoost model with 4184 samples
2025-12-13 19:07:19.657 | INFO     | __main__:run_pipeline:272 - XGBoost Results - MSE: 1.3323690875862524e-05, RMSE: 0.0036501631300343996, MAE: 0.0014835989550705546
2025-12-13 19:07:19.665 | INFO     | src.models.xgboost_model:save:28 - XGBoost model saved to data/models/BBCA.JK_15m_xgb.joblib
2025-12-13 19:07:19.692 | INFO     | __main__:<module>:311 - --- Training BBRI.JK [1d] ---
2025-12-13 19:07:19.695 | INFO     | __main__:run_pipeline:26 - Starting pipeline for BBRI.JK (1d)
2025-12-13 19:07:19.695 | INFO     | src.data_collection.stock_collector:fetch_history:49 - Fetching 730 days of history for BBRI.JK with interval 1d
2025-12-13 19:07:19.940 | INFO     | src.data_collection.news_collector:fetch_news:53 - Fetching Google News RSS for: BBRI
2025-12-13 19:07:21.010 | INFO     | src.data_collection.news_collector:fetch_news:62 - Found 100 articles
2025-12-13 19:07:21.021 | INFO     | src.data_collection.news_collector:fetch_news:109 - Saved 10 new articles from Google News
2025-12-13 19:07:21.130 | INFO     | src.data_collection.stock_collector:fetch_history:130 - Successfully updated 729 1d records for BBRI.JK
2025-12-13 19:07:21.590 | INFO     | src.models.lstm_model:train:40 - Training LSTM model with 459 samples
2025-12-13 19:07:26.158 | INFO     | __main__:run_pipeline:145 - LSTM Results - MSE: 0.00028272943589154823, RMSE: 0.01681456023485444, MAE: 0.017539863189317974
2025-12-13 19:07:26.188 | INFO     | src.models.lstm_model:save:57 - Model saved to data/models/BBRI.JK_1d_lstm.h5
2025-12-13 19:07:26.189 | INFO     | __main__:run_pipeline:162 - DEBUG: len(df)=634, len(X_train)=459, seq_len=60, start_idx=519
2025-12-13 19:07:26.190 | INFO     | __main__:run_pipeline:167 - DEBUG: len(test_dates)=115, len(preds)=115
2025-12-13 19:07:26.196 | INFO     | __main__:run_pipeline:189 - DEBUG Loop 0: t_date=2025-11-28 00:00:00, pred=3910.24, actual=3670.00
2025-12-13 19:07:26.208 | INFO     | __main__:run_pipeline:189 - DEBUG Loop 1: t_date=2025-12-01 00:00:00, pred=3869.78, actual=3710.00
2025-12-13 19:07:26.209 | INFO     | __main__:run_pipeline:189 - DEBUG Loop 2: t_date=2025-12-02 00:00:00, pred=3826.85, actual=3710.00
2025-12-13 19:07:26.226 | INFO     | __main__:run_pipeline:189 - DEBUG Loop 50: t_date=2025-12-11 00:00:00, pred=3602.41, actual=3620.00
2025-12-13 19:07:26.245 | INFO     | __main__:run_pipeline:189 - DEBUG Loop 100: t_date=2025-12-12 00:00:00, pred=3608.76, actual=3630.00
2025-12-13 19:07:26.253 | INFO     | __main__:run_pipeline:236 - Logged 115 historical predictions for BBRI.JK
2025-12-13 19:07:26.255 | INFO     | src.models.xgboost_model:train:18 - Training XGBoost model with 459 samples
2025-12-13 19:07:30.723 | INFO     | __main__:run_pipeline:272 - XGBoost Results - MSE: 0.0005313288892978941, RMSE: 0.02305057242885508, MAE: 0.019702549616256587
2025-12-13 19:07:30.750 | INFO     | src.models.xgboost_model:save:28 - XGBoost model saved to data/models/BBRI.JK_1d_xgb.joblib
2025-12-13 19:07:30.802 | INFO     | __main__:<module>:311 - --- Training BBRI.JK [1h] ---
2025-12-13 19:07:30.804 | INFO     | __main__:run_pipeline:26 - Starting pipeline for BBRI.JK (1h)
2025-12-13 19:07:30.805 | INFO     | src.data_collection.stock_collector:fetch_history:49 - Fetching 730 days of history for BBRI.JK with interval 1h
2025-12-13 19:07:31.866 | INFO     | src.data_collection.stock_collector:fetch_history:130 - Successfully updated 4853 1h records for BBRI.JK
2025-12-13 19:07:32.217 | INFO     | src.models.lstm_model:train:40 - Training LSTM model with 4234 samples
2025-12-13 19:07:48.801 | INFO     | __main__:run_pipeline:145 - LSTM Results - MSE: 0.0037538484134952395, RMSE: 0.061268657676623206, MAE: 0.06141951181663304
2025-12-13 19:07:48.856 | INFO     | src.models.lstm_model:save:57 - Model saved to data/models/BBRI.JK_1h_lstm.h5
2025-12-13 19:07:48.857 | INFO     | __main__:run_pipeline:162 - DEBUG: len(df)=5353, len(X_train)=4234, seq_len=60, start_idx=4294
2025-12-13 19:07:48.858 | INFO     | __main__:run_pipeline:167 - DEBUG: len(test_dates)=1059, len(preds)=1059
2025-12-13 19:07:48.892 | INFO     | __main__:run_pipeline:189 - DEBUG Loop 0: t_date=2025-09-22 11:00:00, pred=4172.39, actual=4150.00
2025-12-13 19:07:48.928 | INFO     | __main__:run_pipeline:189 - DEBUG Loop 1: t_date=2025-09-22 13:00:00, pred=4152.10, actual=4140.00
2025-12-13 19:07:48.929 | INFO     | __main__:run_pipeline:189 - DEBUG Loop 2: t_date=2025-09-22 14:00:00, pred=4136.37, actual=4130.00
2025-12-13 19:07:48.964 | INFO     | __main__:run_pipeline:189 - DEBUG Loop 50: t_date=2025-10-10 11:00:00, pred=3768.81, actual=3730.00
2025-12-13 19:07:49.041 | INFO     | __main__:run_pipeline:189 - DEBUG Loop 100: t_date=2025-10-21 15:00:00, pred=3740.50, actual=3760.00
2025-12-13 19:07:49.069 | INFO     | __main__:run_pipeline:189 - DEBUG Loop 150: t_date=2025-10-31 09:00:00, pred=3921.90, actual=3990.00
2025-12-13 19:07:49.088 | INFO     | __main__:run_pipeline:189 - DEBUG Loop 200: t_date=2025-11-11 13:00:00, pred=3887.21, actual=3870.00
2025-12-13 19:07:49.111 | INFO     | __main__:run_pipeline:189 - DEBUG Loop 250: t_date=2025-11-20 15:00:00, pred=4034.91, actual=3990.00
2025-12-13 19:07:49.129 | INFO     | __main__:run_pipeline:189 - DEBUG Loop 300: t_date=2025-12-02 09:00:00, pred=3662.95, actual=3720.00
2025-12-13 19:07:49.149 | INFO     | __main__:run_pipeline:189 - DEBUG Loop 350: t_date=2025-12-02 15:00:00, pred=3692.59, actual=3700.00
2025-12-13 19:07:49.169 | INFO     | __main__:run_pipeline:189 - DEBUG Loop 400: t_date=2025-12-04 13:00:00, pred=3345.78, actual=3670.00
2025-12-13 19:07:49.188 | INFO     | __main__:run_pipeline:189 - DEBUG Loop 450: t_date=2025-12-10 10:00:00, pred=3892.56, actual=3650.00
2025-12-13 19:07:49.206 | INFO     | __main__:run_pipeline:189 - DEBUG Loop 500: t_date=2025-12-10 13:00:00, pred=3873.41, actual=3660.00
2025-12-13 19:07:49.227 | INFO     | __main__:run_pipeline:189 - DEBUG Loop 550: t_date=2025-12-10 15:00:00, pred=3892.31, actual=3670.00
2025-12-13 19:07:49.248 | INFO     | __main__:run_pipeline:189 - DEBUG Loop 600: t_date=2025-12-11 09:00:00, pred=3918.54, actual=3660.00
2025-12-13 19:07:49.264 | INFO     | __main__:run_pipeline:189 - DEBUG Loop 650: t_date=2025-12-11 10:00:00, pred=3879.42, actual=3640.00
2025-12-13 19:07:49.279 | INFO     | __main__:run_pipeline:189 - DEBUG Loop 700: t_date=2025-12-11 13:00:00, pred=3891.63, actual=3620.00
2025-12-13 19:07:49.302 | INFO     | __main__:run_pipeline:189 - DEBUG Loop 750: t_date=2025-12-11 14:00:00, pred=3804.18, actual=3590.00
2025-12-13 19:07:49.317 | INFO     | __main__:run_pipeline:189 - DEBUG Loop 800: t_date=2025-12-11 15:00:00, pred=3854.31, actual=3600.00
2025-12-13 19:07:49.332 | INFO     | __main__:run_pipeline:189 - DEBUG Loop 850: t_date=2025-12-12 09:00:00, pred=3822.77, actual=3610.00
2025-12-13 19:07:49.353 | INFO     | __main__:run_pipeline:189 - DEBUG Loop 900: t_date=2025-12-12 10:00:00, pred=3756.06, actual=3620.00
2025-12-13 19:07:49.373 | INFO     | __main__:run_pipeline:189 - DEBUG Loop 950: t_date=2025-12-12 11:00:00, pred=3781.14, actual=3620.00
2025-12-13 19:07:49.392 | INFO     | __main__:run_pipeline:189 - DEBUG Loop 1000: t_date=2025-12-12 15:00:00, pred=3771.67, actual=3620.00
2025-12-13 19:07:49.411 | INFO     | __main__:run_pipeline:189 - DEBUG Loop 1050: t_date=2025-12-12 16:00:00, pred=3783.38, actual=3630.00
2025-12-13 19:07:49.453 | INFO     | __main__:run_pipeline:236 - Logged 1059 historical predictions for BBRI.JK
2025-12-13 19:07:49.459 | INFO     | src.models.xgboost_model:train:18 - Training XGBoost model with 4234 samples
2025-12-13 19:07:53.681 | INFO     | __main__:run_pipeline:272 - XGBoost Results - MSE: 0.00028035072521741293, RMSE: 0.016743677171320907, MAE: 0.01162666189840003
2025-12-13 19:07:53.692 | INFO     | src.models.xgboost_model:save:28 - XGBoost model saved to data/models/BBRI.JK_1h_xgb.joblib
2025-12-13 19:07:53.729 | INFO     | __main__:<module>:311 - --- Training BBRI.JK [15m] ---
2025-12-13 19:07:53.732 | INFO     | __main__:run_pipeline:26 - Starting pipeline for BBRI.JK (15m)
2025-12-13 19:07:53.732 | INFO     | src.data_collection.stock_collector:fetch_history:49 - Fetching 730 days of history for BBRI.JK with interval 15m
2025-12-13 19:07:54.339 | INFO     | src.data_collection.stock_collector:fetch_history:130 - Successfully updated 1177 15m records for BBRI.JK
2025-12-13 19:07:55.629 | INFO     | src.models.lstm_model:train:40 - Training LSTM model with 2553 samples
2025-12-13 19:08:14.635 | INFO     | __main__:run_pipeline:145 - LSTM Results - MSE: 5.2635820342396274e-05, RMSE: 0.007255054813190337, MAE: 0.014452015010960564
2025-12-13 19:08:14.691 | INFO     | src.models.lstm_model:save:57 - Model saved to data/models/BBRI.JK_15m_lstm.h5
2025-12-13 19:08:14.693 | INFO     | __main__:run_pipeline:162 - DEBUG: len(df)=3252, len(X_train)=2553, seq_len=60, start_idx=2613
2025-12-13 19:08:14.695 | INFO     | __main__:run_pipeline:167 - DEBUG: len(test_dates)=639, len(preds)=639
2025-12-13 19:08:14.709 | INFO     | __main__:run_pipeline:189 - DEBUG Loop 0: t_date=2025-12-12 09:15:00, pred=3597.68, actual=3590.00
2025-12-13 19:08:14.734 | INFO     | __main__:run_pipeline:189 - DEBUG Loop 1: t_date=2025-12-12 09:15:00, pred=3595.73, actual=3590.00
2025-12-13 19:08:14.737 | INFO     | __main__:run_pipeline:189 - DEBUG Loop 2: t_date=2025-12-12 09:15:00, pred=3595.08, actual=3590.00
2025-12-13 19:08:14.779 | INFO     | __main__:run_pipeline:189 - DEBUG Loop 50: t_date=2025-12-12 09:30:00, pred=3604.33, actual=3600.00
2025-12-13 19:08:14.806 | INFO     | __main__:run_pipeline:189 - DEBUG Loop 100: t_date=2025-12-12 10:00:00, pred=3614.43, actual=3620.00
2025-12-13 19:08:14.830 | INFO     | __main__:run_pipeline:189 - DEBUG Loop 150: t_date=2025-12-12 10:15:00, pred=3623.16, actual=3620.00
2025-12-13 19:08:14.847 | INFO     | __main__:run_pipeline:189 - DEBUG Loop 200: t_date=2025-12-12 10:30:00, pred=3611.59, actual=3610.00
2025-12-13 19:08:14.866 | INFO     | __main__:run_pipeline:189 - DEBUG Loop 250: t_date=2025-12-12 11:00:00, pred=3619.93, actual=3620.00
2025-12-13 19:08:14.883 | INFO     | __main__:run_pipeline:189 - DEBUG Loop 300: t_date=2025-12-12 11:15:00, pred=3621.83, actual=3620.00
2025-12-13 19:08:14.899 | INFO     | __main__:run_pipeline:189 - DEBUG Loop 350: t_date=2025-12-12 14:00:00, pred=3617.09, actual=3610.00
2025-12-13 19:08:14.923 | INFO     | __main__:run_pipeline:189 - DEBUG Loop 400: t_date=2025-12-12 14:30:00, pred=3619.12, actual=3620.00
2025-12-13 19:08:14.942 | INFO     | __main__:run_pipeline:189 - DEBUG Loop 450: t_date=2025-12-12 14:45:00, pred=3614.41, actual=3610.00
2025-12-13 19:08:14.962 | INFO     | __main__:run_pipeline:189 - DEBUG Loop 500: t_date=2025-12-12 15:15:00, pred=3613.69, actual=3620.00
2025-12-13 19:08:14.981 | INFO     | __main__:run_pipeline:189 - DEBUG Loop 550: t_date=2025-12-12 15:30:00, pred=3616.16, actual=3610.00
2025-12-13 19:08:15.012 | INFO     | __main__:run_pipeline:189 - DEBUG Loop 600: t_date=2025-12-12 15:45:00, pred=3620.32, actual=3620.00
2025-12-13 19:08:15.043 | INFO     | __main__:run_pipeline:236 - Logged 639 historical predictions for BBRI.JK
2025-12-13 19:08:15.046 | INFO     | src.models.xgboost_model:train:18 - Training XGBoost model with 2553 samples
2025-12-13 19:08:17.043 | INFO     | __main__:run_pipeline:272 - XGBoost Results - MSE: 0.000300662838160487, RMSE: 0.017339632007643272, MAE: 0.012969095572445508
2025-12-13 19:08:17.055 | INFO     | src.models.xgboost_model:save:28 - XGBoost model saved to data/models/BBRI.JK_15m_xgb.joblib
2025-12-13 19:08:17.091 | INFO     | __main__:<module>:311 - --- Training TLKM.JK [1d] ---
2025-12-13 19:08:17.094 | INFO     | __main__:run_pipeline:26 - Starting pipeline for TLKM.JK (1d)
2025-12-13 19:08:17.094 | INFO     | src.data_collection.stock_collector:fetch_history:49 - Fetching 730 days of history for TLKM.JK with interval 1d
2025-12-13 19:08:17.369 | INFO     | src.data_collection.news_collector:fetch_news:53 - Fetching Google News RSS for: TLKM
2025-12-13 19:08:18.384 | INFO     | src.data_collection.news_collector:fetch_news:62 - Found 100 articles
2025-12-13 19:08:18.395 | INFO     | src.data_collection.news_collector:fetch_news:109 - Saved 10 new articles from Google News
2025-12-13 19:08:18.512 | INFO     | src.data_collection.stock_collector:fetch_history:130 - Successfully updated 729 1d records for TLKM.JK
2025-12-13 19:08:18.879 | INFO     | src.models.lstm_model:train:40 - Training LSTM model with 439 samples
2025-12-13 19:08:23.609 | INFO     | __main__:run_pipeline:145 - LSTM Results - MSE: 0.01746288587648553, RMSE: 0.1321472128971532, MAE: 0.13508104713414923
2025-12-13 19:08:23.640 | INFO     | src.models.lstm_model:save:57 - Model saved to data/models/TLKM.JK_1d_lstm.h5
2025-12-13 19:08:23.640 | INFO     | __main__:run_pipeline:162 - DEBUG: len(df)=609, len(X_train)=439, seq_len=60, start_idx=499
2025-12-13 19:08:23.641 | INFO     | __main__:run_pipeline:167 - DEBUG: len(test_dates)=110, len(preds)=110
2025-12-13 19:08:23.650 | INFO     | __main__:run_pipeline:189 - DEBUG Loop 0: t_date=2025-10-17 00:00:00, pred=2987.91, actual=2940.00
2025-12-13 19:08:23.657 | INFO     | __main__:run_pipeline:189 - DEBUG Loop 1: t_date=2025-10-20 00:00:00, pred=2975.61, actual=3280.00
2025-12-13 19:08:23.657 | INFO     | __main__:run_pipeline:189 - DEBUG Loop 2: t_date=2025-10-21 00:00:00, pred=2963.33, actual=3150.00
2025-12-13 19:08:23.681 | INFO     | __main__:run_pipeline:189 - DEBUG Loop 50: t_date=2025-12-03 00:00:00, pred=3433.98, actual=3580.00
2025-12-13 19:08:23.698 | INFO     | __main__:run_pipeline:189 - DEBUG Loop 100: t_date=2025-12-12 00:00:00, pred=3438.73, actual=3550.00
2025-12-13 19:08:23.706 | INFO     | __main__:run_pipeline:236 - Logged 110 historical predictions for TLKM.JK
2025-12-13 19:08:23.708 | INFO     | src.models.xgboost_model:train:18 - Training XGBoost model with 439 samples
2025-12-13 19:08:25.520 | INFO     | __main__:run_pipeline:272 - XGBoost Results - MSE: 0.012140807015236524, RMSE: 0.11018533030869637, MAE: 0.09646326730911263
2025-12-13 19:08:25.529 | INFO     | src.models.xgboost_model:save:28 - XGBoost model saved to data/models/TLKM.JK_1d_xgb.joblib
2025-12-13 19:08:25.548 | INFO     | __main__:<module>:311 - --- Training TLKM.JK [1h] ---
2025-12-13 19:08:25.549 | INFO     | __main__:run_pipeline:26 - Starting pipeline for TLKM.JK (1h)
2025-12-13 19:08:25.549 | INFO     | src.data_collection.stock_collector:fetch_history:49 - Fetching 730 days of history for TLKM.JK with interval 1h
2025-12-13 19:08:26.512 | INFO     | src.data_collection.stock_collector:fetch_history:130 - Successfully updated 4846 1h records for TLKM.JK
2025-12-13 19:08:27.081 | INFO     | src.models.lstm_model:train:40 - Training LSTM model with 4097 samples
2025-12-13 19:08:53.898 | INFO     | __main__:<module>:308 - Starting Continuous Model Trainer...
2025-12-13 19:08:53.899 | INFO     | __main__:<module>:315 - --- Training BBCA.JK [1d] ---
2025-12-13 19:08:53.899 | INFO     | __main__:run_pipeline:26 - Starting pipeline for BBCA.JK (1d)
2025-12-13 19:08:53.899 | INFO     | src.data_collection.stock_collector:fetch_history:49 - Fetching 730 days of history for BBCA.JK with interval 1d
2025-12-13 19:08:55.773 | INFO     | src.data_collection.news_collector:fetch_news:53 - Fetching Google News RSS for: BBCA
2025-12-13 19:08:57.153 | INFO     | src.data_collection.news_collector:fetch_news:62 - Found 100 articles
2025-12-13 19:08:57.163 | INFO     | src.data_collection.news_collector:fetch_news:109 - Saved 10 new articles from Google News
2025-12-13 19:08:57.293 | INFO     | src.data_collection.stock_collector:fetch_history:130 - Successfully updated 729 1d records for BBCA.JK
2025-12-13 19:08:57.983 | INFO     | src.models.lstm_model:train:40 - Training LSTM model with 375 samples
2025-12-13 19:09:01.408 | INFO     | __main__:run_pipeline:149 - LSTM Results - MSE: 0.01856316245455245, RMSE: 0.1362466970408914, MAE: 0.1450114244787088
2025-12-13 19:09:01.440 | INFO     | src.models.lstm_model:save:57 - Model saved to data/models/BBCA.JK_1d_lstm.h5
2025-12-13 19:09:01.440 | INFO     | __main__:run_pipeline:166 - DEBUG: len(df)=529, len(X_train)=375, seq_len=60, start_idx=435
2025-12-13 19:09:01.441 | INFO     | __main__:run_pipeline:171 - DEBUG: len(test_dates)=94, len(preds)=94
2025-12-13 19:09:01.445 | INFO     | __main__:run_pipeline:193 - DEBUG Loop 0: t_date=2025-07-31 00:00:00, pred=8620.76, actual=8245.49
2025-12-13 19:09:01.458 | INFO     | __main__:run_pipeline:193 - DEBUG Loop 1: t_date=2025-08-01 00:00:00, pred=8611.43, actual=8220.66
2025-12-13 19:09:01.459 | INFO     | __main__:run_pipeline:193 - DEBUG Loop 2: t_date=2025-08-04 00:00:00, pred=8599.85, actual=8369.67
2025-12-13 19:09:01.477 | INFO     | __main__:run_pipeline:193 - DEBUG Loop 50: t_date=2025-10-13 00:00:00, pred=7907.95, actual=7202.39
2025-12-13 19:09:01.497 | INFO     | __main__:run_pipeline:240 - Logged 94 historical predictions for BBCA.JK
2025-12-13 19:09:01.499 | INFO     | src.models.xgboost_model:train:18 - Training XGBoost model with 375 samples
2025-12-13 19:09:03.117 | INFO     | __main__:run_pipeline:276 - XGBoost Results - MSE: 0.03309121644084466, RMSE: 0.18190991298124645, MAE: 0.13982792183056877
2025-12-13 19:09:03.122 | INFO     | src.models.xgboost_model:save:28 - XGBoost model saved to data/models/BBCA.JK_1d_xgb.joblib
2025-12-13 19:09:03.127 | INFO     | __main__:<module>:315 - --- Training BBCA.JK [1h] ---
2025-12-13 19:09:03.128 | INFO     | __main__:run_pipeline:26 - Starting pipeline for BBCA.JK (1h)
2025-12-13 19:09:03.128 | INFO     | src.data_collection.stock_collector:fetch_history:49 - Fetching 730 days of history for BBCA.JK with interval 1h
2025-12-13 19:09:04.119 | INFO     | src.data_collection.stock_collector:fetch_history:130 - Successfully updated 4852 1h records for BBCA.JK
2025-12-13 19:09:04.431 | INFO     | src.models.lstm_model:train:40 - Training LSTM model with 3673 samples
2025-12-13 19:09:19.363 | INFO     | __main__:run_pipeline:149 - LSTM Results - MSE: 0.000997910412670055, RMSE: 0.03158972004735172, MAE: 0.14094455130342912
2025-12-13 19:09:19.437 | INFO     | src.models.lstm_model:save:57 - Model saved to data/models/BBCA.JK_1h_lstm.h5
2025-12-13 19:09:19.438 | INFO     | __main__:run_pipeline:166 - DEBUG: len(df)=4652, len(X_train)=3673, seq_len=60, start_idx=3733
2025-12-13 19:09:19.439 | INFO     | __main__:run_pipeline:171 - DEBUG: len(test_dates)=919, len(preds)=919
2025-12-13 19:09:19.449 | INFO     | __main__:run_pipeline:193 - DEBUG Loop 0: t_date=2025-05-20 13:00:00, pred=9510.32, actual=9650.00
2025-12-13 19:09:19.464 | INFO     | __main__:run_pipeline:193 - DEBUG Loop 1: t_date=2025-05-20 14:00:00, pred=9541.43, actual=9575.00
2025-12-13 19:09:19.465 | INFO     | __main__:run_pipeline:193 - DEBUG Loop 2: t_date=2025-05-20 15:00:00, pred=9564.07, actual=9475.00
2025-12-13 19:09:19.489 | INFO     | __main__:run_pipeline:193 - DEBUG Loop 50: t_date=2025-06-02 15:00:00, pred=9239.03, actual=9100.00
2025-12-13 19:09:19.535 | INFO     | __main__:run_pipeline:193 - DEBUG Loop 100: t_date=2025-06-16 09:00:00, pred=9024.85, actual=8950.00
2025-12-13 19:09:19.553 | INFO     | __main__:run_pipeline:193 - DEBUG Loop 150: t_date=2025-06-25 11:00:00, pred=8759.83, actual=8625.00
2025-12-13 19:09:19.577 | INFO     | __main__:run_pipeline:193 - DEBUG Loop 200: t_date=2025-07-07 13:00:00, pred=8643.77, actual=8575.00
2025-12-13 19:09:19.595 | INFO     | __main__:run_pipeline:193 - DEBUG Loop 250: t_date=2025-07-16 15:00:00, pred=8594.84, actual=8525.00
2025-12-13 19:09:19.618 | INFO     | __main__:run_pipeline:193 - DEBUG Loop 300: t_date=2025-07-28 10:00:00, pred=8516.67, actual=8525.00
2025-12-13 19:09:19.639 | INFO     | __main__:run_pipeline:193 - DEBUG Loop 350: t_date=2025-08-06 13:00:00, pred=8441.31, actual=8350.00
2025-12-13 19:09:19.658 | INFO     | __main__:run_pipeline:193 - DEBUG Loop 400: t_date=2025-08-15 16:00:00, pred=8728.10, actual=8525.00
2025-12-13 19:09:19.682 | INFO     | __main__:run_pipeline:193 - DEBUG Loop 450: t_date=2025-08-28 10:00:00, pred=8365.34, actual=8350.00
2025-12-13 19:09:19.701 | INFO     | __main__:run_pipeline:193 - DEBUG Loop 500: t_date=2025-09-09 13:00:00, pred=7832.63, actual=7550.00
2025-12-13 19:09:19.720 | INFO     | __main__:run_pipeline:193 - DEBUG Loop 550: t_date=2025-09-18 15:00:00, pred=7861.54, actual=7700.00
2025-12-13 19:09:19.780 | INFO     | __main__:run_pipeline:193 - DEBUG Loop 600: t_date=2025-10-08 16:00:00, pred=7603.97, actual=7325.00
2025-12-13 19:09:19.822 | INFO     | __main__:run_pipeline:193 - DEBUG Loop 650: t_date=2025-10-20 11:00:00, pred=7752.20, actual=7925.00
2025-12-13 19:09:19.840 | INFO     | __main__:run_pipeline:193 - DEBUG Loop 700: t_date=2025-10-29 14:00:00, pred=8385.45, actual=8575.00
2025-12-13 19:09:19.859 | INFO     | __main__:run_pipeline:193 - DEBUG Loop 750: t_date=2025-11-10 09:00:00, pred=8659.16, actual=8625.00
2025-12-13 19:09:19.875 | INFO     | __main__:run_pipeline:193 - DEBUG Loop 800: t_date=2025-11-19 11:00:00, pred=8456.54, actual=8475.00
2025-12-13 19:09:20.298 | INFO     | __main__:run_pipeline:193 - DEBUG Loop 850: t_date=2025-11-28 15:00:00, pred=8364.60, actual=8275.00
2025-12-13 19:09:20.498 | INFO     | __main__:run_pipeline:193 - DEBUG Loop 900: t_date=2025-12-10 09:00:00, pred=8198.28, actual=8025.00
2025-12-13 19:09:20.516 | INFO     | __main__:run_pipeline:240 - Logged 919 historical predictions for BBCA.JK
2025-12-13 19:09:20.531 | INFO     | src.models.xgboost_model:train:18 - Training XGBoost model with 3673 samples
2025-12-13 19:09:24.468 | INFO     | __main__:run_pipeline:276 - XGBoost Results - MSE: 0.0071687001475627815, RMSE: 0.08466817671098617, MAE: 0.04605236358265065
2025-12-13 19:09:24.474 | INFO     | src.models.xgboost_model:save:28 - XGBoost model saved to data/models/BBCA.JK_1h_xgb.joblib
2025-12-13 19:09:24.511 | INFO     | __main__:<module>:315 - --- Training BBCA.JK [15m] ---
2025-12-13 19:09:24.512 | INFO     | __main__:run_pipeline:26 - Starting pipeline for BBCA.JK (15m)
2025-12-13 19:09:24.512 | INFO     | src.data_collection.stock_collector:fetch_history:49 - Fetching 730 days of history for BBCA.JK with interval 15m
2025-12-13 19:09:24.940 | INFO     | src.data_collection.stock_collector:fetch_history:130 - Successfully updated 1177 15m records for BBCA.JK
2025-12-13 19:09:25.236 | INFO     | src.models.lstm_model:train:40 - Training LSTM model with 733 samples
2025-12-13 19:09:29.067 | INFO     | __main__:run_pipeline:149 - LSTM Results - MSE: 0.0029765467418978874, RMSE: 0.05455773769043111, MAE: 0.10323242377301801
2025-12-13 19:09:29.099 | INFO     | src.models.lstm_model:save:57 - Model saved to data/models/BBCA.JK_15m_lstm.h5
2025-12-13 19:09:29.100 | INFO     | __main__:run_pipeline:166 - DEBUG: len(df)=977, len(X_train)=733, seq_len=60, start_idx=793
2025-12-13 19:09:29.101 | INFO     | __main__:run_pipeline:171 - DEBUG: len(test_dates)=184, len(preds)=184
2025-12-13 19:09:29.105 | INFO     | __main__:run_pipeline:193 - DEBUG Loop 0: t_date=2025-12-02 14:00:00, pred=8411.59, actual=8375.00
2025-12-13 19:09:29.119 | INFO     | __main__:run_pipeline:193 - DEBUG Loop 1: t_date=2025-12-02 14:15:00, pred=8410.48, actual=8375.00
2025-12-13 19:09:29.120 | INFO     | __main__:run_pipeline:193 - DEBUG Loop 2: t_date=2025-12-02 14:30:00, pred=8408.32, actual=8375.00
2025-12-13 19:09:29.138 | INFO     | __main__:run_pipeline:193 - DEBUG Loop 50: t_date=2025-12-04 15:00:00, pred=8264.03, actual=8225.00
2025-12-13 19:09:29.159 | INFO     | __main__:run_pipeline:193 - DEBUG Loop 100: t_date=2025-12-09 09:45:00, pred=8309.78, actual=8200.00
2025-12-13 19:09:29.176 | INFO     | __main__:run_pipeline:193 - DEBUG Loop 150: t_date=2025-12-11 10:45:00, pred=8162.37, actual=8000.00
2025-12-13 19:09:29.198 | INFO     | __main__:run_pipeline:240 - Logged 184 historical predictions for BBCA.JK
2025-12-13 19:09:29.199 | INFO     | src.models.xgboost_model:train:18 - Training XGBoost model with 733 samples
2025-12-13 19:09:30.356 | INFO     | __main__:run_pipeline:276 - XGBoost Results - MSE: 0.015003847496205308, RMSE: 0.12249019346953988, MAE: 0.09526939342016666
2025-12-13 19:09:30.359 | INFO     | src.models.xgboost_model:save:28 - XGBoost model saved to data/models/BBCA.JK_15m_xgb.joblib
2025-12-13 19:09:30.368 | INFO     | __main__:<module>:315 - --- Training BBRI.JK [1d] ---
2025-12-13 19:09:30.369 | INFO     | __main__:run_pipeline:26 - Starting pipeline for BBRI.JK (1d)
2025-12-13 19:09:30.369 | INFO     | src.data_collection.stock_collector:fetch_history:49 - Fetching 730 days of history for BBRI.JK with interval 1d
2025-12-13 19:09:30.608 | INFO     | src.data_collection.news_collector:fetch_news:53 - Fetching Google News RSS for: BBRI
2025-12-13 19:09:31.723 | INFO     | src.data_collection.news_collector:fetch_news:62 - Found 100 articles
2025-12-13 19:09:31.750 | INFO     | src.data_collection.news_collector:fetch_news:109 - Saved 10 new articles from Google News
2025-12-13 19:09:31.870 | INFO     | src.data_collection.stock_collector:fetch_history:130 - Successfully updated 729 1d records for BBRI.JK
2025-12-13 19:09:32.617 | INFO     | src.models.lstm_model:train:40 - Training LSTM model with 375 samples
2025-12-13 19:09:36.183 | INFO     | __main__:run_pipeline:149 - LSTM Results - MSE: 0.004991800363366695, RMSE: 0.07065267414165365, MAE: 0.08211081362681859
2025-12-13 19:09:36.210 | INFO     | src.models.lstm_model:save:57 - Model saved to data/models/BBRI.JK_1d_lstm.h5
2025-12-13 19:09:36.210 | INFO     | __main__:run_pipeline:166 - DEBUG: len(df)=529, len(X_train)=375, seq_len=60, start_idx=435
2025-12-13 19:09:36.211 | INFO     | __main__:run_pipeline:171 - DEBUG: len(test_dates)=94, len(preds)=94
2025-12-13 19:09:36.215 | INFO     | __main__:run_pipeline:193 - DEBUG Loop 0: t_date=2025-07-31 00:00:00, pred=3945.51, actual=3740.00
2025-12-13 19:09:36.225 | INFO     | __main__:run_pipeline:193 - DEBUG Loop 1: t_date=2025-08-01 00:00:00, pred=3927.48, actual=3710.00
2025-12-13 19:09:36.227 | INFO     | __main__:run_pipeline:193 - DEBUG Loop 2: t_date=2025-08-04 00:00:00, pred=3906.32, actual=3740.00
2025-12-13 19:09:36.250 | INFO     | __main__:run_pipeline:193 - DEBUG Loop 50: t_date=2025-10-13 00:00:00, pred=3797.22, actual=3550.00
2025-12-13 19:09:36.269 | INFO     | __main__:run_pipeline:240 - Logged 94 historical predictions for BBRI.JK
2025-12-13 19:09:36.271 | INFO     | src.models.xgboost_model:train:18 - Training XGBoost model with 375 samples
2025-12-13 19:09:37.868 | INFO     | __main__:run_pipeline:276 - XGBoost Results - MSE: 0.0033928320687837757, RMSE: 0.05824802201606313, MAE: 0.0472287992648276
2025-12-13 19:09:37.875 | INFO     | src.models.xgboost_model:save:28 - XGBoost model saved to data/models/BBRI.JK_1d_xgb.joblib
2025-12-13 19:09:37.903 | INFO     | __main__:<module>:315 - --- Training BBRI.JK [1h] ---
2025-12-13 19:09:37.905 | INFO     | __main__:run_pipeline:26 - Starting pipeline for BBRI.JK (1h)
2025-12-13 19:09:37.906 | INFO     | src.data_collection.stock_collector:fetch_history:49 - Fetching 730 days of history for BBRI.JK with interval 1h
2025-12-13 19:09:39.139 | INFO     | src.data_collection.stock_collector:fetch_history:130 - Successfully updated 4853 1h records for BBRI.JK
2025-12-13 19:09:39.609 | INFO     | src.models.lstm_model:train:40 - Training LSTM model with 3674 samples
2025-12-13 19:09:56.248 | INFO     | __main__:run_pipeline:149 - LSTM Results - MSE: 0.0006108618468269602, RMSE: 0.024715619491061925, MAE: 0.07073127164956546
2025-12-13 19:09:56.284 | INFO     | src.models.lstm_model:save:57 - Model saved to data/models/BBRI.JK_1h_lstm.h5
2025-12-13 19:09:56.286 | INFO     | __main__:run_pipeline:166 - DEBUG: len(df)=4653, len(X_train)=3674, seq_len=60, start_idx=3734
2025-12-13 19:09:56.288 | INFO     | __main__:run_pipeline:171 - DEBUG: len(test_dates)=919, len(preds)=919
2025-12-13 19:09:56.300 | INFO     | __main__:run_pipeline:193 - DEBUG Loop 0: t_date=2025-05-20 11:00:00, pred=4200.43, actual=4270.00
2025-12-13 19:09:56.320 | INFO     | __main__:run_pipeline:193 - DEBUG Loop 1: t_date=2025-05-20 13:00:00, pred=4208.55, actual=4240.00
2025-12-13 19:09:56.321 | INFO     | __main__:run_pipeline:193 - DEBUG Loop 2: t_date=2025-05-20 14:00:00, pred=4219.03, actual=4210.00
2025-12-13 19:09:56.342 | INFO     | __main__:run_pipeline:193 - DEBUG Loop 50: t_date=2025-06-02 14:00:00, pred=4287.96, actual=4220.00
2025-12-13 19:09:56.362 | INFO     | __main__:run_pipeline:193 - DEBUG Loop 100: t_date=2025-06-13 16:00:00, pred=4028.67, actual=3970.00
2025-12-13 19:09:56.381 | INFO     | __main__:run_pipeline:193 - DEBUG Loop 150: t_date=2025-06-25 10:00:00, pred=3861.99, actual=3760.00
2025-12-13 19:09:56.406 | INFO     | __main__:run_pipeline:193 - DEBUG Loop 200: t_date=2025-07-07 13:00:00, pred=3742.86, actual=3690.00
2025-12-13 19:09:56.427 | INFO     | __main__:run_pipeline:193 - DEBUG Loop 250: t_date=2025-07-16 15:00:00, pred=3948.98, actual=3880.00
2025-12-13 19:09:56.446 | INFO     | __main__:run_pipeline:193 - DEBUG Loop 300: t_date=2025-07-28 10:00:00, pred=3935.08, actual=3920.00
2025-12-13 19:09:56.468 | INFO     | __main__:run_pipeline:193 - DEBUG Loop 350: t_date=2025-08-06 13:00:00, pred=3808.90, actual=3720.00
2025-12-13 19:09:56.501 | INFO     | __main__:run_pipeline:193 - DEBUG Loop 400: t_date=2025-08-15 16:00:00, pred=4079.39, actual=4040.00
2025-12-13 19:09:56.523 | INFO     | __main__:run_pipeline:193 - DEBUG Loop 450: t_date=2025-08-28 10:00:00, pred=4085.88, actual=4150.00
2025-12-13 19:09:56.549 | INFO     | __main__:run_pipeline:193 - DEBUG Loop 500: t_date=2025-09-09 13:00:00, pred=3929.43, actual=3800.00
2025-12-13 19:09:56.566 | INFO     | __main__:run_pipeline:193 - DEBUG Loop 550: t_date=2025-09-18 15:00:00, pred=4237.37, actual=4250.00
2025-12-13 19:09:56.582 | INFO     | __main__:run_pipeline:193 - DEBUG Loop 600: t_date=2025-10-08 16:00:00, pred=3779.34, actual=3680.00
2025-12-13 19:09:56.602 | INFO     | __main__:run_pipeline:193 - DEBUG Loop 650: t_date=2025-10-20 11:00:00, pred=3630.80, actual=3700.00
2025-12-13 19:09:56.618 | INFO     | __main__:run_pipeline:193 - DEBUG Loop 700: t_date=2025-10-29 14:00:00, pred=3850.72, actual=3880.00
2025-12-13 19:09:56.633 | INFO     | __main__:run_pipeline:193 - DEBUG Loop 750: t_date=2025-11-10 09:00:00, pred=4026.67, actual=3980.00
2025-12-13 19:09:56.653 | INFO     | __main__:run_pipeline:193 - DEBUG Loop 800: t_date=2025-11-19 11:00:00, pred=4014.32, actual=3980.00
2025-12-13 19:09:56.676 | INFO     | __main__:run_pipeline:193 - DEBUG Loop 850: t_date=2025-11-28 15:00:00, pred=3730.51, actual=3680.00
2025-12-13 19:09:56.691 | INFO     | __main__:run_pipeline:193 - DEBUG Loop 900: t_date=2025-12-10 09:00:00, pred=3728.03, actual=3650.00
2025-12-13 19:09:56.712 | INFO     | __main__:run_pipeline:240 - Logged 919 historical predictions for BBRI.JK
2025-12-13 19:09:56.717 | INFO     | src.models.xgboost_model:train:18 - Training XGBoost model with 3674 samples
2025-12-13 19:10:01.275 | INFO     | __main__:run_pipeline:276 - XGBoost Results - MSE: 0.00032536346526674983, RMSE: 0.018037834273181185, MAE: 0.01292146793142345
2025-12-13 19:10:01.284 | INFO     | src.models.xgboost_model:save:28 - XGBoost model saved to data/models/BBRI.JK_1h_xgb.joblib
2025-12-13 19:10:01.318 | INFO     | __main__:<module>:315 - --- Training BBRI.JK [15m] ---
2025-12-13 19:10:01.320 | INFO     | __main__:run_pipeline:26 - Starting pipeline for BBRI.JK (15m)
2025-12-13 19:10:01.320 | INFO     | src.data_collection.stock_collector:fetch_history:49 - Fetching 730 days of history for BBRI.JK with interval 15m
2025-12-13 19:10:01.788 | INFO     | src.data_collection.stock_collector:fetch_history:130 - Successfully updated 1177 15m records for BBRI.JK
2025-12-13 19:10:02.222 | INFO     | src.models.lstm_model:train:40 - Training LSTM model with 733 samples
2025-12-13 19:10:08.158 | INFO     | __main__:run_pipeline:149 - LSTM Results - MSE: 0.0028205172931224714, RMSE: 0.05310854256259036, MAE: 0.057198843979911804
2025-12-13 19:10:08.188 | INFO     | src.models.lstm_model:save:57 - Model saved to data/models/BBRI.JK_15m_lstm.h5
2025-12-13 19:10:08.189 | INFO     | __main__:run_pipeline:166 - DEBUG: len(df)=977, len(X_train)=733, seq_len=60, start_idx=793
2025-12-13 19:10:08.189 | INFO     | __main__:run_pipeline:171 - DEBUG: len(test_dates)=184, len(preds)=184
2025-12-13 19:10:08.193 | INFO     | __main__:run_pipeline:193 - DEBUG Loop 0: t_date=2025-12-02 14:00:00, pred=3733.31, actual=3690.00
2025-12-13 19:10:08.206 | INFO     | __main__:run_pipeline:193 - DEBUG Loop 1: t_date=2025-12-02 14:15:00, pred=3731.89, actual=3690.00
2025-12-13 19:10:08.207 | INFO     | __main__:run_pipeline:193 - DEBUG Loop 2: t_date=2025-12-02 14:30:00, pred=3729.71, actual=3670.00
2025-12-13 19:10:08.226 | INFO     | __main__:run_pipeline:193 - DEBUG Loop 50: t_date=2025-12-04 15:00:00, pred=3690.40, actual=3660.00
2025-12-13 19:10:08.245 | INFO     | __main__:run_pipeline:193 - DEBUG Loop 100: t_date=2025-12-09 09:45:00, pred=3701.97, actual=3680.00
2025-12-13 19:10:08.265 | INFO     | __main__:run_pipeline:193 - DEBUG Loop 150: t_date=2025-12-11 10:45:00, pred=3698.38, actual=3630.00
2025-12-13 19:10:08.291 | INFO     | __main__:run_pipeline:240 - Logged 184 historical predictions for BBRI.JK
2025-12-13 19:10:08.293 | INFO     | src.models.xgboost_model:train:18 - Training XGBoost model with 733 samples
2025-12-13 19:10:09.500 | INFO     | __main__:run_pipeline:276 - XGBoost Results - MSE: 0.009991762021522724, RMSE: 0.09995880162108149, MAE: 0.08750792766263037
2025-12-13 19:10:09.507 | INFO     | src.models.xgboost_model:save:28 - XGBoost model saved to data/models/BBRI.JK_15m_xgb.joblib
2025-12-13 19:10:09.517 | INFO     | __main__:<module>:315 - --- Training TLKM.JK [1d] ---
2025-12-13 19:10:09.518 | INFO     | __main__:run_pipeline:26 - Starting pipeline for TLKM.JK (1d)
2025-12-13 19:10:09.518 | INFO     | src.data_collection.stock_collector:fetch_history:49 - Fetching 730 days of history for TLKM.JK with interval 1d
2025-12-13 19:10:09.756 | INFO     | src.data_collection.news_collector:fetch_news:53 - Fetching Google News RSS for: TLKM
2025-12-13 19:10:10.320 | INFO     | src.data_collection.news_collector:fetch_news:62 - Found 100 articles
2025-12-13 19:10:10.334 | INFO     | src.data_collection.news_collector:fetch_news:109 - Saved 10 new articles from Google News
2025-12-13 19:10:10.457 | INFO     | src.data_collection.stock_collector:fetch_history:130 - Successfully updated 729 1d records for TLKM.JK
2025-12-13 19:10:10.871 | INFO     | src.models.lstm_model:train:40 - Training LSTM model with 375 samples
2025-12-13 19:10:14.125 | INFO     | __main__:run_pipeline:149 - LSTM Results - MSE: 0.01643527719772442, RMSE: 0.1282001450768462, MAE: 0.15921503052060754
2025-12-13 19:10:14.154 | INFO     | src.models.lstm_model:save:57 - Model saved to data/models/TLKM.JK_1d_lstm.h5
2025-12-13 19:10:14.155 | INFO     | __main__:run_pipeline:166 - DEBUG: len(df)=529, len(X_train)=375, seq_len=60, start_idx=435
2025-12-13 19:10:14.156 | INFO     | __main__:run_pipeline:171 - DEBUG: len(test_dates)=94, len(preds)=94
2025-12-13 19:10:14.160 | INFO     | __main__:run_pipeline:193 - DEBUG Loop 0: t_date=2025-07-31 00:00:00, pred=2827.10, actual=2980.00
2025-12-13 19:10:14.170 | INFO     | __main__:run_pipeline:193 - DEBUG Loop 1: t_date=2025-08-01 00:00:00, pred=2835.77, actual=3030.00
2025-12-13 19:10:14.172 | INFO     | __main__:run_pipeline:193 - DEBUG Loop 2: t_date=2025-08-04 00:00:00, pred=2846.40, actual=3030.00
2025-12-13 19:10:14.193 | INFO     | __main__:run_pipeline:193 - DEBUG Loop 50: t_date=2025-10-13 00:00:00, pred=3086.62, actual=2960.00
2025-12-13 19:10:14.218 | INFO     | __main__:run_pipeline:240 - Logged 94 historical predictions for TLKM.JK
2025-12-13 19:10:14.220 | INFO     | src.models.xgboost_model:train:18 - Training XGBoost model with 375 samples
2025-12-13 19:10:15.634 | INFO     | __main__:run_pipeline:276 - XGBoost Results - MSE: 0.01893507389001727, RMSE: 0.13760477422683148, MAE: 0.10829133676194475
2025-12-13 19:10:15.638 | INFO     | src.models.xgboost_model:save:28 - XGBoost model saved to data/models/TLKM.JK_1d_xgb.joblib
2025-12-13 19:10:15.646 | INFO     | __main__:<module>:315 - --- Training TLKM.JK [1h] ---
2025-12-13 19:10:15.647 | INFO     | __main__:run_pipeline:26 - Starting pipeline for TLKM.JK (1h)
2025-12-13 19:10:15.647 | INFO     | src.data_collection.stock_collector:fetch_history:49 - Fetching 730 days of history for TLKM.JK with interval 1h
2025-12-13 19:10:16.657 | INFO     | src.data_collection.stock_collector:fetch_history:130 - Successfully updated 4846 1h records for TLKM.JK
2025-12-13 19:10:17.091 | INFO     | src.models.lstm_model:train:40 - Training LSTM model with 3668 samples
2025-12-13 19:10:32.262 | INFO     | __main__:run_pipeline:149 - LSTM Results - MSE: 0.0008600082683125669, RMSE: 0.02932589757045071, MAE: 0.16027966323792922
2025-12-13 19:10:32.577 | INFO     | src.models.lstm_model:save:57 - Model saved to data/models/TLKM.JK_1h_lstm.h5
2025-12-13 19:10:32.578 | INFO     | __main__:run_pipeline:166 - DEBUG: len(df)=4646, len(X_train)=3668, seq_len=60, start_idx=3728
2025-12-13 19:10:32.579 | INFO     | __main__:run_pipeline:171 - DEBUG: len(test_dates)=918, len(preds)=918
2025-12-13 19:10:32.594 | INFO     | __main__:run_pipeline:193 - DEBUG Loop 0: t_date=2025-05-20 13:00:00, pred=2815.08, actual=2800.00
2025-12-13 19:10:32.615 | INFO     | __main__:run_pipeline:193 - DEBUG Loop 1: t_date=2025-05-20 14:00:00, pred=2815.67, actual=2770.00
2025-12-13 19:10:32.617 | INFO     | __main__:run_pipeline:193 - DEBUG Loop 2: t_date=2025-05-20 15:00:00, pred=2814.92, actual=2740.00
2025-12-13 19:10:32.654 | INFO     | __main__:run_pipeline:193 - DEBUG Loop 50: t_date=2025-06-02 15:00:00, pred=2758.91, actual=2780.00
2025-12-13 19:10:32.683 | INFO     | __main__:run_pipeline:193 - DEBUG Loop 100: t_date=2025-06-16 09:00:00, pred=2749.46, actual=2760.00
2025-12-13 19:10:32.704 | INFO     | __main__:run_pipeline:193 - DEBUG Loop 150: t_date=2025-06-25 11:00:00, pred=2644.33, actual=2580.00
2025-12-13 19:10:32.723 | INFO     | __main__:run_pipeline:193 - DEBUG Loop 200: t_date=2025-07-07 14:00:00, pred=2641.21, actual=2670.00
2025-12-13 19:10:32.743 | INFO     | __main__:run_pipeline:193 - DEBUG Loop 250: t_date=2025-07-16 16:00:00, pred=2673.27, actual=2700.00
2025-12-13 19:10:32.764 | INFO     | __main__:run_pipeline:193 - DEBUG Loop 300: t_date=2025-07-28 11:00:00, pred=2808.28, actual=2840.00
2025-12-13 19:10:32.782 | INFO     | __main__:run_pipeline:193 - DEBUG Loop 350: t_date=2025-08-06 14:00:00, pred=3000.42, actual=2990.00
2025-12-13 19:10:32.802 | INFO     | __main__:run_pipeline:193 - DEBUG Loop 400: t_date=2025-08-19 09:00:00, pred=3336.55, actual=3290.00
2025-12-13 19:10:32.826 | INFO     | __main__:run_pipeline:193 - DEBUG Loop 450: t_date=2025-08-28 11:00:00, pred=3171.16, actual=3210.00
2025-12-13 19:10:32.845 | INFO     | __main__:run_pipeline:193 - DEBUG Loop 500: t_date=2025-09-09 14:00:00, pred=3141.91, actual=3060.00
2025-12-13 19:10:32.865 | INFO     | __main__:run_pipeline:193 - DEBUG Loop 550: t_date=2025-09-18 16:00:00, pred=3259.71, actual=3180.00
2025-12-13 19:10:32.884 | INFO     | __main__:run_pipeline:193 - DEBUG Loop 600: t_date=2025-10-09 09:00:00, pred=3027.56, actual=2970.00
2025-12-13 19:10:32.907 | INFO     | __main__:run_pipeline:193 - DEBUG Loop 650: t_date=2025-10-20 13:00:00, pred=2925.51, actual=2950.00
2025-12-13 19:10:32.927 | INFO     | __main__:run_pipeline:193 - DEBUG Loop 700: t_date=2025-10-29 15:00:00, pred=3275.72, actual=3290.00
2025-12-13 19:10:32.946 | INFO     | __main__:run_pipeline:193 - DEBUG Loop 750: t_date=2025-11-10 10:00:00, pred=3429.05, actual=3500.00
2025-12-13 19:10:32.969 | INFO     | __main__:run_pipeline:193 - DEBUG Loop 800: t_date=2025-11-19 13:00:00, pred=3627.38, actual=3630.00
2025-12-13 19:10:32.987 | INFO     | __main__:run_pipeline:193 - DEBUG Loop 850: t_date=2025-11-28 16:00:00, pred=3588.41, actual=3570.00
2025-12-13 19:10:33.003 | INFO     | __main__:run_pipeline:193 - DEBUG Loop 900: t_date=2025-12-10 10:00:00, pred=3387.14, actual=3620.00
2025-12-13 19:10:33.017 | INFO     | __main__:run_pipeline:240 - Logged 918 historical predictions for TLKM.JK
2025-12-13 19:10:33.019 | INFO     | src.models.xgboost_model:train:18 - Training XGBoost model with 3668 samples
2025-12-13 19:10:36.386 | INFO     | __main__:run_pipeline:276 - XGBoost Results - MSE: 0.0004909020820481883, RMSE: 0.022156310208339934, MAE: 0.015085127912344528
2025-12-13 19:10:36.395 | INFO     | src.models.xgboost_model:save:28 - XGBoost model saved to data/models/TLKM.JK_1h_xgb.joblib
2025-12-13 19:10:36.432 | INFO     | __main__:<module>:315 - --- Training TLKM.JK [15m] ---
2025-12-13 19:10:36.435 | INFO     | __main__:run_pipeline:26 - Starting pipeline for TLKM.JK (15m)
2025-12-13 19:10:36.435 | INFO     | src.data_collection.stock_collector:fetch_history:49 - Fetching 730 days of history for TLKM.JK with interval 15m
2025-12-13 19:10:37.402 | INFO     | src.data_collection.stock_collector:fetch_history:130 - Successfully updated 1177 15m records for TLKM.JK
2025-12-13 19:10:37.799 | INFO     | src.models.lstm_model:train:40 - Training LSTM model with 733 samples
2025-12-13 19:10:44.567 | INFO     | __main__:<module>:304 - Starting Continuous Model Trainer...
2025-12-13 19:10:44.568 | INFO     | __main__:<module>:311 - --- Training BBCA.JK [1d] ---
2025-12-13 19:10:44.568 | INFO     | __main__:run_pipeline:26 - Starting pipeline for BBCA.JK (1d)
2025-12-13 19:10:44.569 | INFO     | src.data_collection.stock_collector:fetch_history:49 - Fetching 730 days of history for BBCA.JK with interval 1d
2025-12-13 19:10:45.627 | INFO     | src.data_collection.news_collector:fetch_news:53 - Fetching Google News RSS for: BBCA
2025-12-13 19:10:46.165 | INFO     | src.data_collection.news_collector:fetch_news:62 - Found 100 articles
2025-12-13 19:10:46.181 | INFO     | src.data_collection.news_collector:fetch_news:109 - Saved 10 new articles from Google News
2025-12-13 19:10:46.322 | INFO     | src.data_collection.stock_collector:fetch_history:130 - Successfully updated 729 1d records for BBCA.JK
2025-12-13 19:10:47.021 | INFO     | src.models.lstm_model:train:40 - Training LSTM model with 375 samples
2025-12-13 19:10:51.694 | INFO     | __main__:run_pipeline:149 - LSTM Results - MSE: 0.01710932316807297, RMSE: 0.13080261147268035, MAE: 0.14612172255640002
2025-12-13 19:10:51.742 | INFO     | src.models.lstm_model:save:57 - Model saved to data/models/BBCA.JK_1d_lstm.h5
2025-12-13 19:10:51.743 | INFO     | __main__:run_pipeline:166 - DEBUG: len(df)=529, len(X_train)=375, seq_len=60, start_idx=435
2025-12-13 19:10:51.744 | INFO     | __main__:run_pipeline:171 - DEBUG: len(test_dates)=94, len(preds)=94
2025-12-13 19:10:51.880 | INFO     | __main__:run_pipeline:236 - Logged 94 historical predictions for BBCA.JK
2025-12-13 19:10:51.882 | INFO     | src.models.xgboost_model:train:18 - Training XGBoost model with 375 samples
2025-12-13 19:10:54.018 | INFO     | __main__:run_pipeline:272 - XGBoost Results - MSE: 0.03394059178099006, RMSE: 0.18422972556292339, MAE: 0.14268388652114544
2025-12-13 19:10:54.045 | INFO     | src.models.xgboost_model:save:28 - XGBoost model saved to data/models/BBCA.JK_1d_xgb.joblib
2025-12-13 19:10:54.069 | INFO     | __main__:<module>:311 - --- Training BBCA.JK [1h] ---
2025-12-13 19:10:54.070 | INFO     | __main__:run_pipeline:26 - Starting pipeline for BBCA.JK (1h)
2025-12-13 19:10:54.070 | INFO     | src.data_collection.stock_collector:fetch_history:49 - Fetching 730 days of history for BBCA.JK with interval 1h
2025-12-13 19:10:55.113 | INFO     | src.data_collection.stock_collector:fetch_history:130 - Successfully updated 4852 1h records for BBCA.JK
2025-12-13 19:10:55.423 | INFO     | src.models.lstm_model:train:40 - Training LSTM model with 3673 samples
2025-12-13 19:11:07.211 | INFO     | __main__:run_pipeline:149 - LSTM Results - MSE: 0.0011171879068159452, RMSE: 0.03342436097842329, MAE: 0.14142050284762617
2025-12-13 19:11:07.238 | INFO     | src.models.lstm_model:save:57 - Model saved to data/models/BBCA.JK_1h_lstm.h5
2025-12-13 19:11:07.239 | INFO     | __main__:run_pipeline:166 - DEBUG: len(df)=4652, len(X_train)=3673, seq_len=60, start_idx=3733
2025-12-13 19:11:07.239 | INFO     | __main__:run_pipeline:171 - DEBUG: len(test_dates)=919, len(preds)=919
2025-12-13 19:11:07.609 | INFO     | __main__:run_pipeline:236 - Logged 919 historical predictions for BBCA.JK
2025-12-13 19:11:07.611 | INFO     | src.models.xgboost_model:train:18 - Training XGBoost model with 3673 samples
2025-12-13 19:11:09.387 | INFO     | __main__:run_pipeline:272 - XGBoost Results - MSE: 0.0071687001475627815, RMSE: 0.08466817671098617, MAE: 0.04605236358265065
2025-12-13 19:11:09.390 | INFO     | src.models.xgboost_model:save:28 - XGBoost model saved to data/models/BBCA.JK_1h_xgb.joblib
2025-12-13 19:11:09.396 | INFO     | __main__:<module>:311 - --- Training BBCA.JK [15m] ---
2025-12-13 19:11:09.396 | INFO     | __main__:run_pipeline:26 - Starting pipeline for BBCA.JK (15m)
2025-12-13 19:11:09.397 | INFO     | src.data_collection.stock_collector:fetch_history:49 - Fetching 730 days of history for BBCA.JK with interval 15m
2025-12-13 19:11:09.810 | INFO     | src.data_collection.stock_collector:fetch_history:130 - Successfully updated 1177 15m records for BBCA.JK
2025-12-13 19:11:10.042 | INFO     | src.models.lstm_model:train:40 - Training LSTM model with 733 samples
2025-12-13 19:11:14.011 | INFO     | __main__:run_pipeline:149 - LSTM Results - MSE: 0.0035914881199229256, RMSE: 0.059929025688083115, MAE: 0.10624943398424266
2025-12-13 19:11:14.049 | INFO     | src.models.lstm_model:save:57 - Model saved to data/models/BBCA.JK_15m_lstm.h5
2025-12-13 19:11:14.057 | INFO     | __main__:run_pipeline:166 - DEBUG: len(df)=977, len(X_train)=733, seq_len=60, start_idx=793
2025-12-13 19:11:14.058 | INFO     | __main__:run_pipeline:171 - DEBUG: len(test_dates)=184, len(preds)=184
2025-12-13 19:11:14.170 | INFO     | __main__:run_pipeline:236 - Logged 184 historical predictions for BBCA.JK
2025-12-13 19:11:14.172 | INFO     | src.models.xgboost_model:train:18 - Training XGBoost model with 733 samples
2025-12-13 19:11:15.124 | INFO     | __main__:run_pipeline:272 - XGBoost Results - MSE: 0.015003847496205308, RMSE: 0.12249019346953988, MAE: 0.09526939342016666
2025-12-13 19:11:15.131 | INFO     | src.models.xgboost_model:save:28 - XGBoost model saved to data/models/BBCA.JK_15m_xgb.joblib
2025-12-13 19:11:15.141 | INFO     | __main__:<module>:311 - --- Training BBRI.JK [1d] ---
2025-12-13 19:11:15.142 | INFO     | __main__:run_pipeline:26 - Starting pipeline for BBRI.JK (1d)
2025-12-13 19:11:15.142 | INFO     | src.data_collection.stock_collector:fetch_history:49 - Fetching 730 days of history for BBRI.JK with interval 1d
2025-12-13 19:11:15.545 | INFO     | src.data_collection.news_collector:fetch_news:53 - Fetching Google News RSS for: BBRI
2025-12-13 19:11:16.069 | INFO     | src.data_collection.news_collector:fetch_news:62 - Found 100 articles
2025-12-13 19:11:16.081 | INFO     | src.data_collection.news_collector:fetch_news:109 - Saved 10 new articles from Google News
2025-12-13 19:11:16.198 | INFO     | src.data_collection.stock_collector:fetch_history:130 - Successfully updated 729 1d records for BBRI.JK
2025-12-13 19:11:16.446 | INFO     | src.models.lstm_model:train:40 - Training LSTM model with 375 samples
2025-12-13 19:11:19.492 | INFO     | __main__:run_pipeline:149 - LSTM Results - MSE: 0.006358477969294086, RMSE: 0.07974006501937458, MAE: 0.07980197918205799
2025-12-13 19:11:19.519 | INFO     | src.models.lstm_model:save:57 - Model saved to data/models/BBRI.JK_1d_lstm.h5
2025-12-13 19:11:19.519 | INFO     | __main__:run_pipeline:166 - DEBUG: len(df)=529, len(X_train)=375, seq_len=60, start_idx=435
2025-12-13 19:11:19.520 | INFO     | __main__:run_pipeline:171 - DEBUG: len(test_dates)=94, len(preds)=94
2025-12-13 19:11:19.570 | INFO     | __main__:run_pipeline:236 - Logged 94 historical predictions for BBRI.JK
2025-12-13 19:11:19.571 | INFO     | src.models.xgboost_model:train:18 - Training XGBoost model with 375 samples
2025-12-13 19:11:20.835 | INFO     | __main__:run_pipeline:272 - XGBoost Results - MSE: 0.0033928330999461525, RMSE: 0.05824803086754223, MAE: 0.047228802435287424
2025-12-13 19:11:20.839 | INFO     | src.models.xgboost_model:save:28 - XGBoost model saved to data/models/BBRI.JK_1d_xgb.joblib
2025-12-13 19:11:20.849 | INFO     | __main__:<module>:311 - --- Training BBRI.JK [1h] ---
2025-12-13 19:11:20.851 | INFO     | __main__:run_pipeline:26 - Starting pipeline for BBRI.JK (1h)
2025-12-13 19:11:20.852 | INFO     | src.data_collection.stock_collector:fetch_history:49 - Fetching 730 days of history for BBRI.JK with interval 1h
2025-12-13 19:11:21.865 | INFO     | src.data_collection.stock_collector:fetch_history:130 - Successfully updated 4853 1h records for BBRI.JK
2025-12-13 19:11:22.214 | INFO     | src.models.lstm_model:train:40 - Training LSTM model with 3674 samples
2025-12-13 19:11:34.791 | INFO     | __main__:run_pipeline:149 - LSTM Results - MSE: 0.00048491248941627974, RMSE: 0.02202072863045816, MAE: 0.07023079157486777
2025-12-13 19:11:34.885 | INFO     | src.models.lstm_model:save:57 - Model saved to data/models/BBRI.JK_1h_lstm.h5
2025-12-13 19:11:34.897 | INFO     | __main__:run_pipeline:166 - DEBUG: len(df)=4653, len(X_train)=3674, seq_len=60, start_idx=3734
2025-12-13 19:11:34.911 | INFO     | __main__:run_pipeline:171 - DEBUG: len(test_dates)=919, len(preds)=919
2025-12-13 19:11:35.464 | INFO     | __main__:run_pipeline:236 - Logged 919 historical predictions for BBRI.JK
2025-12-13 19:11:35.473 | INFO     | src.models.xgboost_model:train:18 - Training XGBoost model with 3674 samples
2025-12-13 19:11:39.001 | INFO     | __main__:run_pipeline:272 - XGBoost Results - MSE: 0.00032536346526674983, RMSE: 0.018037834273181185, MAE: 0.01292146793142345
2025-12-13 19:11:39.007 | INFO     | src.models.xgboost_model:save:28 - XGBoost model saved to data/models/BBRI.JK_1h_xgb.joblib
2025-12-13 19:11:39.034 | INFO     | __main__:<module>:311 - --- Training BBRI.JK [15m] ---
2025-12-13 19:11:39.035 | INFO     | __main__:run_pipeline:26 - Starting pipeline for BBRI.JK (15m)
2025-12-13 19:11:39.035 | INFO     | src.data_collection.stock_collector:fetch_history:49 - Fetching 730 days of history for BBRI.JK with interval 15m
2025-12-13 19:11:39.475 | INFO     | src.data_collection.stock_collector:fetch_history:130 - Successfully updated 1177 15m records for BBRI.JK
2025-12-13 19:11:39.776 | INFO     | src.models.lstm_model:train:40 - Training LSTM model with 733 samples
2025-12-13 19:11:44.027 | INFO     | __main__:run_pipeline:149 - LSTM Results - MSE: 0.0067117020893844, RMSE: 0.08192497842162914, MAE: 0.06432157165915839
2025-12-13 19:11:44.056 | INFO     | src.models.lstm_model:save:57 - Model saved to data/models/BBRI.JK_15m_lstm.h5
2025-12-13 19:11:44.057 | INFO     | __main__:run_pipeline:166 - DEBUG: len(df)=977, len(X_train)=733, seq_len=60, start_idx=793
2025-12-13 19:11:44.058 | INFO     | __main__:run_pipeline:171 - DEBUG: len(test_dates)=184, len(preds)=184
2025-12-13 19:11:44.146 | INFO     | __main__:run_pipeline:236 - Logged 184 historical predictions for BBRI.JK
2025-12-13 19:11:44.147 | INFO     | src.models.xgboost_model:train:18 - Training XGBoost model with 733 samples
2025-12-13 19:11:45.410 | INFO     | __main__:run_pipeline:272 - XGBoost Results - MSE: 0.009991762021522724, RMSE: 0.09995880162108149, MAE: 0.08750792766263037
2025-12-13 19:11:45.413 | INFO     | src.models.xgboost_model:save:28 - XGBoost model saved to data/models/BBRI.JK_15m_xgb.joblib
2025-12-13 19:11:45.418 | INFO     | __main__:<module>:311 - --- Training TLKM.JK [1d] ---
2025-12-13 19:11:45.419 | INFO     | __main__:run_pipeline:26 - Starting pipeline for TLKM.JK (1d)
2025-12-13 19:11:45.419 | INFO     | src.data_collection.stock_collector:fetch_history:49 - Fetching 730 days of history for TLKM.JK with interval 1d
2025-12-13 19:11:45.678 | INFO     | src.data_collection.news_collector:fetch_news:53 - Fetching Google News RSS for: TLKM
2025-12-13 19:11:46.863 | INFO     | src.data_collection.news_collector:fetch_news:62 - Found 100 articles
2025-12-13 19:11:46.913 | INFO     | src.data_collection.news_collector:fetch_news:109 - Saved 10 new articles from Google News
2025-12-13 19:11:47.047 | INFO     | src.data_collection.stock_collector:fetch_history:130 - Successfully updated 729 1d records for TLKM.JK
2025-12-13 19:11:47.448 | INFO     | src.models.lstm_model:train:40 - Training LSTM model with 375 samples
2025-12-13 19:11:52.489 | INFO     | __main__:run_pipeline:149 - LSTM Results - MSE: 0.013327107869541487, RMSE: 0.11544309364159247, MAE: 0.1551885410023556
2025-12-13 19:11:52.556 | INFO     | src.models.lstm_model:save:57 - Model saved to data/models/TLKM.JK_1d_lstm.h5
2025-12-13 19:11:52.557 | INFO     | __main__:run_pipeline:166 - DEBUG: len(df)=529, len(X_train)=375, seq_len=60, start_idx=435
2025-12-13 19:11:52.558 | INFO     | __main__:run_pipeline:171 - DEBUG: len(test_dates)=94, len(preds)=94
2025-12-13 19:11:52.729 | INFO     | __main__:run_pipeline:236 - Logged 94 historical predictions for TLKM.JK
2025-12-13 19:11:52.749 | INFO     | src.models.xgboost_model:train:18 - Training XGBoost model with 375 samples
2025-12-13 19:11:54.734 | INFO     | __main__:run_pipeline:272 - XGBoost Results - MSE: 0.01893507389001727, RMSE: 0.13760477422683148, MAE: 0.10829133676194475
2025-12-13 19:11:54.743 | INFO     | src.models.xgboost_model:save:28 - XGBoost model saved to data/models/TLKM.JK_1d_xgb.joblib
2025-12-13 19:11:54.769 | INFO     | __main__:<module>:311 - --- Training TLKM.JK [1h] ---
2025-12-13 19:11:54.770 | INFO     | __main__:run_pipeline:26 - Starting pipeline for TLKM.JK (1h)
2025-12-13 19:11:54.770 | INFO     | src.data_collection.stock_collector:fetch_history:49 - Fetching 730 days of history for TLKM.JK with interval 1h
2025-12-13 19:11:55.832 | INFO     | src.data_collection.stock_collector:fetch_history:130 - Successfully updated 4846 1h records for TLKM.JK
2025-12-13 19:11:56.298 | INFO     | src.models.lstm_model:train:40 - Training LSTM model with 3668 samples
2025-12-13 19:12:10.464 | INFO     | __main__:run_pipeline:149 - LSTM Results - MSE: 0.0010137916663331558, RMSE: 0.0318400952626269, MAE: 0.16580458088944525
2025-12-13 19:12:10.602 | INFO     | src.models.lstm_model:save:57 - Model saved to data/models/TLKM.JK_1h_lstm.h5
2025-12-13 19:12:10.603 | INFO     | __main__:run_pipeline:166 - DEBUG: len(df)=4646, len(X_train)=3668, seq_len=60, start_idx=3728
2025-12-13 19:12:10.605 | INFO     | __main__:run_pipeline:171 - DEBUG: len(test_dates)=918, len(preds)=918
2025-12-13 19:12:11.038 | INFO     | __main__:run_pipeline:236 - Logged 918 historical predictions for TLKM.JK
2025-12-13 19:12:11.040 | INFO     | src.models.xgboost_model:train:18 - Training XGBoost model with 3668 samples
2025-12-13 19:12:13.669 | INFO     | __main__:run_pipeline:272 - XGBoost Results - MSE: 0.0004909020820481883, RMSE: 0.022156310208339934, MAE: 0.015085127912344528
2025-12-13 19:12:13.675 | INFO     | src.models.xgboost_model:save:28 - XGBoost model saved to data/models/TLKM.JK_1h_xgb.joblib
2025-12-13 19:12:13.698 | INFO     | __main__:<module>:311 - --- Training TLKM.JK [15m] ---
2025-12-13 19:12:13.699 | INFO     | __main__:run_pipeline:26 - Starting pipeline for TLKM.JK (15m)
2025-12-13 19:12:13.699 | INFO     | src.data_collection.stock_collector:fetch_history:49 - Fetching 730 days of history for TLKM.JK with interval 15m
2025-12-13 19:12:14.125 | INFO     | src.data_collection.stock_collector:fetch_history:130 - Successfully updated 1177 15m records for TLKM.JK
2025-12-13 19:12:14.411 | INFO     | src.models.lstm_model:train:40 - Training LSTM model with 733 samples
2025-12-13 19:12:18.250 | INFO     | __main__:run_pipeline:149 - LSTM Results - MSE: 0.004416137023117153, RMSE: 0.0664540218731504, MAE: 0.06546056954105818
2025-12-13 19:12:18.276 | INFO     | src.models.lstm_model:save:57 - Model saved to data/models/TLKM.JK_15m_lstm.h5
2025-12-13 19:12:18.276 | INFO     | __main__:run_pipeline:166 - DEBUG: len(df)=977, len(X_train)=733, seq_len=60, start_idx=793
2025-12-13 19:12:18.277 | INFO     | __main__:run_pipeline:171 - DEBUG: len(test_dates)=184, len(preds)=184
2025-12-13 19:12:18.377 | INFO     | __main__:run_pipeline:236 - Logged 184 historical predictions for TLKM.JK
2025-12-13 19:12:18.379 | INFO     | src.models.xgboost_model:train:18 - Training XGBoost model with 733 samples
2025-12-13 19:12:19.691 | INFO     | __main__:run_pipeline:272 - XGBoost Results - MSE: 0.0008394774346158507, RMSE: 0.028973736980511346, MAE: 0.022026877179279144
2025-12-13 19:12:19.696 | INFO     | src.models.xgboost_model:save:28 - XGBoost model saved to data/models/TLKM.JK_15m_xgb.joblib
2025-12-13 19:12:19.705 | INFO     | __main__:<module>:311 - --- Training ASII.JK [1d] ---
2025-12-13 19:12:19.705 | INFO     | __main__:run_pipeline:26 - Starting pipeline for ASII.JK (1d)
2025-12-13 19:12:19.706 | INFO     | src.data_collection.stock_collector:fetch_history:49 - Fetching 730 days of history for ASII.JK with interval 1d
2025-12-13 19:12:19.950 | INFO     | src.data_collection.news_collector:fetch_news:53 - Fetching Google News RSS for: ASII
2025-12-13 19:12:20.951 | INFO     | src.data_collection.news_collector:fetch_news:62 - Found 100 articles
2025-12-13 19:12:20.973 | INFO     | src.data_collection.news_collector:fetch_news:109 - Saved 10 new articles from Google News
2025-12-13 19:12:21.098 | INFO     | src.data_collection.stock_collector:fetch_history:130 - Successfully updated 729 1d records for ASII.JK
2025-12-13 19:12:21.456 | INFO     | src.models.lstm_model:train:40 - Training LSTM model with 375 samples
2025-12-13 19:12:24.902 | INFO     | __main__:run_pipeline:149 - LSTM Results - MSE: 0.030656581699965494, RMSE: 0.17509021017739826, MAE: 0.21982011969227344
2025-12-13 19:12:24.940 | INFO     | src.models.lstm_model:save:57 - Model saved to data/models/ASII.JK_1d_lstm.h5
2025-12-13 19:12:24.941 | INFO     | __main__:run_pipeline:166 - DEBUG: len(df)=529, len(X_train)=375, seq_len=60, start_idx=435
2025-12-13 19:12:24.942 | INFO     | __main__:run_pipeline:171 - DEBUG: len(test_dates)=94, len(preds)=94
2025-12-13 19:12:25.019 | INFO     | __main__:run_pipeline:236 - Logged 94 historical predictions for ASII.JK
2025-12-13 19:12:25.025 | INFO     | src.models.xgboost_model:train:18 - Training XGBoost model with 375 samples
2025-12-13 19:12:26.666 | INFO     | __main__:run_pipeline:272 - XGBoost Results - MSE: 0.15866014327924108, RMSE: 0.3983216580594646, MAE: 0.3496412997866937
2025-12-13 19:12:26.670 | INFO     | src.models.xgboost_model:save:28 - XGBoost model saved to data/models/ASII.JK_1d_xgb.joblib
2025-12-13 19:12:26.687 | INFO     | __main__:<module>:311 - --- Training ASII.JK [1h] ---
2025-12-13 19:12:26.688 | INFO     | __main__:run_pipeline:26 - Starting pipeline for ASII.JK (1h)
2025-12-13 19:12:26.688 | INFO     | src.data_collection.stock_collector:fetch_history:49 - Fetching 730 days of history for ASII.JK with interval 1h
2025-12-13 19:12:27.773 | INFO     | src.data_collection.stock_collector:fetch_history:130 - Successfully updated 4843 1h records for ASII.JK
2025-12-13 19:12:28.372 | INFO     | src.models.lstm_model:train:40 - Training LSTM model with 3666 samples
2025-12-13 19:12:43.089 | INFO     | __main__:run_pipeline:149 - LSTM Results - MSE: 0.0014616601749245094, RMSE: 0.038231664558641826, MAE: 0.31100669975431217
2025-12-13 19:12:43.121 | INFO     | src.models.lstm_model:save:57 - Model saved to data/models/ASII.JK_1h_lstm.h5
2025-12-13 19:12:43.122 | INFO     | __main__:run_pipeline:166 - DEBUG: len(df)=4643, len(X_train)=3666, seq_len=60, start_idx=3726
2025-12-13 19:12:43.123 | INFO     | __main__:run_pipeline:171 - DEBUG: len(test_dates)=917, len(preds)=917
2025-12-13 19:12:43.619 | INFO     | __main__:run_pipeline:236 - Logged 917 historical predictions for ASII.JK
2025-12-13 19:12:43.628 | INFO     | src.models.xgboost_model:train:18 - Training XGBoost model with 3666 samples
2025-12-13 19:12:46.864 | INFO     | __main__:run_pipeline:272 - XGBoost Results - MSE: 0.0006087711606861442, RMSE: 0.024673288404388746, MAE: 0.017324645920240658
2025-12-13 19:12:46.869 | INFO     | src.models.xgboost_model:save:28 - XGBoost model saved to data/models/ASII.JK_1h_xgb.joblib
2025-12-13 19:12:46.896 | INFO     | __main__:<module>:311 - --- Training ASII.JK [15m] ---
2025-12-13 19:12:46.898 | INFO     | __main__:run_pipeline:26 - Starting pipeline for ASII.JK (15m)
2025-12-13 19:12:46.898 | INFO     | src.data_collection.stock_collector:fetch_history:49 - Fetching 730 days of history for ASII.JK with interval 15m
2025-12-13 19:12:47.349 | INFO     | src.data_collection.stock_collector:fetch_history:130 - Successfully updated 1177 15m records for ASII.JK
2025-12-13 19:12:47.805 | INFO     | src.models.lstm_model:train:40 - Training LSTM model with 733 samples
2025-12-13 19:12:54.167 | INFO     | __main__:run_pipeline:149 - LSTM Results - MSE: 0.0031441930306196674, RMSE: 0.05607310434263175, MAE: 0.08573240323356128
2025-12-13 19:12:54.202 | INFO     | src.models.lstm_model:save:57 - Model saved to data/models/ASII.JK_15m_lstm.h5
2025-12-13 19:12:54.203 | INFO     | __main__:run_pipeline:166 - DEBUG: len(df)=977, len(X_train)=733, seq_len=60, start_idx=793
2025-12-13 19:12:54.204 | INFO     | __main__:run_pipeline:171 - DEBUG: len(test_dates)=184, len(preds)=184
2025-12-13 19:12:54.324 | INFO     | __main__:run_pipeline:236 - Logged 184 historical predictions for ASII.JK
2025-12-13 19:12:54.325 | INFO     | src.models.xgboost_model:train:18 - Training XGBoost model with 733 samples
2025-12-13 19:12:56.054 | INFO     | __main__:run_pipeline:272 - XGBoost Results - MSE: 0.019673289178704673, RMSE: 0.14026150283917777, MAE: 0.11508254420396534
2025-12-13 19:12:56.061 | INFO     | src.models.xgboost_model:save:28 - XGBoost model saved to data/models/ASII.JK_15m_xgb.joblib
2025-12-13 19:12:56.074 | INFO     | __main__:<module>:311 - --- Training UNVR.JK [1d] ---
2025-12-13 19:12:56.075 | INFO     | __main__:run_pipeline:26 - Starting pipeline for UNVR.JK (1d)
2025-12-13 19:12:56.075 | INFO     | src.data_collection.stock_collector:fetch_history:49 - Fetching 730 days of history for UNVR.JK with interval 1d
2025-12-13 19:12:56.313 | INFO     | src.data_collection.news_collector:fetch_news:53 - Fetching Google News RSS for: UNVR
2025-12-13 19:12:57.421 | INFO     | src.data_collection.news_collector:fetch_news:62 - Found 100 articles
2025-12-13 19:12:57.438 | INFO     | src.data_collection.news_collector:fetch_news:109 - Saved 10 new articles from Google News
2025-12-13 19:12:57.606 | INFO     | src.data_collection.stock_collector:fetch_history:130 - Successfully updated 729 1d records for UNVR.JK
2025-12-13 19:12:58.381 | INFO     | src.models.lstm_model:train:40 - Training LSTM model with 375 samples
2025-12-13 19:13:03.472 | INFO     | __main__:run_pipeline:149 - LSTM Results - MSE: 0.0038883607301936317, RMSE: 0.06235672161197726, MAE: 0.15245869953854685
2025-12-13 19:13:03.550 | INFO     | src.models.lstm_model:save:57 - Model saved to data/models/UNVR.JK_1d_lstm.h5
2025-12-13 19:13:03.552 | INFO     | __main__:run_pipeline:166 - DEBUG: len(df)=529, len(X_train)=375, seq_len=60, start_idx=435
2025-12-13 19:13:03.557 | INFO     | __main__:run_pipeline:171 - DEBUG: len(test_dates)=94, len(preds)=94
2025-12-13 19:13:03.670 | INFO     | __main__:run_pipeline:236 - Logged 94 historical predictions for UNVR.JK
2025-12-13 19:13:03.676 | INFO     | src.models.xgboost_model:train:18 - Training XGBoost model with 375 samples
2025-12-13 19:13:06.740 | INFO     | __main__:run_pipeline:272 - XGBoost Results - MSE: 0.0437349178493817, RMSE: 0.20912895028996273, MAE: 0.15763081312436134
2025-12-13 19:13:06.759 | INFO     | src.models.xgboost_model:save:28 - XGBoost model saved to data/models/UNVR.JK_1d_xgb.joblib
2025-12-13 19:13:06.830 | INFO     | __main__:<module>:311 - --- Training UNVR.JK [1h] ---
2025-12-13 19:13:06.834 | INFO     | __main__:run_pipeline:26 - Starting pipeline for UNVR.JK (1h)
2025-12-13 19:13:06.834 | INFO     | src.data_collection.stock_collector:fetch_history:49 - Fetching 730 days of history for UNVR.JK with interval 1h
2025-12-13 19:13:07.991 | INFO     | src.data_collection.stock_collector:fetch_history:130 - Successfully updated 4844 1h records for UNVR.JK
2025-12-13 19:13:08.587 | INFO     | src.models.lstm_model:train:40 - Training LSTM model with 3667 samples
2025-12-13 19:13:22.925 | INFO     | __main__:run_pipeline:149 - LSTM Results - MSE: 0.000695015060797765, RMSE: 0.026363138295691677, MAE: 0.10856048962004665
2025-12-13 19:13:22.965 | INFO     | src.models.lstm_model:save:57 - Model saved to data/models/UNVR.JK_1h_lstm.h5
2025-12-13 19:13:22.965 | INFO     | __main__:run_pipeline:166 - DEBUG: len(df)=4644, len(X_train)=3667, seq_len=60, start_idx=3727
2025-12-13 19:13:22.966 | INFO     | __main__:run_pipeline:171 - DEBUG: len(test_dates)=917, len(preds)=917
2025-12-13 19:13:23.395 | INFO     | __main__:run_pipeline:236 - Logged 917 historical predictions for UNVR.JK
2025-12-13 19:13:23.396 | INFO     | src.models.xgboost_model:train:18 - Training XGBoost model with 3667 samples
2025-12-13 19:13:26.094 | INFO     | __main__:run_pipeline:272 - XGBoost Results - MSE: 0.00013985445937249276, RMSE: 0.011826007752935594, MAE: 0.00706191910119672
2025-12-13 19:13:26.100 | INFO     | src.models.xgboost_model:save:28 - XGBoost model saved to data/models/UNVR.JK_1h_xgb.joblib
2025-12-13 19:13:26.121 | INFO     | __main__:<module>:311 - --- Training UNVR.JK [15m] ---
2025-12-13 19:13:26.122 | INFO     | __main__:run_pipeline:26 - Starting pipeline for UNVR.JK (15m)
2025-12-13 19:13:26.122 | INFO     | src.data_collection.stock_collector:fetch_history:49 - Fetching 730 days of history for UNVR.JK with interval 15m
2025-12-13 19:13:26.870 | INFO     | src.data_collection.stock_collector:fetch_history:130 - Successfully updated 1177 15m records for UNVR.JK
2025-12-13 19:13:27.278 | INFO     | src.models.lstm_model:train:40 - Training LSTM model with 733 samples
2025-12-13 19:13:31.246 | INFO     | __main__:run_pipeline:149 - LSTM Results - MSE: 0.003491605440474411, RMSE: 0.05908980826229182, MAE: 0.05959373663422552
2025-12-13 19:13:31.276 | INFO     | src.models.lstm_model:save:57 - Model saved to data/models/UNVR.JK_15m_lstm.h5
2025-12-13 19:13:31.277 | INFO     | __main__:run_pipeline:166 - DEBUG: len(df)=977, len(X_train)=733, seq_len=60, start_idx=793
2025-12-13 19:13:31.277 | INFO     | __main__:run_pipeline:171 - DEBUG: len(test_dates)=184, len(preds)=184
2025-12-13 19:13:31.366 | INFO     | __main__:run_pipeline:236 - Logged 184 historical predictions for UNVR.JK
2025-12-13 19:13:31.367 | INFO     | src.models.xgboost_model:train:18 - Training XGBoost model with 733 samples
2025-12-13 19:13:32.637 | INFO     | __main__:run_pipeline:272 - XGBoost Results - MSE: 0.0018784312016298969, RMSE: 0.043340872183539374, MAE: 0.03618340480861618
2025-12-13 19:13:32.641 | INFO     | src.models.xgboost_model:save:28 - XGBoost model saved to data/models/UNVR.JK_15m_xgb.joblib
2025-12-13 19:13:32.652 | INFO     | __main__:<module>:317 - Cycle completed. Sleeping for 1 hour...
2025-12-13 19:15:50.716 | ERROR    | src.api.main:get_stocks:36 - Error fetching stocks: (psycopg2.OperationalError) server closed the connection unexpectedly
	This probably means the server terminated abnormally
	before or while processing the request.

[SQL: SELECT symbol, name FROM stocks]
(Background on this error at: https://sqlalche.me/e/20/e3q8)
2025-12-13 19:17:51.310 | INFO     | __main__:<module>:304 - Starting Continuous Model Trainer...
2025-12-13 19:17:51.311 | INFO     | __main__:<module>:311 - --- Training BBCA.JK [1d] ---
2025-12-13 19:17:51.312 | INFO     | __main__:run_pipeline:26 - Starting pipeline for BBCA.JK (1d)
2025-12-13 19:17:51.313 | INFO     | src.data_collection.stock_collector:fetch_history:49 - Fetching 730 days of history for BBCA.JK with interval 1d
2025-12-13 19:17:52.565 | INFO     | src.data_collection.news_collector:fetch_news:53 - Fetching Google News RSS for: BBCA
2025-12-13 19:17:53.448 | INFO     | src.data_collection.news_collector:fetch_news:62 - Found 100 articles
2025-12-13 19:17:53.462 | INFO     | src.data_collection.news_collector:fetch_news:109 - Saved 10 new articles from Google News
2025-12-13 19:17:53.584 | INFO     | src.data_collection.stock_collector:fetch_history:130 - Successfully updated 729 1d records for BBCA.JK
2025-12-13 19:17:54.232 | INFO     | src.models.lstm_model:train:40 - Training LSTM model with 375 samples
2025-12-13 19:17:58.445 | INFO     | __main__:run_pipeline:149 - LSTM Results - MSE: 0.017771238044978294, RMSE: 0.13330880707957105, MAE: 0.14654023014880113
2025-12-13 19:17:58.502 | INFO     | src.models.lstm_model:save:57 - Model saved to data/models/BBCA.JK_1d_lstm.h5
2025-12-13 19:17:58.503 | INFO     | __main__:run_pipeline:166 - DEBUG: len(df)=529, len(X_train)=375, seq_len=60, start_idx=435
2025-12-13 19:17:58.504 | INFO     | __main__:run_pipeline:171 - DEBUG: len(test_dates)=94, len(preds)=94
2025-12-13 19:17:58.584 | INFO     | __main__:run_pipeline:236 - Logged 94 historical predictions for BBCA.JK
2025-12-13 19:17:58.589 | INFO     | src.models.xgboost_model:train:18 - Training XGBoost model with 375 samples
2025-12-13 19:18:01.309 | INFO     | __main__:run_pipeline:272 - XGBoost Results - MSE: 0.03295845114135241, RMSE: 0.18154462575728428, MAE: 0.1394879209774391
2025-12-13 19:18:01.316 | INFO     | src.models.xgboost_model:save:28 - XGBoost model saved to data/models/BBCA.JK_1d_xgb.joblib
2025-12-13 19:18:01.336 | INFO     | __main__:<module>:311 - --- Training BBCA.JK [1h] ---
2025-12-13 19:18:01.337 | INFO     | __main__:run_pipeline:26 - Starting pipeline for BBCA.JK (1h)
2025-12-13 19:18:01.337 | INFO     | src.data_collection.stock_collector:fetch_history:49 - Fetching 730 days of history for BBCA.JK with interval 1h
2025-12-13 19:18:02.360 | INFO     | src.data_collection.stock_collector:fetch_history:130 - Successfully updated 4852 1h records for BBCA.JK
2025-12-13 19:18:02.711 | INFO     | src.models.lstm_model:train:40 - Training LSTM model with 3673 samples
2025-12-13 19:18:18.538 | INFO     | __main__:run_pipeline:149 - LSTM Results - MSE: 0.0012981023290192897, RMSE: 0.03602918718232885, MAE: 0.14066086434653244
2025-12-13 19:18:18.572 | INFO     | src.models.lstm_model:save:57 - Model saved to data/models/BBCA.JK_1h_lstm.h5
2025-12-13 19:18:18.573 | INFO     | __main__:run_pipeline:166 - DEBUG: len(df)=4652, len(X_train)=3673, seq_len=60, start_idx=3733
2025-12-13 19:18:18.574 | INFO     | __main__:run_pipeline:171 - DEBUG: len(test_dates)=919, len(preds)=919
2025-12-13 19:18:19.154 | INFO     | __main__:run_pipeline:236 - Logged 919 historical predictions for BBCA.JK
2025-12-13 19:18:19.158 | INFO     | src.models.xgboost_model:train:18 - Training XGBoost model with 3673 samples
2025-12-13 19:18:21.718 | INFO     | __main__:run_pipeline:272 - XGBoost Results - MSE: 0.0071687001475627815, RMSE: 0.08466817671098617, MAE: 0.04605236358265065
2025-12-13 19:18:21.727 | INFO     | src.models.xgboost_model:save:28 - XGBoost model saved to data/models/BBCA.JK_1h_xgb.joblib
2025-12-13 19:18:21.745 | INFO     | __main__:<module>:311 - --- Training BBCA.JK [15m] ---
2025-12-13 19:18:21.746 | INFO     | __main__:run_pipeline:26 - Starting pipeline for BBCA.JK (15m)
2025-12-13 19:18:21.747 | INFO     | src.data_collection.stock_collector:fetch_history:49 - Fetching 730 days of history for BBCA.JK with interval 15m
2025-12-13 19:18:22.178 | INFO     | src.data_collection.stock_collector:fetch_history:130 - Successfully updated 1177 15m records for BBCA.JK
2025-12-13 19:18:22.523 | INFO     | src.models.lstm_model:train:40 - Training LSTM model with 733 samples
2025-12-13 19:18:26.709 | INFO     | __main__:run_pipeline:149 - LSTM Results - MSE: 0.003815046634266307, RMSE: 0.06176606377507237, MAE: 0.10725190766697118
2025-12-13 19:18:26.743 | INFO     | src.models.lstm_model:save:57 - Model saved to data/models/BBCA.JK_15m_lstm.h5
2025-12-13 19:18:26.744 | INFO     | __main__:run_pipeline:166 - DEBUG: len(df)=977, len(X_train)=733, seq_len=60, start_idx=793
2025-12-13 19:18:26.745 | INFO     | __main__:run_pipeline:171 - DEBUG: len(test_dates)=184, len(preds)=184
2025-12-13 19:18:26.885 | INFO     | __main__:run_pipeline:236 - Logged 184 historical predictions for BBCA.JK
2025-12-13 19:18:26.887 | INFO     | src.models.xgboost_model:train:18 - Training XGBoost model with 733 samples
2025-12-13 19:18:28.320 | INFO     | __main__:run_pipeline:272 - XGBoost Results - MSE: 0.015003847496205308, RMSE: 0.12249019346953988, MAE: 0.09526939342016666
2025-12-13 19:18:28.330 | INFO     | src.models.xgboost_model:save:28 - XGBoost model saved to data/models/BBCA.JK_15m_xgb.joblib
2025-12-13 19:18:28.353 | INFO     | __main__:<module>:311 - --- Training BBRI.JK [1d] ---
2025-12-13 19:18:28.357 | INFO     | __main__:run_pipeline:26 - Starting pipeline for BBRI.JK (1d)
2025-12-13 19:18:28.358 | INFO     | src.data_collection.stock_collector:fetch_history:49 - Fetching 730 days of history for BBRI.JK with interval 1d
2025-12-13 19:18:28.618 | INFO     | src.data_collection.news_collector:fetch_news:53 - Fetching Google News RSS for: BBRI
2025-12-13 19:18:29.807 | INFO     | src.data_collection.news_collector:fetch_news:62 - Found 100 articles
2025-12-13 19:18:29.811 | INFO     | src.data_collection.news_collector:fetch_news:109 - Saved 10 new articles from Google News
2025-12-13 19:18:30.029 | INFO     | src.data_collection.stock_collector:fetch_history:130 - Successfully updated 729 1d records for BBRI.JK
2025-12-13 19:18:30.470 | INFO     | src.models.lstm_model:train:40 - Training LSTM model with 375 samples
2025-12-13 19:18:34.843 | INFO     | __main__:run_pipeline:149 - LSTM Results - MSE: 0.005603801129174713, RMSE: 0.07485854078977704, MAE: 0.08252557767908839
2025-12-13 19:18:34.881 | INFO     | src.models.lstm_model:save:57 - Model saved to data/models/BBRI.JK_1d_lstm.h5
2025-12-13 19:18:34.882 | INFO     | __main__:run_pipeline:166 - DEBUG: len(df)=529, len(X_train)=375, seq_len=60, start_idx=435
2025-12-13 19:18:34.883 | INFO     | __main__:run_pipeline:171 - DEBUG: len(test_dates)=94, len(preds)=94
2025-12-13 19:18:34.935 | INFO     | __main__:run_pipeline:236 - Logged 94 historical predictions for BBRI.JK
2025-12-13 19:18:34.937 | INFO     | src.models.xgboost_model:train:18 - Training XGBoost model with 375 samples
2025-12-13 19:18:36.856 | INFO     | __main__:run_pipeline:272 - XGBoost Results - MSE: 0.003146706352682291, RMSE: 0.0560955109851251, MAE: 0.04509439394681027
2025-12-13 19:18:36.863 | INFO     | src.models.xgboost_model:save:28 - XGBoost model saved to data/models/BBRI.JK_1d_xgb.joblib
2025-12-13 19:18:36.869 | INFO     | __main__:<module>:311 - --- Training BBRI.JK [1h] ---
2025-12-13 19:18:36.871 | INFO     | __main__:run_pipeline:26 - Starting pipeline for BBRI.JK (1h)
2025-12-13 19:18:36.871 | INFO     | src.data_collection.stock_collector:fetch_history:49 - Fetching 730 days of history for BBRI.JK with interval 1h
2025-12-13 19:18:38.384 | INFO     | src.data_collection.stock_collector:fetch_history:130 - Successfully updated 4853 1h records for BBRI.JK
2025-12-13 19:18:38.983 | INFO     | src.models.lstm_model:train:40 - Training LSTM model with 3674 samples
2025-12-13 19:18:54.426 | INFO     | __main__:run_pipeline:149 - LSTM Results - MSE: 0.0006935492599771078, RMSE: 0.02633532342647623, MAE: 0.06980217249573224
2025-12-13 19:18:54.452 | INFO     | src.models.lstm_model:save:57 - Model saved to data/models/BBRI.JK_1h_lstm.h5
2025-12-13 19:18:54.454 | INFO     | __main__:run_pipeline:166 - DEBUG: len(df)=4653, len(X_train)=3674, seq_len=60, start_idx=3734
2025-12-13 19:18:54.455 | INFO     | __main__:run_pipeline:171 - DEBUG: len(test_dates)=919, len(preds)=919
2025-12-13 19:18:54.799 | INFO     | __main__:run_pipeline:236 - Logged 919 historical predictions for BBRI.JK
2025-12-13 19:18:54.801 | INFO     | src.models.xgboost_model:train:18 - Training XGBoost model with 3674 samples
2025-12-13 19:18:57.293 | INFO     | __main__:run_pipeline:272 - XGBoost Results - MSE: 0.00032536346526674983, RMSE: 0.018037834273181185, MAE: 0.01292146793142345
2025-12-13 19:18:57.296 | INFO     | src.models.xgboost_model:save:28 - XGBoost model saved to data/models/BBRI.JK_1h_xgb.joblib
2025-12-13 19:18:57.306 | INFO     | __main__:<module>:311 - --- Training BBRI.JK [15m] ---
2025-12-13 19:18:57.307 | INFO     | __main__:run_pipeline:26 - Starting pipeline for BBRI.JK (15m)
2025-12-13 19:18:57.307 | INFO     | src.data_collection.stock_collector:fetch_history:49 - Fetching 730 days of history for BBRI.JK with interval 15m
2025-12-13 19:18:57.733 | INFO     | src.data_collection.stock_collector:fetch_history:130 - Successfully updated 1177 15m records for BBRI.JK
2025-12-13 19:18:58.005 | INFO     | src.models.lstm_model:train:40 - Training LSTM model with 733 samples
2025-12-13 19:19:02.286 | INFO     | __main__:run_pipeline:149 - LSTM Results - MSE: 0.0015526495856010825, RMSE: 0.03940367477280619, MAE: 0.04679761639650312
2025-12-13 19:19:02.308 | INFO     | src.models.lstm_model:save:57 - Model saved to data/models/BBRI.JK_15m_lstm.h5
2025-12-13 19:19:02.309 | INFO     | __main__:run_pipeline:166 - DEBUG: len(df)=977, len(X_train)=733, seq_len=60, start_idx=793
2025-12-13 19:19:02.310 | INFO     | __main__:run_pipeline:171 - DEBUG: len(test_dates)=184, len(preds)=184
2025-12-13 19:19:02.403 | INFO     | __main__:run_pipeline:236 - Logged 184 historical predictions for BBRI.JK
2025-12-13 19:19:02.404 | INFO     | src.models.xgboost_model:train:18 - Training XGBoost model with 733 samples
2025-12-13 19:19:03.644 | INFO     | __main__:run_pipeline:272 - XGBoost Results - MSE: 0.009991762021522724, RMSE: 0.09995880162108149, MAE: 0.08750792766263037
2025-12-13 19:19:03.649 | INFO     | src.models.xgboost_model:save:28 - XGBoost model saved to data/models/BBRI.JK_15m_xgb.joblib
2025-12-13 19:19:03.663 | INFO     | __main__:<module>:311 - --- Training TLKM.JK [1d] ---
2025-12-13 19:19:03.667 | INFO     | __main__:run_pipeline:26 - Starting pipeline for TLKM.JK (1d)
2025-12-13 19:19:03.667 | INFO     | src.data_collection.stock_collector:fetch_history:49 - Fetching 730 days of history for TLKM.JK with interval 1d
2025-12-13 19:19:04.044 | INFO     | src.data_collection.news_collector:fetch_news:53 - Fetching Google News RSS for: TLKM
2025-12-13 19:19:05.069 | INFO     | src.data_collection.news_collector:fetch_news:62 - Found 100 articles
2025-12-13 19:19:05.081 | INFO     | src.data_collection.news_collector:fetch_news:109 - Saved 10 new articles from Google News
2025-12-13 19:19:05.220 | INFO     | src.data_collection.stock_collector:fetch_history:130 - Successfully updated 729 1d records for TLKM.JK
2025-12-13 19:19:05.543 | INFO     | src.models.lstm_model:train:40 - Training LSTM model with 375 samples
2025-12-13 19:19:08.910 | INFO     | __main__:run_pipeline:149 - LSTM Results - MSE: 0.01710003526363372, RMSE: 0.13076710314002415, MAE: 0.16304088494163685
2025-12-13 19:19:08.940 | INFO     | src.models.lstm_model:save:57 - Model saved to data/models/TLKM.JK_1d_lstm.h5
2025-12-13 19:19:08.941 | INFO     | __main__:run_pipeline:166 - DEBUG: len(df)=529, len(X_train)=375, seq_len=60, start_idx=435
2025-12-13 19:19:08.942 | INFO     | __main__:run_pipeline:171 - DEBUG: len(test_dates)=94, len(preds)=94
2025-12-13 19:19:09.009 | INFO     | __main__:run_pipeline:236 - Logged 94 historical predictions for TLKM.JK
2025-12-13 19:19:09.011 | INFO     | src.models.xgboost_model:train:18 - Training XGBoost model with 375 samples
2025-12-13 19:19:10.518 | INFO     | __main__:run_pipeline:272 - XGBoost Results - MSE: 0.01893507389001727, RMSE: 0.13760477422683148, MAE: 0.10829133676194475
2025-12-13 19:19:10.521 | INFO     | src.models.xgboost_model:save:28 - XGBoost model saved to data/models/TLKM.JK_1d_xgb.joblib
2025-12-13 19:19:10.533 | INFO     | __main__:<module>:311 - --- Training TLKM.JK [1h] ---
2025-12-13 19:19:10.535 | INFO     | __main__:run_pipeline:26 - Starting pipeline for TLKM.JK (1h)
2025-12-13 19:19:10.535 | INFO     | src.data_collection.stock_collector:fetch_history:49 - Fetching 730 days of history for TLKM.JK with interval 1h
2025-12-13 19:19:11.676 | INFO     | src.data_collection.stock_collector:fetch_history:130 - Successfully updated 4846 1h records for TLKM.JK
2025-12-13 19:19:12.107 | INFO     | src.models.lstm_model:train:40 - Training LSTM model with 3668 samples
2025-12-13 19:19:25.417 | INFO     | __main__:run_pipeline:149 - LSTM Results - MSE: 0.0006978017416160624, RMSE: 0.026415937265523295, MAE: 0.16273396251590078
2025-12-13 19:19:25.446 | INFO     | src.models.lstm_model:save:57 - Model saved to data/models/TLKM.JK_1h_lstm.h5
2025-12-13 19:19:25.447 | INFO     | __main__:run_pipeline:166 - DEBUG: len(df)=4646, len(X_train)=3668, seq_len=60, start_idx=3728
2025-12-13 19:19:25.447 | INFO     | __main__:run_pipeline:171 - DEBUG: len(test_dates)=918, len(preds)=918
2025-12-13 19:19:25.877 | INFO     | __main__:run_pipeline:236 - Logged 918 historical predictions for TLKM.JK
2025-12-13 19:19:25.880 | INFO     | src.models.xgboost_model:train:18 - Training XGBoost model with 3668 samples
2025-12-13 19:19:29.627 | INFO     | __main__:run_pipeline:272 - XGBoost Results - MSE: 0.0004909020820481883, RMSE: 0.022156310208339934, MAE: 0.015085127912344528
2025-12-13 19:19:29.636 | INFO     | src.models.xgboost_model:save:28 - XGBoost model saved to data/models/TLKM.JK_1h_xgb.joblib
2025-12-13 19:19:29.662 | INFO     | __main__:<module>:311 - --- Training TLKM.JK [15m] ---
2025-12-13 19:19:29.664 | INFO     | __main__:run_pipeline:26 - Starting pipeline for TLKM.JK (15m)
2025-12-13 19:19:29.664 | INFO     | src.data_collection.stock_collector:fetch_history:49 - Fetching 730 days of history for TLKM.JK with interval 15m
2025-12-13 19:19:30.089 | INFO     | src.data_collection.stock_collector:fetch_history:130 - Successfully updated 1177 15m records for TLKM.JK
2025-12-13 19:19:30.463 | INFO     | src.models.lstm_model:train:40 - Training LSTM model with 733 samples
2025-12-13 19:19:34.593 | INFO     | __main__:run_pipeline:149 - LSTM Results - MSE: 0.0016357284530624215, RMSE: 0.040444139910034205, MAE: 0.052482723226494804
2025-12-13 19:19:34.618 | INFO     | src.models.lstm_model:save:57 - Model saved to data/models/TLKM.JK_15m_lstm.h5
2025-12-13 19:19:34.620 | INFO     | __main__:run_pipeline:166 - DEBUG: len(df)=977, len(X_train)=733, seq_len=60, start_idx=793
2025-12-13 19:19:34.620 | INFO     | __main__:run_pipeline:171 - DEBUG: len(test_dates)=184, len(preds)=184
2025-12-13 19:19:34.742 | INFO     | __main__:run_pipeline:236 - Logged 184 historical predictions for TLKM.JK
2025-12-13 19:19:34.743 | INFO     | src.models.xgboost_model:train:18 - Training XGBoost model with 733 samples
2025-12-13 19:19:36.550 | INFO     | __main__:run_pipeline:272 - XGBoost Results - MSE: 0.0008394774346158507, RMSE: 0.028973736980511346, MAE: 0.022026877179279144
2025-12-13 19:19:36.556 | INFO     | src.models.xgboost_model:save:28 - XGBoost model saved to data/models/TLKM.JK_15m_xgb.joblib
2025-12-13 19:19:36.581 | INFO     | __main__:<module>:311 - --- Training ASII.JK [1d] ---
2025-12-13 19:19:36.582 | INFO     | __main__:run_pipeline:26 - Starting pipeline for ASII.JK (1d)
2025-12-13 19:19:36.582 | INFO     | src.data_collection.stock_collector:fetch_history:49 - Fetching 730 days of history for ASII.JK with interval 1d
2025-12-13 19:19:36.828 | INFO     | src.data_collection.news_collector:fetch_news:53 - Fetching Google News RSS for: ASII
2025-12-13 19:19:37.884 | INFO     | src.data_collection.news_collector:fetch_news:62 - Found 100 articles
2025-12-13 19:19:37.891 | INFO     | src.data_collection.news_collector:fetch_news:109 - Saved 10 new articles from Google News
2025-12-13 19:19:38.016 | INFO     | src.data_collection.stock_collector:fetch_history:130 - Successfully updated 729 1d records for ASII.JK
2025-12-13 19:19:38.368 | INFO     | src.models.lstm_model:train:40 - Training LSTM model with 375 samples
2025-12-13 19:19:41.107 | INFO     | __main__:run_pipeline:149 - LSTM Results - MSE: 0.0492284170777955, RMSE: 0.22187477792168153, MAE: 0.23887547553460484
2025-12-13 19:19:41.139 | INFO     | src.models.lstm_model:save:57 - Model saved to data/models/ASII.JK_1d_lstm.h5
2025-12-13 19:19:41.140 | INFO     | __main__:run_pipeline:166 - DEBUG: len(df)=529, len(X_train)=375, seq_len=60, start_idx=435
2025-12-13 19:19:41.140 | INFO     | __main__:run_pipeline:171 - DEBUG: len(test_dates)=94, len(preds)=94
2025-12-13 19:19:41.197 | INFO     | __main__:run_pipeline:236 - Logged 94 historical predictions for ASII.JK
2025-12-13 19:19:41.199 | INFO     | src.models.xgboost_model:train:18 - Training XGBoost model with 375 samples
2025-12-13 19:19:42.470 | INFO     | __main__:run_pipeline:272 - XGBoost Results - MSE: 0.1639857671984737, RMSE: 0.4049515615459134, MAE: 0.35694676590090024
2025-12-13 19:19:42.473 | INFO     | src.models.xgboost_model:save:28 - XGBoost model saved to data/models/ASII.JK_1d_xgb.joblib
2025-12-13 19:19:42.483 | INFO     | __main__:<module>:311 - --- Training ASII.JK [1h] ---
2025-12-13 19:19:42.484 | INFO     | __main__:run_pipeline:26 - Starting pipeline for ASII.JK (1h)
2025-12-13 19:19:42.484 | INFO     | src.data_collection.stock_collector:fetch_history:49 - Fetching 730 days of history for ASII.JK with interval 1h
2025-12-13 19:19:43.442 | INFO     | src.data_collection.stock_collector:fetch_history:130 - Successfully updated 4843 1h records for ASII.JK
2025-12-13 19:19:43.712 | INFO     | src.models.lstm_model:train:40 - Training LSTM model with 3666 samples
2025-12-13 19:19:58.451 | INFO     | __main__:run_pipeline:149 - LSTM Results - MSE: 0.001111661782790321, RMSE: 0.03334159238534238, MAE: 0.3146899187166328
2025-12-13 19:19:58.482 | INFO     | src.models.lstm_model:save:57 - Model saved to data/models/ASII.JK_1h_lstm.h5
2025-12-13 19:19:58.483 | INFO     | __main__:run_pipeline:166 - DEBUG: len(df)=4643, len(X_train)=3666, seq_len=60, start_idx=3726
2025-12-13 19:19:58.483 | INFO     | __main__:run_pipeline:171 - DEBUG: len(test_dates)=917, len(preds)=917
2025-12-13 19:19:58.851 | INFO     | __main__:run_pipeline:236 - Logged 917 historical predictions for ASII.JK
2025-12-13 19:19:58.853 | INFO     | src.models.xgboost_model:train:18 - Training XGBoost model with 3666 samples
2025-12-13 19:20:01.251 | INFO     | __main__:run_pipeline:272 - XGBoost Results - MSE: 0.0006087711606861442, RMSE: 0.024673288404388746, MAE: 0.017324645920240658
2025-12-13 19:20:01.257 | INFO     | src.models.xgboost_model:save:28 - XGBoost model saved to data/models/ASII.JK_1h_xgb.joblib
2025-12-13 19:20:01.274 | INFO     | __main__:<module>:311 - --- Training ASII.JK [15m] ---
2025-12-13 19:20:01.275 | INFO     | __main__:run_pipeline:26 - Starting pipeline for ASII.JK (15m)
2025-12-13 19:20:01.275 | INFO     | src.data_collection.stock_collector:fetch_history:49 - Fetching 730 days of history for ASII.JK with interval 15m
2025-12-13 19:20:01.851 | INFO     | src.data_collection.stock_collector:fetch_history:130 - Successfully updated 1177 15m records for ASII.JK
2025-12-13 19:20:02.211 | INFO     | src.models.lstm_model:train:40 - Training LSTM model with 733 samples
2025-12-13 19:20:07.601 | INFO     | __main__:run_pipeline:149 - LSTM Results - MSE: 0.004900574618176867, RMSE: 0.07000410429522591, MAE: 0.08731108721003371
2025-12-13 19:20:07.633 | INFO     | src.models.lstm_model:save:57 - Model saved to data/models/ASII.JK_15m_lstm.h5
2025-12-13 19:20:07.634 | INFO     | __main__:run_pipeline:166 - DEBUG: len(df)=977, len(X_train)=733, seq_len=60, start_idx=793
2025-12-13 19:20:07.635 | INFO     | __main__:run_pipeline:171 - DEBUG: len(test_dates)=184, len(preds)=184
2025-12-13 19:20:07.727 | INFO     | __main__:run_pipeline:236 - Logged 184 historical predictions for ASII.JK
2025-12-13 19:20:07.729 | INFO     | src.models.xgboost_model:train:18 - Training XGBoost model with 733 samples
2025-12-13 19:20:09.014 | INFO     | __main__:run_pipeline:272 - XGBoost Results - MSE: 0.019673289178704673, RMSE: 0.14026150283917777, MAE: 0.11508254420396534
2025-12-13 19:20:09.018 | INFO     | src.models.xgboost_model:save:28 - XGBoost model saved to data/models/ASII.JK_15m_xgb.joblib
2025-12-13 19:20:09.027 | INFO     | __main__:<module>:311 - --- Training UNVR.JK [1d] ---
2025-12-13 19:20:09.028 | INFO     | __main__:run_pipeline:26 - Starting pipeline for UNVR.JK (1d)
2025-12-13 19:20:09.028 | INFO     | src.data_collection.stock_collector:fetch_history:49 - Fetching 730 days of history for UNVR.JK with interval 1d
2025-12-13 19:20:09.290 | INFO     | src.data_collection.news_collector:fetch_news:53 - Fetching Google News RSS for: UNVR
2025-12-13 19:20:10.472 | INFO     | src.data_collection.news_collector:fetch_news:62 - Found 100 articles
2025-12-13 19:20:10.477 | INFO     | src.data_collection.news_collector:fetch_news:109 - Saved 10 new articles from Google News
2025-12-13 19:20:10.580 | INFO     | src.data_collection.stock_collector:fetch_history:130 - Successfully updated 729 1d records for UNVR.JK
2025-12-13 19:20:10.884 | INFO     | src.models.lstm_model:train:40 - Training LSTM model with 375 samples
2025-12-13 19:20:13.666 | INFO     | __main__:run_pipeline:149 - LSTM Results - MSE: 0.01028607089087558, RMSE: 0.10142026863933845, MAE: 0.16123125151218948
2025-12-13 19:20:13.696 | INFO     | src.models.lstm_model:save:57 - Model saved to data/models/UNVR.JK_1d_lstm.h5
2025-12-13 19:20:13.696 | INFO     | __main__:run_pipeline:166 - DEBUG: len(df)=529, len(X_train)=375, seq_len=60, start_idx=435
2025-12-13 19:20:13.697 | INFO     | __main__:run_pipeline:171 - DEBUG: len(test_dates)=94, len(preds)=94
2025-12-13 19:20:13.745 | INFO     | __main__:run_pipeline:236 - Logged 94 historical predictions for UNVR.JK
2025-12-13 19:20:13.746 | INFO     | src.models.xgboost_model:train:18 - Training XGBoost model with 375 samples
2025-12-13 19:20:14.954 | INFO     | __main__:run_pipeline:272 - XGBoost Results - MSE: 0.0437349178493817, RMSE: 0.20912895028996273, MAE: 0.15763081312436134
2025-12-13 19:20:14.958 | INFO     | src.models.xgboost_model:save:28 - XGBoost model saved to data/models/UNVR.JK_1d_xgb.joblib
2025-12-13 19:20:14.966 | INFO     | __main__:<module>:311 - --- Training UNVR.JK [1h] ---
2025-12-13 19:20:14.967 | INFO     | __main__:run_pipeline:26 - Starting pipeline for UNVR.JK (1h)
2025-12-13 19:20:14.967 | INFO     | src.data_collection.stock_collector:fetch_history:49 - Fetching 730 days of history for UNVR.JK with interval 1h
2025-12-13 19:20:15.982 | INFO     | src.data_collection.stock_collector:fetch_history:130 - Successfully updated 4844 1h records for UNVR.JK
2025-12-13 19:20:16.280 | INFO     | src.models.lstm_model:train:40 - Training LSTM model with 3667 samples
2025-12-13 19:20:31.212 | INFO     | __main__:run_pipeline:149 - LSTM Results - MSE: 0.0007659649194306926, RMSE: 0.02767607124269434, MAE: 0.10991984195800227
2025-12-13 19:20:31.327 | INFO     | src.models.lstm_model:save:57 - Model saved to data/models/UNVR.JK_1h_lstm.h5
2025-12-13 19:20:31.335 | INFO     | __main__:run_pipeline:166 - DEBUG: len(df)=4644, len(X_train)=3667, seq_len=60, start_idx=3727
2025-12-13 19:20:31.338 | INFO     | __main__:run_pipeline:171 - DEBUG: len(test_dates)=917, len(preds)=917
2025-12-13 19:20:31.762 | INFO     | __main__:run_pipeline:236 - Logged 917 historical predictions for UNVR.JK
2025-12-13 19:20:31.764 | INFO     | src.models.xgboost_model:train:18 - Training XGBoost model with 3667 samples
2025-12-13 19:20:34.206 | INFO     | __main__:run_pipeline:272 - XGBoost Results - MSE: 0.00013985445937249276, RMSE: 0.011826007752935594, MAE: 0.00706191910119672
2025-12-13 19:20:34.209 | INFO     | src.models.xgboost_model:save:28 - XGBoost model saved to data/models/UNVR.JK_1h_xgb.joblib
2025-12-13 19:20:34.222 | INFO     | __main__:<module>:311 - --- Training UNVR.JK [15m] ---
2025-12-13 19:20:34.223 | INFO     | __main__:run_pipeline:26 - Starting pipeline for UNVR.JK (15m)
2025-12-13 19:20:34.223 | INFO     | src.data_collection.stock_collector:fetch_history:49 - Fetching 730 days of history for UNVR.JK with interval 15m
2025-12-13 19:20:34.650 | INFO     | src.data_collection.stock_collector:fetch_history:130 - Successfully updated 1177 15m records for UNVR.JK
2025-12-13 19:20:34.999 | INFO     | src.models.lstm_model:train:40 - Training LSTM model with 733 samples
2025-12-13 19:20:44.697 | INFO     | __main__:run_pipeline:149 - LSTM Results - MSE: 0.005899420811594833, RMSE: 0.07680768719076778, MAE: 0.07418908739090084
2025-12-13 19:20:44.771 | INFO     | src.models.lstm_model:save:57 - Model saved to data/models/UNVR.JK_15m_lstm.h5
2025-12-13 19:20:44.771 | INFO     | __main__:run_pipeline:166 - DEBUG: len(df)=977, len(X_train)=733, seq_len=60, start_idx=793
2025-12-13 19:20:44.772 | INFO     | __main__:run_pipeline:171 - DEBUG: len(test_dates)=184, len(preds)=184
2025-12-13 19:20:44.894 | INFO     | __main__:run_pipeline:236 - Logged 184 historical predictions for UNVR.JK
2025-12-13 19:20:44.896 | INFO     | src.models.xgboost_model:train:18 - Training XGBoost model with 733 samples
2025-12-13 19:20:45.986 | INFO     | __main__:run_pipeline:272 - XGBoost Results - MSE: 0.0018784312016298969, RMSE: 0.043340872183539374, MAE: 0.03618340480861618
2025-12-13 19:20:45.989 | INFO     | src.models.xgboost_model:save:28 - XGBoost model saved to data/models/UNVR.JK_15m_xgb.joblib
2025-12-13 19:20:45.994 | INFO     | __main__:<module>:317 - Cycle completed. Sleeping for 1 hour...
2025-12-13 19:43:32.833 | INFO     | __main__:<module>:304 - Starting Continuous Model Trainer...
2025-12-13 19:43:32.834 | INFO     | __main__:<module>:311 - --- Training BBCA.JK [1d] ---
2025-12-13 19:43:32.835 | INFO     | __main__:run_pipeline:26 - Starting pipeline for BBCA.JK (1d)
2025-12-13 19:43:32.836 | INFO     | src.data_collection.stock_collector:fetch_history:49 - Fetching 730 days of history for BBCA.JK with interval 1d
2025-12-13 19:43:34.469 | INFO     | src.data_collection.news_collector:fetch_news:53 - Fetching Google News RSS for: BBCA
2025-12-13 19:43:35.959 | INFO     | src.data_collection.news_collector:fetch_news:62 - Found 100 articles
2025-12-13 19:43:36.013 | INFO     | src.data_collection.news_collector:fetch_news:109 - Saved 10 new articles from Google News
2025-12-13 19:43:36.451 | INFO     | src.data_collection.stock_collector:fetch_history:130 - Successfully updated 729 1d records for BBCA.JK
2025-12-13 19:43:37.553 | INFO     | src.models.lstm_model:train:50 - Training LSTM model with 375 samples
2025-12-13 19:43:42.939 | INFO     | __main__:run_pipeline:149 - LSTM Results - MSE: 0.018958326307298035, RMSE: 0.13768923816805015, MAE: 0.14843733868421524
2025-12-13 19:43:43.014 | INFO     | src.models.lstm_model:save:67 - Model saved to data/models/BBCA.JK_1d_lstm.h5
2025-12-13 19:43:43.015 | INFO     | __main__:run_pipeline:166 - DEBUG: len(df)=529, len(X_train)=375, seq_len=60, start_idx=435
2025-12-13 19:43:43.016 | INFO     | __main__:run_pipeline:171 - DEBUG: len(test_dates)=94, len(preds)=94
2025-12-13 19:43:43.081 | INFO     | __main__:run_pipeline:236 - Logged 94 historical predictions for BBCA.JK
2025-12-13 19:43:43.084 | INFO     | src.models.xgboost_model:train:19 - Training XGBoost model with 375 samples
2025-12-13 19:43:45.403 | INFO     | __main__:run_pipeline:272 - XGBoost Results - MSE: 0.03461254447673294, RMSE: 0.18604446908396105, MAE: 0.1445347593179013
2025-12-13 19:43:45.409 | INFO     | src.models.xgboost_model:save:29 - XGBoost model saved to data/models/BBCA.JK_1d_xgb.joblib
2025-12-13 19:43:45.421 | INFO     | __main__:<module>:311 - --- Training BBCA.JK [1h] ---
2025-12-13 19:43:45.422 | INFO     | __main__:run_pipeline:26 - Starting pipeline for BBCA.JK (1h)
2025-12-13 19:43:45.422 | INFO     | src.data_collection.stock_collector:fetch_history:49 - Fetching 730 days of history for BBCA.JK with interval 1h
2025-12-13 19:43:46.548 | INFO     | src.data_collection.stock_collector:fetch_history:130 - Successfully updated 4852 1h records for BBCA.JK
2025-12-13 19:43:46.970 | INFO     | src.models.lstm_model:train:50 - Training LSTM model with 3673 samples
2025-12-13 19:44:07.896 | INFO     | __main__:run_pipeline:149 - LSTM Results - MSE: 0.00137524424560144, RMSE: 0.03708428569625469, MAE: 0.14019117153680796
2025-12-13 19:44:07.946 | INFO     | src.models.lstm_model:save:67 - Model saved to data/models/BBCA.JK_1h_lstm.h5
2025-12-13 19:44:07.946 | INFO     | __main__:run_pipeline:166 - DEBUG: len(df)=4652, len(X_train)=3673, seq_len=60, start_idx=3733
2025-12-13 19:44:07.947 | INFO     | __main__:run_pipeline:171 - DEBUG: len(test_dates)=919, len(preds)=919
2025-12-13 19:44:08.329 | INFO     | __main__:run_pipeline:236 - Logged 919 historical predictions for BBCA.JK
2025-12-13 19:44:08.330 | INFO     | src.models.xgboost_model:train:19 - Training XGBoost model with 3673 samples
2025-12-13 19:44:12.010 | INFO     | __main__:run_pipeline:272 - XGBoost Results - MSE: 0.0071687001475627815, RMSE: 0.08466817671098617, MAE: 0.04605236358265065
2025-12-13 19:44:12.029 | INFO     | src.models.xgboost_model:save:29 - XGBoost model saved to data/models/BBCA.JK_1h_xgb.joblib
2025-12-13 19:44:12.089 | INFO     | __main__:<module>:311 - --- Training BBCA.JK [15m] ---
2025-12-13 19:44:12.092 | INFO     | __main__:run_pipeline:26 - Starting pipeline for BBCA.JK (15m)
2025-12-13 19:44:12.093 | INFO     | src.data_collection.stock_collector:fetch_history:49 - Fetching 730 days of history for BBCA.JK with interval 15m
2025-12-13 19:44:12.545 | INFO     | src.data_collection.stock_collector:fetch_history:130 - Successfully updated 1177 15m records for BBCA.JK
2025-12-13 19:44:13.046 | INFO     | src.models.lstm_model:train:50 - Training LSTM model with 733 samples
2025-12-13 19:44:17.639 | INFO     | __main__:run_pipeline:149 - LSTM Results - MSE: 0.005858190391565542, RMSE: 0.07653881624094759, MAE: 0.1081883752909122
2025-12-13 19:44:17.695 | INFO     | src.models.lstm_model:save:67 - Model saved to data/models/BBCA.JK_15m_lstm.h5
2025-12-13 19:44:17.695 | INFO     | __main__:run_pipeline:166 - DEBUG: len(df)=977, len(X_train)=733, seq_len=60, start_idx=793
2025-12-13 19:44:17.696 | INFO     | __main__:run_pipeline:171 - DEBUG: len(test_dates)=184, len(preds)=184
2025-12-13 19:44:17.851 | INFO     | __main__:run_pipeline:236 - Logged 184 historical predictions for BBCA.JK
2025-12-13 19:44:17.853 | INFO     | src.models.xgboost_model:train:19 - Training XGBoost model with 733 samples
2025-12-13 19:44:19.132 | INFO     | __main__:run_pipeline:272 - XGBoost Results - MSE: 0.015003847496205308, RMSE: 0.12249019346953988, MAE: 0.09526939342016666
2025-12-13 19:44:19.135 | INFO     | src.models.xgboost_model:save:29 - XGBoost model saved to data/models/BBCA.JK_15m_xgb.joblib
2025-12-13 19:44:19.140 | INFO     | __main__:<module>:311 - --- Training BBRI.JK [1d] ---
2025-12-13 19:44:19.140 | INFO     | __main__:run_pipeline:26 - Starting pipeline for BBRI.JK (1d)
2025-12-13 19:44:19.140 | INFO     | src.data_collection.stock_collector:fetch_history:49 - Fetching 730 days of history for BBRI.JK with interval 1d
2025-12-13 19:44:19.383 | INFO     | src.data_collection.news_collector:fetch_news:53 - Fetching Google News RSS for: BBRI
2025-12-13 19:44:20.391 | INFO     | src.data_collection.news_collector:fetch_news:62 - Found 100 articles
2025-12-13 19:44:20.407 | INFO     | src.data_collection.news_collector:fetch_news:109 - Saved 10 new articles from Google News
2025-12-13 19:44:20.515 | INFO     | src.data_collection.stock_collector:fetch_history:130 - Successfully updated 729 1d records for BBRI.JK
2025-12-13 19:44:20.896 | INFO     | src.models.lstm_model:train:50 - Training LSTM model with 375 samples
2025-12-13 19:44:25.845 | INFO     | __main__:run_pipeline:149 - LSTM Results - MSE: 0.006425194268598231, RMSE: 0.08015730951446805, MAE: 0.08269860578331127
2025-12-13 19:44:25.872 | INFO     | src.models.lstm_model:save:67 - Model saved to data/models/BBRI.JK_1d_lstm.h5
2025-12-13 19:44:25.873 | INFO     | __main__:run_pipeline:166 - DEBUG: len(df)=529, len(X_train)=375, seq_len=60, start_idx=435
2025-12-13 19:44:25.874 | INFO     | __main__:run_pipeline:171 - DEBUG: len(test_dates)=94, len(preds)=94
2025-12-13 19:44:25.930 | INFO     | __main__:run_pipeline:236 - Logged 94 historical predictions for BBRI.JK
2025-12-13 19:44:25.932 | INFO     | src.models.xgboost_model:train:19 - Training XGBoost model with 375 samples
2025-12-13 19:44:27.277 | INFO     | __main__:run_pipeline:272 - XGBoost Results - MSE: 0.0031467061872140637, RMSE: 0.05609550951024568, MAE: 0.045094396324655145
2025-12-13 19:44:27.280 | INFO     | src.models.xgboost_model:save:29 - XGBoost model saved to data/models/BBRI.JK_1d_xgb.joblib
2025-12-13 19:44:27.287 | INFO     | __main__:<module>:311 - --- Training BBRI.JK [1h] ---
2025-12-13 19:44:27.290 | INFO     | __main__:run_pipeline:26 - Starting pipeline for BBRI.JK (1h)
2025-12-13 19:44:27.291 | INFO     | src.data_collection.stock_collector:fetch_history:49 - Fetching 730 days of history for BBRI.JK with interval 1h
2025-12-13 19:44:28.289 | INFO     | src.data_collection.stock_collector:fetch_history:130 - Successfully updated 4853 1h records for BBRI.JK
2025-12-13 19:44:28.637 | INFO     | src.models.lstm_model:train:50 - Training LSTM model with 3674 samples
2025-12-13 19:44:41.568 | INFO     | __main__:run_pipeline:149 - LSTM Results - MSE: 0.0005851463233089834, RMSE: 0.024189797917902982, MAE: 0.07051391614943676
2025-12-13 19:44:41.631 | INFO     | src.models.lstm_model:save:67 - Model saved to data/models/BBRI.JK_1h_lstm.h5
2025-12-13 19:44:41.631 | INFO     | __main__:run_pipeline:166 - DEBUG: len(df)=4653, len(X_train)=3674, seq_len=60, start_idx=3734
2025-12-13 19:44:41.632 | INFO     | __main__:run_pipeline:171 - DEBUG: len(test_dates)=919, len(preds)=919
2025-12-13 19:44:41.996 | INFO     | __main__:run_pipeline:236 - Logged 919 historical predictions for BBRI.JK
2025-12-13 19:44:41.998 | INFO     | src.models.xgboost_model:train:19 - Training XGBoost model with 3674 samples
2025-12-13 19:44:44.269 | INFO     | __main__:run_pipeline:272 - XGBoost Results - MSE: 0.00032536346526674983, RMSE: 0.018037834273181185, MAE: 0.01292146793142345
2025-12-13 19:44:44.275 | INFO     | src.models.xgboost_model:save:29 - XGBoost model saved to data/models/BBRI.JK_1h_xgb.joblib
2025-12-13 19:44:44.285 | INFO     | __main__:<module>:311 - --- Training BBRI.JK [15m] ---
2025-12-13 19:44:44.287 | INFO     | __main__:run_pipeline:26 - Starting pipeline for BBRI.JK (15m)
2025-12-13 19:44:44.288 | INFO     | src.data_collection.stock_collector:fetch_history:49 - Fetching 730 days of history for BBRI.JK with interval 15m
2025-12-13 19:44:44.771 | INFO     | src.data_collection.stock_collector:fetch_history:130 - Successfully updated 1177 15m records for BBRI.JK
2025-12-13 19:44:45.164 | INFO     | src.models.lstm_model:train:50 - Training LSTM model with 733 samples
2025-12-13 19:44:49.784 | INFO     | __main__:run_pipeline:149 - LSTM Results - MSE: 0.003531454528399641, RMSE: 0.059426042509994226, MAE: 0.050011603099477164
2025-12-13 19:44:49.822 | INFO     | src.models.lstm_model:save:67 - Model saved to data/models/BBRI.JK_15m_lstm.h5
2025-12-13 19:44:49.827 | INFO     | __main__:run_pipeline:166 - DEBUG: len(df)=977, len(X_train)=733, seq_len=60, start_idx=793
2025-12-13 19:44:49.828 | INFO     | __main__:run_pipeline:171 - DEBUG: len(test_dates)=184, len(preds)=184
2025-12-13 19:44:49.941 | INFO     | __main__:run_pipeline:236 - Logged 184 historical predictions for BBRI.JK
2025-12-13 19:44:49.951 | INFO     | src.models.xgboost_model:train:19 - Training XGBoost model with 733 samples
2025-12-13 19:44:51.124 | INFO     | __main__:run_pipeline:272 - XGBoost Results - MSE: 0.009991762021522724, RMSE: 0.09995880162108149, MAE: 0.08750792766263037
2025-12-13 19:44:51.127 | INFO     | src.models.xgboost_model:save:29 - XGBoost model saved to data/models/BBRI.JK_15m_xgb.joblib
2025-12-13 19:44:51.133 | INFO     | __main__:<module>:311 - --- Training TLKM.JK [1d] ---
2025-12-13 19:44:51.135 | INFO     | __main__:run_pipeline:26 - Starting pipeline for TLKM.JK (1d)
2025-12-13 19:44:51.135 | INFO     | src.data_collection.stock_collector:fetch_history:49 - Fetching 730 days of history for TLKM.JK with interval 1d
2025-12-13 19:44:51.372 | INFO     | src.data_collection.news_collector:fetch_news:53 - Fetching Google News RSS for: TLKM
2025-12-13 19:44:52.553 | INFO     | src.data_collection.news_collector:fetch_news:62 - Found 100 articles
2025-12-13 19:44:52.558 | INFO     | src.data_collection.news_collector:fetch_news:109 - Saved 10 new articles from Google News
2025-12-13 19:44:52.680 | INFO     | src.data_collection.stock_collector:fetch_history:130 - Successfully updated 729 1d records for TLKM.JK
2025-12-13 19:44:53.078 | INFO     | src.models.lstm_model:train:50 - Training LSTM model with 375 samples
2025-12-13 19:44:57.261 | INFO     | __main__:run_pipeline:149 - LSTM Results - MSE: 0.01197082006239995, RMSE: 0.10941124285191148, MAE: 0.15424613494945447
2025-12-13 19:44:57.292 | INFO     | src.models.lstm_model:save:67 - Model saved to data/models/TLKM.JK_1d_lstm.h5
2025-12-13 19:44:57.293 | INFO     | __main__:run_pipeline:166 - DEBUG: len(df)=529, len(X_train)=375, seq_len=60, start_idx=435
2025-12-13 19:44:57.294 | INFO     | __main__:run_pipeline:171 - DEBUG: len(test_dates)=94, len(preds)=94
2025-12-13 19:44:57.348 | INFO     | __main__:run_pipeline:236 - Logged 94 historical predictions for TLKM.JK
2025-12-13 19:44:57.350 | INFO     | src.models.xgboost_model:train:19 - Training XGBoost model with 375 samples
2025-12-13 19:44:58.914 | INFO     | __main__:run_pipeline:272 - XGBoost Results - MSE: 0.01893507389001727, RMSE: 0.13760477422683148, MAE: 0.10829133676194475
2025-12-13 19:44:58.917 | INFO     | src.models.xgboost_model:save:29 - XGBoost model saved to data/models/TLKM.JK_1d_xgb.joblib
2025-12-13 19:44:58.926 | INFO     | __main__:<module>:311 - --- Training TLKM.JK [1h] ---
2025-12-13 19:44:58.927 | INFO     | __main__:run_pipeline:26 - Starting pipeline for TLKM.JK (1h)
2025-12-13 19:44:58.927 | INFO     | src.data_collection.stock_collector:fetch_history:49 - Fetching 730 days of history for TLKM.JK with interval 1h
2025-12-13 19:44:59.955 | INFO     | src.data_collection.stock_collector:fetch_history:130 - Successfully updated 4846 1h records for TLKM.JK
2025-12-13 19:45:00.458 | INFO     | src.models.lstm_model:train:50 - Training LSTM model with 3668 samples
2025-12-13 19:45:14.040 | INFO     | __main__:run_pipeline:149 - LSTM Results - MSE: 0.0008652748693422006, RMSE: 0.029415554887545478, MAE: 0.16196911625562924
2025-12-13 19:45:14.075 | INFO     | src.models.lstm_model:save:67 - Model saved to data/models/TLKM.JK_1h_lstm.h5
2025-12-13 19:45:14.076 | INFO     | __main__:run_pipeline:166 - DEBUG: len(df)=4646, len(X_train)=3668, seq_len=60, start_idx=3728
2025-12-13 19:45:14.076 | INFO     | __main__:run_pipeline:171 - DEBUG: len(test_dates)=918, len(preds)=918
2025-12-13 19:45:14.425 | INFO     | __main__:run_pipeline:236 - Logged 918 historical predictions for TLKM.JK
2025-12-13 19:45:14.427 | INFO     | src.models.xgboost_model:train:19 - Training XGBoost model with 3668 samples
2025-12-13 19:45:17.222 | INFO     | __main__:run_pipeline:272 - XGBoost Results - MSE: 0.0004909020820481883, RMSE: 0.022156310208339934, MAE: 0.015085127912344528
2025-12-13 19:45:17.451 | INFO     | src.models.xgboost_model:save:29 - XGBoost model saved to data/models/TLKM.JK_1h_xgb.joblib
2025-12-13 19:45:17.535 | INFO     | __main__:<module>:311 - --- Training TLKM.JK [15m] ---
2025-12-13 19:45:17.549 | INFO     | __main__:run_pipeline:26 - Starting pipeline for TLKM.JK (15m)
2025-12-13 19:45:17.549 | INFO     | src.data_collection.stock_collector:fetch_history:49 - Fetching 730 days of history for TLKM.JK with interval 15m
2025-12-13 19:45:18.060 | INFO     | src.data_collection.stock_collector:fetch_history:130 - Successfully updated 1177 15m records for TLKM.JK
2025-12-13 19:45:18.491 | INFO     | src.models.lstm_model:train:50 - Training LSTM model with 733 samples
2025-12-13 19:45:25.529 | INFO     | __main__:run_pipeline:149 - LSTM Results - MSE: 0.006440477492373158, RMSE: 0.08025258558061016, MAE: 0.07541223698907587
2025-12-13 19:45:25.559 | INFO     | src.models.lstm_model:save:67 - Model saved to data/models/TLKM.JK_15m_lstm.h5
2025-12-13 19:45:25.559 | INFO     | __main__:run_pipeline:166 - DEBUG: len(df)=977, len(X_train)=733, seq_len=60, start_idx=793
2025-12-13 19:45:25.560 | INFO     | __main__:run_pipeline:171 - DEBUG: len(test_dates)=184, len(preds)=184
2025-12-13 19:45:25.664 | INFO     | __main__:run_pipeline:236 - Logged 184 historical predictions for TLKM.JK
2025-12-13 19:45:25.666 | INFO     | src.models.xgboost_model:train:19 - Training XGBoost model with 733 samples
2025-12-13 19:45:26.867 | INFO     | __main__:run_pipeline:272 - XGBoost Results - MSE: 0.0008394774346158507, RMSE: 0.028973736980511346, MAE: 0.022026877179279144
2025-12-13 19:45:26.870 | INFO     | src.models.xgboost_model:save:29 - XGBoost model saved to data/models/TLKM.JK_15m_xgb.joblib
2025-12-13 19:45:26.876 | INFO     | __main__:<module>:311 - --- Training ASII.JK [1d] ---
2025-12-13 19:45:26.877 | INFO     | __main__:run_pipeline:26 - Starting pipeline for ASII.JK (1d)
2025-12-13 19:45:26.877 | INFO     | src.data_collection.stock_collector:fetch_history:49 - Fetching 730 days of history for ASII.JK with interval 1d
2025-12-13 19:45:27.120 | INFO     | src.data_collection.news_collector:fetch_news:53 - Fetching Google News RSS for: ASII
2025-12-13 19:45:28.234 | INFO     | src.data_collection.news_collector:fetch_news:62 - Found 100 articles
2025-12-13 19:45:28.238 | INFO     | src.data_collection.news_collector:fetch_news:109 - Saved 10 new articles from Google News
2025-12-13 19:45:28.346 | INFO     | src.data_collection.stock_collector:fetch_history:130 - Successfully updated 729 1d records for ASII.JK
2025-12-13 19:45:28.751 | INFO     | src.models.lstm_model:train:50 - Training LSTM model with 375 samples
2025-12-13 19:45:32.221 | INFO     | __main__:run_pipeline:149 - LSTM Results - MSE: 0.06869623865202011, RMSE: 0.2620996731245961, MAE: 0.26368573851165233
2025-12-13 19:45:32.266 | INFO     | src.models.lstm_model:save:67 - Model saved to data/models/ASII.JK_1d_lstm.h5
2025-12-13 19:45:32.267 | INFO     | __main__:run_pipeline:166 - DEBUG: len(df)=529, len(X_train)=375, seq_len=60, start_idx=435
2025-12-13 19:45:32.272 | INFO     | __main__:run_pipeline:171 - DEBUG: len(test_dates)=94, len(preds)=94
2025-12-13 19:45:32.336 | INFO     | __main__:run_pipeline:236 - Logged 94 historical predictions for ASII.JK
2025-12-13 19:45:32.338 | INFO     | src.models.xgboost_model:train:19 - Training XGBoost model with 375 samples
2025-12-13 19:45:33.814 | INFO     | __main__:run_pipeline:272 - XGBoost Results - MSE: 0.1587082220211097, RMSE: 0.39838200514218725, MAE: 0.35093116712694394
2025-12-13 19:45:33.821 | INFO     | src.models.xgboost_model:save:29 - XGBoost model saved to data/models/ASII.JK_1d_xgb.joblib
2025-12-13 19:45:33.830 | INFO     | __main__:<module>:311 - --- Training ASII.JK [1h] ---
2025-12-13 19:45:33.831 | INFO     | __main__:run_pipeline:26 - Starting pipeline for ASII.JK (1h)
2025-12-13 19:45:33.831 | INFO     | src.data_collection.stock_collector:fetch_history:49 - Fetching 730 days of history for ASII.JK with interval 1h
2025-12-13 19:45:34.857 | INFO     | src.data_collection.stock_collector:fetch_history:130 - Successfully updated 4843 1h records for ASII.JK
2025-12-13 19:45:35.440 | INFO     | src.models.lstm_model:train:50 - Training LSTM model with 3666 samples
2025-12-13 19:45:50.130 | INFO     | __main__:run_pipeline:149 - LSTM Results - MSE: 0.002302092338326856, RMSE: 0.04798012440924738, MAE: 0.3038917547184429
2025-12-13 19:45:50.163 | INFO     | src.models.lstm_model:save:67 - Model saved to data/models/ASII.JK_1h_lstm.h5
2025-12-13 19:45:50.164 | INFO     | __main__:run_pipeline:166 - DEBUG: len(df)=4643, len(X_train)=3666, seq_len=60, start_idx=3726
2025-12-13 19:45:50.165 | INFO     | __main__:run_pipeline:171 - DEBUG: len(test_dates)=917, len(preds)=917
2025-12-13 19:45:50.548 | INFO     | __main__:run_pipeline:236 - Logged 917 historical predictions for ASII.JK
2025-12-13 19:45:50.552 | INFO     | src.models.xgboost_model:train:19 - Training XGBoost model with 3666 samples
2025-12-13 19:45:53.343 | INFO     | __main__:run_pipeline:272 - XGBoost Results - MSE: 0.0006087711606861442, RMSE: 0.024673288404388746, MAE: 0.017324645920240658
2025-12-13 19:45:53.349 | INFO     | src.models.xgboost_model:save:29 - XGBoost model saved to data/models/ASII.JK_1h_xgb.joblib
2025-12-13 19:45:53.371 | INFO     | __main__:<module>:311 - --- Training ASII.JK [15m] ---
2025-12-13 19:45:53.374 | INFO     | __main__:run_pipeline:26 - Starting pipeline for ASII.JK (15m)
2025-12-13 19:45:53.376 | INFO     | src.data_collection.stock_collector:fetch_history:49 - Fetching 730 days of history for ASII.JK with interval 15m
2025-12-13 19:45:53.864 | INFO     | src.data_collection.stock_collector:fetch_history:130 - Successfully updated 1177 15m records for ASII.JK
2025-12-13 19:45:54.264 | INFO     | src.models.lstm_model:train:50 - Training LSTM model with 733 samples
2025-12-13 19:45:58.570 | INFO     | __main__:run_pipeline:149 - LSTM Results - MSE: 0.0058995940557959505, RMSE: 0.07680881496153909, MAE: 0.08980617314733699
2025-12-13 19:45:58.608 | INFO     | src.models.lstm_model:save:67 - Model saved to data/models/ASII.JK_15m_lstm.h5
2025-12-13 19:45:58.609 | INFO     | __main__:run_pipeline:166 - DEBUG: len(df)=977, len(X_train)=733, seq_len=60, start_idx=793
2025-12-13 19:45:58.610 | INFO     | __main__:run_pipeline:171 - DEBUG: len(test_dates)=184, len(preds)=184
2025-12-13 19:45:58.711 | INFO     | __main__:run_pipeline:236 - Logged 184 historical predictions for ASII.JK
2025-12-13 19:45:58.714 | INFO     | src.models.xgboost_model:train:19 - Training XGBoost model with 733 samples
2025-12-13 19:46:00.441 | INFO     | __main__:run_pipeline:272 - XGBoost Results - MSE: 0.019673289178704673, RMSE: 0.14026150283917777, MAE: 0.11508254420396534
2025-12-13 19:46:00.447 | INFO     | src.models.xgboost_model:save:29 - XGBoost model saved to data/models/ASII.JK_15m_xgb.joblib
2025-12-13 19:46:00.458 | INFO     | __main__:<module>:311 - --- Training UNVR.JK [1d] ---
2025-12-13 19:46:00.465 | INFO     | __main__:run_pipeline:26 - Starting pipeline for UNVR.JK (1d)
2025-12-13 19:46:00.465 | INFO     | src.data_collection.stock_collector:fetch_history:49 - Fetching 730 days of history for UNVR.JK with interval 1d
2025-12-13 19:46:00.754 | INFO     | src.data_collection.news_collector:fetch_news:53 - Fetching Google News RSS for: UNVR
2025-12-13 19:46:01.711 | INFO     | src.data_collection.news_collector:fetch_news:62 - Found 100 articles
2025-12-13 19:46:01.716 | INFO     | src.data_collection.news_collector:fetch_news:109 - Saved 10 new articles from Google News
2025-12-13 19:46:01.838 | INFO     | src.data_collection.stock_collector:fetch_history:130 - Successfully updated 729 1d records for UNVR.JK
2025-12-13 19:46:02.263 | INFO     | src.models.lstm_model:train:50 - Training LSTM model with 375 samples
2025-12-13 19:46:05.921 | INFO     | __main__:run_pipeline:149 - LSTM Results - MSE: 0.007349877100552396, RMSE: 0.0857314242302809, MAE: 0.15543142776710536
2025-12-13 19:46:05.957 | INFO     | src.models.lstm_model:save:67 - Model saved to data/models/UNVR.JK_1d_lstm.h5
2025-12-13 19:46:05.957 | INFO     | __main__:run_pipeline:166 - DEBUG: len(df)=529, len(X_train)=375, seq_len=60, start_idx=435
2025-12-13 19:46:05.958 | INFO     | __main__:run_pipeline:171 - DEBUG: len(test_dates)=94, len(preds)=94
2025-12-13 19:46:06.021 | INFO     | __main__:run_pipeline:236 - Logged 94 historical predictions for UNVR.JK
2025-12-13 19:46:06.023 | INFO     | src.models.xgboost_model:train:19 - Training XGBoost model with 375 samples
2025-12-13 19:46:07.342 | INFO     | __main__:run_pipeline:272 - XGBoost Results - MSE: 0.04373491362391715, RMSE: 0.20912894018742875, MAE: 0.15763080678344166
2025-12-13 19:46:07.345 | INFO     | src.models.xgboost_model:save:29 - XGBoost model saved to data/models/UNVR.JK_1d_xgb.joblib
2025-12-13 19:46:07.353 | INFO     | __main__:<module>:311 - --- Training UNVR.JK [1h] ---
2025-12-13 19:46:07.354 | INFO     | __main__:run_pipeline:26 - Starting pipeline for UNVR.JK (1h)
2025-12-13 19:46:07.355 | INFO     | src.data_collection.stock_collector:fetch_history:49 - Fetching 730 days of history for UNVR.JK with interval 1h
2025-12-13 19:46:08.356 | INFO     | src.data_collection.stock_collector:fetch_history:130 - Successfully updated 4844 1h records for UNVR.JK
2025-12-13 19:46:08.741 | INFO     | src.models.lstm_model:train:50 - Training LSTM model with 3667 samples
2025-12-13 19:46:21.764 | INFO     | __main__:run_pipeline:149 - LSTM Results - MSE: 0.0007022596417515069, RMSE: 0.026500181919215327, MAE: 0.10976155082216003
2025-12-13 19:46:21.804 | INFO     | src.models.lstm_model:save:67 - Model saved to data/models/UNVR.JK_1h_lstm.h5
2025-12-13 19:46:21.805 | INFO     | __main__:run_pipeline:166 - DEBUG: len(df)=4644, len(X_train)=3667, seq_len=60, start_idx=3727
2025-12-13 19:46:21.805 | INFO     | __main__:run_pipeline:171 - DEBUG: len(test_dates)=917, len(preds)=917
2025-12-13 19:46:22.217 | INFO     | __main__:run_pipeline:236 - Logged 917 historical predictions for UNVR.JK
2025-12-13 19:46:22.223 | INFO     | src.models.xgboost_model:train:19 - Training XGBoost model with 3667 samples
2025-12-13 19:46:24.584 | INFO     | __main__:run_pipeline:272 - XGBoost Results - MSE: 0.00013985445937249276, RMSE: 0.011826007752935594, MAE: 0.00706191910119672
2025-12-13 19:46:24.593 | INFO     | src.models.xgboost_model:save:29 - XGBoost model saved to data/models/UNVR.JK_1h_xgb.joblib
2025-12-13 19:46:24.625 | INFO     | __main__:<module>:311 - --- Training UNVR.JK [15m] ---
2025-12-13 19:46:24.626 | INFO     | __main__:run_pipeline:26 - Starting pipeline for UNVR.JK (15m)
2025-12-13 19:46:24.626 | INFO     | src.data_collection.stock_collector:fetch_history:49 - Fetching 730 days of history for UNVR.JK with interval 15m
2025-12-13 19:46:25.078 | INFO     | src.data_collection.stock_collector:fetch_history:130 - Successfully updated 1177 15m records for UNVR.JK
2025-12-13 19:46:25.501 | INFO     | src.models.lstm_model:train:50 - Training LSTM model with 733 samples
2025-12-13 19:46:31.405 | INFO     | __main__:run_pipeline:149 - LSTM Results - MSE: 0.00618797232213718, RMSE: 0.07866366583205477, MAE: 0.0746635227587893
2025-12-13 19:46:31.457 | INFO     | src.models.lstm_model:save:67 - Model saved to data/models/UNVR.JK_15m_lstm.h5
2025-12-13 19:46:31.457 | INFO     | __main__:run_pipeline:166 - DEBUG: len(df)=977, len(X_train)=733, seq_len=60, start_idx=793
2025-12-13 19:46:31.459 | INFO     | __main__:run_pipeline:171 - DEBUG: len(test_dates)=184, len(preds)=184
2025-12-13 19:46:31.551 | INFO     | __main__:run_pipeline:236 - Logged 184 historical predictions for UNVR.JK
2025-12-13 19:46:31.557 | INFO     | src.models.xgboost_model:train:19 - Training XGBoost model with 733 samples
2025-12-13 19:46:32.751 | INFO     | __main__:run_pipeline:272 - XGBoost Results - MSE: 0.0018784312016298969, RMSE: 0.043340872183539374, MAE: 0.03618340480861618
2025-12-13 19:46:32.755 | INFO     | src.models.xgboost_model:save:29 - XGBoost model saved to data/models/UNVR.JK_15m_xgb.joblib
2025-12-13 19:46:32.763 | INFO     | __main__:<module>:317 - Cycle completed. Sleeping for 1 hour...
2025-12-13 19:50:40.219 | INFO     | __main__:<module>:335 - Starting Continuous Model Trainer...
2025-12-13 19:50:40.221 | INFO     | __main__:<module>:342 - --- Training BBCA.JK [1d] ---
2025-12-13 19:50:40.221 | INFO     | __main__:run_pipeline:26 - Starting pipeline for BBCA.JK (1d)
2025-12-13 19:50:40.221 | INFO     | src.data_collection.stock_collector:fetch_history:49 - Fetching 3650 days of history for BBCA.JK with interval 1d
2025-12-13 19:50:42.222 | INFO     | src.data_collection.news_collector:fetch_news:53 - Fetching Google News RSS for: BBCA
2025-12-13 19:50:43.416 | INFO     | src.data_collection.news_collector:fetch_news:62 - Found 100 articles
2025-12-13 19:50:43.430 | INFO     | src.data_collection.news_collector:fetch_news:109 - Saved 10 new articles from Google News
2025-12-13 19:50:44.563 | INFO     | src.data_collection.stock_collector:fetch_history:130 - Successfully updated 3649 1d records for BBCA.JK
2025-12-13 19:50:44.571 | INFO     | src.data_collection.stock_collector:fetch_history:49 - Fetching 3650 days of history for ^JKSE with interval 1d
2025-12-13 19:50:45.084 | ERROR    | src.data_collection.stock_collector:fetch_history:135 - Failed to fetch/save history for ^JKSE: 'NoneType' object is not subscriptable
2025-12-13 19:50:45.086 | INFO     | src.data_collection.stock_collector:fetch_history:49 - Fetching 3650 days of history for IDR=X with interval 1d
2025-12-13 19:50:45.396 | ERROR    | src.data_collection.stock_collector:fetch_history:135 - Failed to fetch/save history for IDR=X: 'NoneType' object is not subscriptable
2025-12-13 19:50:45.400 | ERROR    | __main__:<module>:346 - Training failed for BBCA.JK 1d: (psycopg2.errors.UndefinedColumn) column "date" does not exist
LINE 2:             SELECT date, open, high, low, close, volume 
                           ^

[SQL: 
            SELECT date, open, high, low, close, volume 
            FROM stock_prices 
            WHERE stock_id = %(stock_id)s 
            AND interval = %(interval)s
            ORDER BY date ASC
        ]
[parameters: {'stock_id': 1, 'interval': '1d'}]
(Background on this error at: https://sqlalche.me/e/20/f405)
2025-12-13 19:50:45.401 | INFO     | __main__:<module>:342 - --- Training BBCA.JK [1h] ---
2025-12-13 19:50:45.402 | INFO     | __main__:run_pipeline:26 - Starting pipeline for BBCA.JK (1h)
2025-12-13 19:50:45.402 | INFO     | src.data_collection.stock_collector:fetch_history:49 - Fetching 3650 days of history for BBCA.JK with interval 1h
2025-12-13 19:50:46.341 | INFO     | src.data_collection.stock_collector:fetch_history:130 - Successfully updated 4852 1h records for BBCA.JK
2025-12-13 19:50:46.342 | INFO     | src.data_collection.stock_collector:fetch_history:49 - Fetching 3650 days of history for ^JKSE with interval 1h
2025-12-13 19:50:46.661 | ERROR    | src.data_collection.stock_collector:fetch_history:135 - Failed to fetch/save history for ^JKSE: 'NoneType' object is not subscriptable
2025-12-13 19:50:46.662 | INFO     | src.data_collection.stock_collector:fetch_history:49 - Fetching 3650 days of history for IDR=X with interval 1h
2025-12-13 19:50:46.997 | ERROR    | src.data_collection.stock_collector:fetch_history:135 - Failed to fetch/save history for IDR=X: 'NoneType' object is not subscriptable
2025-12-13 19:50:46.999 | ERROR    | __main__:<module>:346 - Training failed for BBCA.JK 1h: (psycopg2.errors.UndefinedColumn) column "date" does not exist
LINE 2:             SELECT date, open, high, low, close, volume 
                           ^

[SQL: 
            SELECT date, open, high, low, close, volume 
            FROM stock_prices 
            WHERE stock_id = %(stock_id)s 
            AND interval = %(interval)s
            ORDER BY date ASC
        ]
[parameters: {'stock_id': 1, 'interval': '1h'}]
(Background on this error at: https://sqlalche.me/e/20/f405)
2025-12-13 19:50:46.999 | INFO     | __main__:<module>:342 - --- Training BBCA.JK [15m] ---
2025-12-13 19:50:46.999 | INFO     | __main__:run_pipeline:26 - Starting pipeline for BBCA.JK (15m)
2025-12-13 19:50:46.999 | INFO     | src.data_collection.stock_collector:fetch_history:49 - Fetching 3650 days of history for BBCA.JK with interval 15m
2025-12-13 19:50:47.331 | INFO     | src.data_collection.stock_collector:fetch_history:130 - Successfully updated 1177 15m records for BBCA.JK
2025-12-13 19:50:47.332 | INFO     | src.data_collection.stock_collector:fetch_history:49 - Fetching 3650 days of history for ^JKSE with interval 15m
2025-12-13 19:50:47.491 | ERROR    | src.data_collection.stock_collector:fetch_history:135 - Failed to fetch/save history for ^JKSE: 'NoneType' object is not subscriptable
2025-12-13 19:50:47.492 | INFO     | src.data_collection.stock_collector:fetch_history:49 - Fetching 3650 days of history for IDR=X with interval 15m
2025-12-13 19:50:47.672 | ERROR    | src.data_collection.stock_collector:fetch_history:135 - Failed to fetch/save history for IDR=X: 'NoneType' object is not subscriptable
2025-12-13 19:50:47.673 | ERROR    | __main__:<module>:346 - Training failed for BBCA.JK 15m: (psycopg2.errors.UndefinedColumn) column "date" does not exist
LINE 2:             SELECT date, open, high, low, close, volume 
                           ^

[SQL: 
            SELECT date, open, high, low, close, volume 
            FROM stock_prices 
            WHERE stock_id = %(stock_id)s 
            AND interval = %(interval)s
            ORDER BY date ASC
        ]
[parameters: {'stock_id': 1, 'interval': '15m'}]
(Background on this error at: https://sqlalche.me/e/20/f405)
2025-12-13 19:50:47.673 | INFO     | __main__:<module>:342 - --- Training BBRI.JK [1d] ---
2025-12-13 19:50:47.674 | INFO     | __main__:run_pipeline:26 - Starting pipeline for BBRI.JK (1d)
2025-12-13 19:50:47.674 | INFO     | src.data_collection.stock_collector:fetch_history:49 - Fetching 3650 days of history for BBRI.JK with interval 1d
2025-12-13 19:50:47.944 | INFO     | src.data_collection.news_collector:fetch_news:53 - Fetching Google News RSS for: BBRI
2025-12-13 19:50:48.986 | INFO     | src.data_collection.news_collector:fetch_news:62 - Found 100 articles
2025-12-13 19:50:48.999 | INFO     | src.data_collection.news_collector:fetch_news:109 - Saved 10 new articles from Google News
2025-12-13 19:50:49.465 | INFO     | src.data_collection.stock_collector:fetch_history:130 - Successfully updated 3649 1d records for BBRI.JK
2025-12-13 19:50:49.468 | INFO     | src.data_collection.stock_collector:fetch_history:49 - Fetching 3650 days of history for ^JKSE with interval 1d
2025-12-13 19:50:49.784 | ERROR    | src.data_collection.stock_collector:fetch_history:135 - Failed to fetch/save history for ^JKSE: 'NoneType' object is not subscriptable
2025-12-13 19:50:49.785 | INFO     | src.data_collection.stock_collector:fetch_history:49 - Fetching 3650 days of history for IDR=X with interval 1d
2025-12-13 19:50:49.916 | ERROR    | src.data_collection.stock_collector:fetch_history:135 - Failed to fetch/save history for IDR=X: 'NoneType' object is not subscriptable
2025-12-13 19:50:49.918 | ERROR    | __main__:<module>:346 - Training failed for BBRI.JK 1d: (psycopg2.errors.UndefinedColumn) column "date" does not exist
LINE 2:             SELECT date, open, high, low, close, volume 
                           ^

[SQL: 
            SELECT date, open, high, low, close, volume 
            FROM stock_prices 
            WHERE stock_id = %(stock_id)s 
            AND interval = %(interval)s
            ORDER BY date ASC
        ]
[parameters: {'stock_id': 2, 'interval': '1d'}]
(Background on this error at: https://sqlalche.me/e/20/f405)
2025-12-13 19:50:49.918 | INFO     | __main__:<module>:342 - --- Training BBRI.JK [1h] ---
2025-12-13 19:50:49.919 | INFO     | __main__:run_pipeline:26 - Starting pipeline for BBRI.JK (1h)
2025-12-13 19:50:49.919 | INFO     | src.data_collection.stock_collector:fetch_history:49 - Fetching 3650 days of history for BBRI.JK with interval 1h
2025-12-13 19:50:50.804 | INFO     | src.data_collection.stock_collector:fetch_history:130 - Successfully updated 4853 1h records for BBRI.JK
2025-12-13 19:50:50.805 | INFO     | src.data_collection.stock_collector:fetch_history:49 - Fetching 3650 days of history for ^JKSE with interval 1h
2025-12-13 19:50:51.034 | ERROR    | src.data_collection.stock_collector:fetch_history:135 - Failed to fetch/save history for ^JKSE: 'NoneType' object is not subscriptable
2025-12-13 19:50:51.035 | INFO     | src.data_collection.stock_collector:fetch_history:49 - Fetching 3650 days of history for IDR=X with interval 1h
2025-12-13 19:50:51.208 | ERROR    | src.data_collection.stock_collector:fetch_history:135 - Failed to fetch/save history for IDR=X: 'NoneType' object is not subscriptable
2025-12-13 19:50:51.209 | ERROR    | __main__:<module>:346 - Training failed for BBRI.JK 1h: (psycopg2.errors.UndefinedColumn) column "date" does not exist
LINE 2:             SELECT date, open, high, low, close, volume 
                           ^

[SQL: 
            SELECT date, open, high, low, close, volume 
            FROM stock_prices 
            WHERE stock_id = %(stock_id)s 
            AND interval = %(interval)s
            ORDER BY date ASC
        ]
[parameters: {'stock_id': 2, 'interval': '1h'}]
(Background on this error at: https://sqlalche.me/e/20/f405)
2025-12-13 19:50:51.209 | INFO     | __main__:<module>:342 - --- Training BBRI.JK [15m] ---
2025-12-13 19:50:51.209 | INFO     | __main__:run_pipeline:26 - Starting pipeline for BBRI.JK (15m)
2025-12-13 19:50:51.210 | INFO     | src.data_collection.stock_collector:fetch_history:49 - Fetching 3650 days of history for BBRI.JK with interval 15m
2025-12-13 19:50:51.542 | INFO     | src.data_collection.stock_collector:fetch_history:130 - Successfully updated 1177 15m records for BBRI.JK
2025-12-13 19:50:51.543 | INFO     | src.data_collection.stock_collector:fetch_history:49 - Fetching 3650 days of history for ^JKSE with interval 15m
2025-12-13 19:50:51.661 | ERROR    | src.data_collection.stock_collector:fetch_history:135 - Failed to fetch/save history for ^JKSE: 'NoneType' object is not subscriptable
2025-12-13 19:50:51.662 | INFO     | src.data_collection.stock_collector:fetch_history:49 - Fetching 3650 days of history for IDR=X with interval 15m
2025-12-13 19:50:51.782 | ERROR    | src.data_collection.stock_collector:fetch_history:135 - Failed to fetch/save history for IDR=X: 'NoneType' object is not subscriptable
2025-12-13 19:50:51.783 | ERROR    | __main__:<module>:346 - Training failed for BBRI.JK 15m: (psycopg2.errors.UndefinedColumn) column "date" does not exist
LINE 2:             SELECT date, open, high, low, close, volume 
                           ^

[SQL: 
            SELECT date, open, high, low, close, volume 
            FROM stock_prices 
            WHERE stock_id = %(stock_id)s 
            AND interval = %(interval)s
            ORDER BY date ASC
        ]
[parameters: {'stock_id': 2, 'interval': '15m'}]
(Background on this error at: https://sqlalche.me/e/20/f405)
2025-12-13 19:50:51.783 | INFO     | __main__:<module>:342 - --- Training TLKM.JK [1d] ---
2025-12-13 19:50:51.783 | INFO     | __main__:run_pipeline:26 - Starting pipeline for TLKM.JK (1d)
2025-12-13 19:50:51.783 | INFO     | src.data_collection.stock_collector:fetch_history:49 - Fetching 3650 days of history for TLKM.JK with interval 1d
2025-12-13 19:50:52.051 | INFO     | src.data_collection.news_collector:fetch_news:53 - Fetching Google News RSS for: TLKM
2025-12-13 19:50:53.094 | INFO     | src.data_collection.news_collector:fetch_news:62 - Found 100 articles
2025-12-13 19:50:53.104 | INFO     | src.data_collection.news_collector:fetch_news:109 - Saved 10 new articles from Google News
2025-12-13 19:50:53.605 | INFO     | src.data_collection.stock_collector:fetch_history:130 - Successfully updated 3648 1d records for TLKM.JK
2025-12-13 19:50:53.607 | INFO     | src.data_collection.stock_collector:fetch_history:49 - Fetching 3650 days of history for ^JKSE with interval 1d
2025-12-13 19:50:53.888 | ERROR    | src.data_collection.stock_collector:fetch_history:135 - Failed to fetch/save history for ^JKSE: 'NoneType' object is not subscriptable
2025-12-13 19:50:53.889 | INFO     | src.data_collection.stock_collector:fetch_history:49 - Fetching 3650 days of history for IDR=X with interval 1d
2025-12-13 19:50:54.024 | ERROR    | src.data_collection.stock_collector:fetch_history:135 - Failed to fetch/save history for IDR=X: 'NoneType' object is not subscriptable
2025-12-13 19:50:54.026 | ERROR    | __main__:<module>:346 - Training failed for TLKM.JK 1d: (psycopg2.errors.UndefinedColumn) column "date" does not exist
LINE 2:             SELECT date, open, high, low, close, volume 
                           ^

[SQL: 
            SELECT date, open, high, low, close, volume 
            FROM stock_prices 
            WHERE stock_id = %(stock_id)s 
            AND interval = %(interval)s
            ORDER BY date ASC
        ]
[parameters: {'stock_id': 3, 'interval': '1d'}]
(Background on this error at: https://sqlalche.me/e/20/f405)
2025-12-13 19:50:54.027 | INFO     | __main__:<module>:342 - --- Training TLKM.JK [1h] ---
2025-12-13 19:50:54.027 | INFO     | __main__:run_pipeline:26 - Starting pipeline for TLKM.JK (1h)
2025-12-13 19:50:54.028 | INFO     | src.data_collection.stock_collector:fetch_history:49 - Fetching 3650 days of history for TLKM.JK with interval 1h
2025-12-13 19:50:54.949 | INFO     | src.data_collection.stock_collector:fetch_history:130 - Successfully updated 4846 1h records for TLKM.JK
2025-12-13 19:50:54.950 | INFO     | src.data_collection.stock_collector:fetch_history:49 - Fetching 3650 days of history for ^JKSE with interval 1h
2025-12-13 19:50:55.196 | ERROR    | src.data_collection.stock_collector:fetch_history:135 - Failed to fetch/save history for ^JKSE: 'NoneType' object is not subscriptable
2025-12-13 19:50:55.196 | INFO     | src.data_collection.stock_collector:fetch_history:49 - Fetching 3650 days of history for IDR=X with interval 1h
2025-12-13 19:50:55.395 | ERROR    | src.data_collection.stock_collector:fetch_history:135 - Failed to fetch/save history for IDR=X: 'NoneType' object is not subscriptable
2025-12-13 19:50:55.397 | ERROR    | __main__:<module>:346 - Training failed for TLKM.JK 1h: (psycopg2.errors.UndefinedColumn) column "date" does not exist
LINE 2:             SELECT date, open, high, low, close, volume 
                           ^

[SQL: 
            SELECT date, open, high, low, close, volume 
            FROM stock_prices 
            WHERE stock_id = %(stock_id)s 
            AND interval = %(interval)s
            ORDER BY date ASC
        ]
[parameters: {'stock_id': 3, 'interval': '1h'}]
(Background on this error at: https://sqlalche.me/e/20/f405)
2025-12-13 19:50:55.397 | INFO     | __main__:<module>:342 - --- Training TLKM.JK [15m] ---
2025-12-13 19:50:55.397 | INFO     | __main__:run_pipeline:26 - Starting pipeline for TLKM.JK (15m)
2025-12-13 19:50:55.397 | INFO     | src.data_collection.stock_collector:fetch_history:49 - Fetching 3650 days of history for TLKM.JK with interval 15m
2025-12-13 19:50:55.769 | INFO     | src.data_collection.stock_collector:fetch_history:130 - Successfully updated 1177 15m records for TLKM.JK
2025-12-13 19:50:55.769 | INFO     | src.data_collection.stock_collector:fetch_history:49 - Fetching 3650 days of history for ^JKSE with interval 15m
2025-12-13 19:50:55.888 | ERROR    | src.data_collection.stock_collector:fetch_history:135 - Failed to fetch/save history for ^JKSE: 'NoneType' object is not subscriptable
2025-12-13 19:50:55.889 | INFO     | src.data_collection.stock_collector:fetch_history:49 - Fetching 3650 days of history for IDR=X with interval 15m
2025-12-13 19:50:56.023 | ERROR    | src.data_collection.stock_collector:fetch_history:135 - Failed to fetch/save history for IDR=X: 'NoneType' object is not subscriptable
2025-12-13 19:50:56.025 | ERROR    | __main__:<module>:346 - Training failed for TLKM.JK 15m: (psycopg2.errors.UndefinedColumn) column "date" does not exist
LINE 2:             SELECT date, open, high, low, close, volume 
                           ^

[SQL: 
            SELECT date, open, high, low, close, volume 
            FROM stock_prices 
            WHERE stock_id = %(stock_id)s 
            AND interval = %(interval)s
            ORDER BY date ASC
        ]
[parameters: {'stock_id': 3, 'interval': '15m'}]
(Background on this error at: https://sqlalche.me/e/20/f405)
2025-12-13 19:50:56.025 | INFO     | __main__:<module>:342 - --- Training ASII.JK [1d] ---
2025-12-13 19:50:56.025 | INFO     | __main__:run_pipeline:26 - Starting pipeline for ASII.JK (1d)
2025-12-13 19:50:56.026 | INFO     | src.data_collection.stock_collector:fetch_history:49 - Fetching 3650 days of history for ASII.JK with interval 1d
2025-12-13 19:50:56.250 | INFO     | src.data_collection.news_collector:fetch_news:53 - Fetching Google News RSS for: ASII
2025-12-13 19:50:57.171 | INFO     | src.data_collection.news_collector:fetch_news:62 - Found 100 articles
2025-12-13 19:50:57.178 | INFO     | src.data_collection.news_collector:fetch_news:109 - Saved 10 new articles from Google News
2025-12-13 19:50:57.633 | INFO     | src.data_collection.stock_collector:fetch_history:130 - Successfully updated 3648 1d records for ASII.JK
2025-12-13 19:50:57.634 | INFO     | src.data_collection.stock_collector:fetch_history:49 - Fetching 3650 days of history for ^JKSE with interval 1d
2025-12-13 19:50:57.959 | ERROR    | src.data_collection.stock_collector:fetch_history:135 - Failed to fetch/save history for ^JKSE: 'NoneType' object is not subscriptable
2025-12-13 19:50:57.960 | INFO     | src.data_collection.stock_collector:fetch_history:49 - Fetching 3650 days of history for IDR=X with interval 1d
2025-12-13 19:50:58.160 | ERROR    | src.data_collection.stock_collector:fetch_history:135 - Failed to fetch/save history for IDR=X: 'NoneType' object is not subscriptable
2025-12-13 19:50:58.162 | ERROR    | __main__:<module>:346 - Training failed for ASII.JK 1d: (psycopg2.errors.UndefinedColumn) column "date" does not exist
LINE 2:             SELECT date, open, high, low, close, volume 
                           ^

[SQL: 
            SELECT date, open, high, low, close, volume 
            FROM stock_prices 
            WHERE stock_id = %(stock_id)s 
            AND interval = %(interval)s
            ORDER BY date ASC
        ]
[parameters: {'stock_id': 4, 'interval': '1d'}]
(Background on this error at: https://sqlalche.me/e/20/f405)
2025-12-13 19:50:58.162 | INFO     | __main__:<module>:342 - --- Training ASII.JK [1h] ---
2025-12-13 19:50:58.162 | INFO     | __main__:run_pipeline:26 - Starting pipeline for ASII.JK (1h)
2025-12-13 19:50:58.163 | INFO     | src.data_collection.stock_collector:fetch_history:49 - Fetching 3650 days of history for ASII.JK with interval 1h
2025-12-13 19:50:59.200 | INFO     | src.data_collection.stock_collector:fetch_history:130 - Successfully updated 4843 1h records for ASII.JK
2025-12-13 19:50:59.204 | INFO     | src.data_collection.stock_collector:fetch_history:49 - Fetching 3650 days of history for ^JKSE with interval 1h
2025-12-13 19:50:59.679 | ERROR    | src.data_collection.stock_collector:fetch_history:135 - Failed to fetch/save history for ^JKSE: 'NoneType' object is not subscriptable
2025-12-13 19:50:59.681 | INFO     | src.data_collection.stock_collector:fetch_history:49 - Fetching 3650 days of history for IDR=X with interval 1h
2025-12-13 19:51:00.091 | ERROR    | src.data_collection.stock_collector:fetch_history:135 - Failed to fetch/save history for IDR=X: 'NoneType' object is not subscriptable
2025-12-13 19:51:00.093 | ERROR    | __main__:<module>:346 - Training failed for ASII.JK 1h: (psycopg2.errors.UndefinedColumn) column "date" does not exist
LINE 2:             SELECT date, open, high, low, close, volume 
                           ^

[SQL: 
            SELECT date, open, high, low, close, volume 
            FROM stock_prices 
            WHERE stock_id = %(stock_id)s 
            AND interval = %(interval)s
            ORDER BY date ASC
        ]
[parameters: {'stock_id': 4, 'interval': '1h'}]
(Background on this error at: https://sqlalche.me/e/20/f405)
2025-12-13 19:51:00.093 | INFO     | __main__:<module>:342 - --- Training ASII.JK [15m] ---
2025-12-13 19:51:00.094 | INFO     | __main__:run_pipeline:26 - Starting pipeline for ASII.JK (15m)
2025-12-13 19:51:00.094 | INFO     | src.data_collection.stock_collector:fetch_history:49 - Fetching 3650 days of history for ASII.JK with interval 15m
2025-12-13 19:51:00.458 | INFO     | src.data_collection.stock_collector:fetch_history:130 - Successfully updated 1177 15m records for ASII.JK
2025-12-13 19:51:00.458 | INFO     | src.data_collection.stock_collector:fetch_history:49 - Fetching 3650 days of history for ^JKSE with interval 15m
2025-12-13 19:51:00.616 | ERROR    | src.data_collection.stock_collector:fetch_history:135 - Failed to fetch/save history for ^JKSE: 'NoneType' object is not subscriptable
2025-12-13 19:51:00.617 | INFO     | src.data_collection.stock_collector:fetch_history:49 - Fetching 3650 days of history for IDR=X with interval 15m
2025-12-13 19:51:00.819 | ERROR    | src.data_collection.stock_collector:fetch_history:135 - Failed to fetch/save history for IDR=X: 'NoneType' object is not subscriptable
2025-12-13 19:51:00.821 | ERROR    | __main__:<module>:346 - Training failed for ASII.JK 15m: (psycopg2.errors.UndefinedColumn) column "date" does not exist
LINE 2:             SELECT date, open, high, low, close, volume 
                           ^

[SQL: 
            SELECT date, open, high, low, close, volume 
            FROM stock_prices 
            WHERE stock_id = %(stock_id)s 
            AND interval = %(interval)s
            ORDER BY date ASC
        ]
[parameters: {'stock_id': 4, 'interval': '15m'}]
(Background on this error at: https://sqlalche.me/e/20/f405)
2025-12-13 19:51:00.821 | INFO     | __main__:<module>:342 - --- Training UNVR.JK [1d] ---
2025-12-13 19:51:00.822 | INFO     | __main__:run_pipeline:26 - Starting pipeline for UNVR.JK (1d)
2025-12-13 19:51:00.822 | INFO     | src.data_collection.stock_collector:fetch_history:49 - Fetching 3650 days of history for UNVR.JK with interval 1d
2025-12-13 19:51:01.050 | INFO     | src.data_collection.news_collector:fetch_news:53 - Fetching Google News RSS for: UNVR
2025-12-13 19:51:02.125 | INFO     | src.data_collection.news_collector:fetch_news:62 - Found 100 articles
2025-12-13 19:51:02.128 | INFO     | src.data_collection.news_collector:fetch_news:109 - Saved 10 new articles from Google News
2025-12-13 19:51:02.573 | INFO     | src.data_collection.stock_collector:fetch_history:130 - Successfully updated 3649 1d records for UNVR.JK
2025-12-13 19:51:02.574 | INFO     | src.data_collection.stock_collector:fetch_history:49 - Fetching 3650 days of history for ^JKSE with interval 1d
2025-12-13 19:51:02.866 | ERROR    | src.data_collection.stock_collector:fetch_history:135 - Failed to fetch/save history for ^JKSE: 'NoneType' object is not subscriptable
2025-12-13 19:51:02.867 | INFO     | src.data_collection.stock_collector:fetch_history:49 - Fetching 3650 days of history for IDR=X with interval 1d
2025-12-13 19:51:03.034 | ERROR    | src.data_collection.stock_collector:fetch_history:135 - Failed to fetch/save history for IDR=X: 'NoneType' object is not subscriptable
2025-12-13 19:51:03.040 | ERROR    | __main__:<module>:346 - Training failed for UNVR.JK 1d: (psycopg2.errors.UndefinedColumn) column "date" does not exist
LINE 2:             SELECT date, open, high, low, close, volume 
                           ^

[SQL: 
            SELECT date, open, high, low, close, volume 
            FROM stock_prices 
            WHERE stock_id = %(stock_id)s 
            AND interval = %(interval)s
            ORDER BY date ASC
        ]
[parameters: {'stock_id': 5, 'interval': '1d'}]
(Background on this error at: https://sqlalche.me/e/20/f405)
2025-12-13 19:51:03.040 | INFO     | __main__:<module>:342 - --- Training UNVR.JK [1h] ---
2025-12-13 19:51:03.041 | INFO     | __main__:run_pipeline:26 - Starting pipeline for UNVR.JK (1h)
2025-12-13 19:51:03.041 | INFO     | src.data_collection.stock_collector:fetch_history:49 - Fetching 3650 days of history for UNVR.JK with interval 1h
2025-12-13 19:51:03.923 | INFO     | src.data_collection.stock_collector:fetch_history:130 - Successfully updated 4844 1h records for UNVR.JK
2025-12-13 19:51:03.925 | INFO     | src.data_collection.stock_collector:fetch_history:49 - Fetching 3650 days of history for ^JKSE with interval 1h
2025-12-13 19:51:04.171 | ERROR    | src.data_collection.stock_collector:fetch_history:135 - Failed to fetch/save history for ^JKSE: 'NoneType' object is not subscriptable
2025-12-13 19:51:04.172 | INFO     | src.data_collection.stock_collector:fetch_history:49 - Fetching 3650 days of history for IDR=X with interval 1h
2025-12-13 19:51:04.345 | ERROR    | src.data_collection.stock_collector:fetch_history:135 - Failed to fetch/save history for IDR=X: 'NoneType' object is not subscriptable
2025-12-13 19:51:04.347 | ERROR    | __main__:<module>:346 - Training failed for UNVR.JK 1h: (psycopg2.errors.UndefinedColumn) column "date" does not exist
LINE 2:             SELECT date, open, high, low, close, volume 
                           ^

[SQL: 
            SELECT date, open, high, low, close, volume 
            FROM stock_prices 
            WHERE stock_id = %(stock_id)s 
            AND interval = %(interval)s
            ORDER BY date ASC
        ]
[parameters: {'stock_id': 5, 'interval': '1h'}]
(Background on this error at: https://sqlalche.me/e/20/f405)
2025-12-13 19:51:04.348 | INFO     | __main__:<module>:342 - --- Training UNVR.JK [15m] ---
2025-12-13 19:51:04.348 | INFO     | __main__:run_pipeline:26 - Starting pipeline for UNVR.JK (15m)
2025-12-13 19:51:04.348 | INFO     | src.data_collection.stock_collector:fetch_history:49 - Fetching 3650 days of history for UNVR.JK with interval 15m
2025-12-13 19:51:04.711 | INFO     | src.data_collection.stock_collector:fetch_history:130 - Successfully updated 1177 15m records for UNVR.JK
2025-12-13 19:51:04.711 | INFO     | src.data_collection.stock_collector:fetch_history:49 - Fetching 3650 days of history for ^JKSE with interval 15m
2025-12-13 19:51:04.839 | ERROR    | src.data_collection.stock_collector:fetch_history:135 - Failed to fetch/save history for ^JKSE: 'NoneType' object is not subscriptable
2025-12-13 19:51:04.840 | INFO     | src.data_collection.stock_collector:fetch_history:49 - Fetching 3650 days of history for IDR=X with interval 15m
2025-12-13 19:51:04.979 | ERROR    | src.data_collection.stock_collector:fetch_history:135 - Failed to fetch/save history for IDR=X: 'NoneType' object is not subscriptable
2025-12-13 19:51:04.981 | ERROR    | __main__:<module>:346 - Training failed for UNVR.JK 15m: (psycopg2.errors.UndefinedColumn) column "date" does not exist
LINE 2:             SELECT date, open, high, low, close, volume 
                           ^

[SQL: 
            SELECT date, open, high, low, close, volume 
            FROM stock_prices 
            WHERE stock_id = %(stock_id)s 
            AND interval = %(interval)s
            ORDER BY date ASC
        ]
[parameters: {'stock_id': 5, 'interval': '15m'}]
(Background on this error at: https://sqlalche.me/e/20/f405)
2025-12-13 19:51:04.981 | INFO     | __main__:<module>:348 - Cycle completed. Sleeping for 1 hour...
2025-12-13 19:54:43.528 | INFO     | __main__:<module>:335 - Starting Continuous Model Trainer...
2025-12-13 19:54:43.528 | INFO     | __main__:<module>:342 - --- Training BBCA.JK [1d] ---
2025-12-13 19:54:43.529 | INFO     | __main__:run_pipeline:26 - Starting pipeline for BBCA.JK (1d)
2025-12-13 19:54:43.529 | INFO     | src.data_collection.stock_collector:fetch_history:49 - Fetching 3650 days of history for BBCA.JK with interval 1d
2025-12-13 19:54:45.306 | INFO     | src.data_collection.news_collector:fetch_news:53 - Fetching Google News RSS for: BBCA
2025-12-13 19:54:46.703 | INFO     | src.data_collection.news_collector:fetch_news:62 - Found 100 articles
2025-12-13 19:54:46.772 | INFO     | src.data_collection.news_collector:fetch_news:109 - Saved 10 new articles from Google News
2025-12-13 19:54:47.906 | INFO     | src.data_collection.stock_collector:fetch_history:136 - Successfully updated 2465 1d records for BBCA.JK
2025-12-13 19:54:47.911 | INFO     | src.data_collection.stock_collector:fetch_history:49 - Fetching 3650 days of history for ^JKSE with interval 1d
2025-12-13 19:54:48.329 | ERROR    | src.data_collection.stock_collector:fetch_history:141 - Failed to fetch/save history for ^JKSE: 'NoneType' object is not subscriptable
2025-12-13 19:54:48.330 | INFO     | src.data_collection.stock_collector:fetch_history:49 - Fetching 3650 days of history for IDR=X with interval 1d
2025-12-13 19:54:48.527 | ERROR    | src.data_collection.stock_collector:fetch_history:141 - Failed to fetch/save history for IDR=X: 'NoneType' object is not subscriptable
2025-12-13 19:54:48.529 | ERROR    | __main__:<module>:346 - Training failed for BBCA.JK 1d: (psycopg2.errors.UndefinedColumn) column "date" does not exist
LINE 2:             SELECT date, open, high, low, close, volume 
                           ^

[SQL: 
            SELECT date, open, high, low, close, volume 
            FROM stock_prices 
            WHERE stock_id = %(stock_id)s 
            AND interval = %(interval)s
            ORDER BY date ASC
        ]
[parameters: {'stock_id': 1, 'interval': '1d'}]
(Background on this error at: https://sqlalche.me/e/20/f405)
2025-12-13 19:54:48.530 | INFO     | __main__:<module>:342 - --- Training BBCA.JK [1h] ---
2025-12-13 19:54:48.530 | INFO     | __main__:run_pipeline:26 - Starting pipeline for BBCA.JK (1h)
2025-12-13 19:54:48.531 | INFO     | src.data_collection.stock_collector:fetch_history:49 - Fetching 3650 days of history for BBCA.JK with interval 1h
2025-12-13 19:54:50.782 | INFO     | src.data_collection.stock_collector:fetch_history:136 - Successfully updated 4852 1h records for BBCA.JK
2025-12-13 19:54:50.785 | INFO     | src.data_collection.stock_collector:fetch_history:49 - Fetching 3650 days of history for ^JKSE with interval 1h
2025-12-13 19:54:51.238 | ERROR    | src.data_collection.stock_collector:fetch_history:141 - Failed to fetch/save history for ^JKSE: 'NoneType' object is not subscriptable
2025-12-13 19:54:51.240 | INFO     | src.data_collection.stock_collector:fetch_history:49 - Fetching 3650 days of history for IDR=X with interval 1h
2025-12-13 19:54:51.603 | ERROR    | src.data_collection.stock_collector:fetch_history:141 - Failed to fetch/save history for IDR=X: 'NoneType' object is not subscriptable
2025-12-13 19:54:51.606 | ERROR    | __main__:<module>:346 - Training failed for BBCA.JK 1h: (psycopg2.errors.UndefinedColumn) column "date" does not exist
LINE 2:             SELECT date, open, high, low, close, volume 
                           ^

[SQL: 
            SELECT date, open, high, low, close, volume 
            FROM stock_prices 
            WHERE stock_id = %(stock_id)s 
            AND interval = %(interval)s
            ORDER BY date ASC
        ]
[parameters: {'stock_id': 1, 'interval': '1h'}]
(Background on this error at: https://sqlalche.me/e/20/f405)
2025-12-13 19:54:51.606 | INFO     | __main__:<module>:342 - --- Training BBCA.JK [15m] ---
2025-12-13 19:54:51.607 | INFO     | __main__:run_pipeline:26 - Starting pipeline for BBCA.JK (15m)
2025-12-13 19:54:51.607 | INFO     | src.data_collection.stock_collector:fetch_history:49 - Fetching 3650 days of history for BBCA.JK with interval 15m
2025-12-13 19:54:52.120 | INFO     | src.data_collection.stock_collector:fetch_history:136 - Successfully updated 1177 15m records for BBCA.JK
2025-12-13 19:54:52.126 | INFO     | src.data_collection.stock_collector:fetch_history:49 - Fetching 3650 days of history for ^JKSE with interval 15m
2025-12-13 19:54:52.355 | ERROR    | src.data_collection.stock_collector:fetch_history:141 - Failed to fetch/save history for ^JKSE: 'NoneType' object is not subscriptable
2025-12-13 19:54:52.356 | INFO     | src.data_collection.stock_collector:fetch_history:49 - Fetching 3650 days of history for IDR=X with interval 15m
2025-12-13 19:54:52.559 | ERROR    | src.data_collection.stock_collector:fetch_history:141 - Failed to fetch/save history for IDR=X: 'NoneType' object is not subscriptable
2025-12-13 19:54:52.562 | ERROR    | __main__:<module>:346 - Training failed for BBCA.JK 15m: (psycopg2.errors.UndefinedColumn) column "date" does not exist
LINE 2:             SELECT date, open, high, low, close, volume 
                           ^

[SQL: 
            SELECT date, open, high, low, close, volume 
            FROM stock_prices 
            WHERE stock_id = %(stock_id)s 
            AND interval = %(interval)s
            ORDER BY date ASC
        ]
[parameters: {'stock_id': 1, 'interval': '15m'}]
(Background on this error at: https://sqlalche.me/e/20/f405)
2025-12-13 19:54:52.563 | INFO     | __main__:<module>:342 - --- Training BBRI.JK [1d] ---
2025-12-13 19:54:52.563 | INFO     | __main__:run_pipeline:26 - Starting pipeline for BBRI.JK (1d)
2025-12-13 19:54:52.564 | INFO     | src.data_collection.stock_collector:fetch_history:49 - Fetching 3650 days of history for BBRI.JK with interval 1d
2025-12-13 19:54:52.786 | INFO     | src.data_collection.news_collector:fetch_news:53 - Fetching Google News RSS for: BBRI
2025-12-13 19:54:53.823 | INFO     | src.data_collection.news_collector:fetch_news:62 - Found 100 articles
2025-12-13 19:54:53.836 | INFO     | src.data_collection.news_collector:fetch_news:109 - Saved 10 new articles from Google News
2025-12-13 19:54:54.199 | INFO     | src.data_collection.stock_collector:fetch_history:136 - Successfully updated 2465 1d records for BBRI.JK
2025-12-13 19:54:54.201 | INFO     | src.data_collection.stock_collector:fetch_history:49 - Fetching 3650 days of history for ^JKSE with interval 1d
2025-12-13 19:54:54.474 | ERROR    | src.data_collection.stock_collector:fetch_history:141 - Failed to fetch/save history for ^JKSE: 'NoneType' object is not subscriptable
2025-12-13 19:54:54.475 | INFO     | src.data_collection.stock_collector:fetch_history:49 - Fetching 3650 days of history for IDR=X with interval 1d
2025-12-13 19:54:54.640 | ERROR    | src.data_collection.stock_collector:fetch_history:141 - Failed to fetch/save history for IDR=X: 'NoneType' object is not subscriptable
2025-12-13 19:54:54.642 | ERROR    | __main__:<module>:346 - Training failed for BBRI.JK 1d: (psycopg2.errors.UndefinedColumn) column "date" does not exist
LINE 2:             SELECT date, open, high, low, close, volume 
                           ^

[SQL: 
            SELECT date, open, high, low, close, volume 
            FROM stock_prices 
            WHERE stock_id = %(stock_id)s 
            AND interval = %(interval)s
            ORDER BY date ASC
        ]
[parameters: {'stock_id': 2, 'interval': '1d'}]
(Background on this error at: https://sqlalche.me/e/20/f405)
2025-12-13 19:54:54.642 | INFO     | __main__:<module>:342 - --- Training BBRI.JK [1h] ---
2025-12-13 19:54:54.643 | INFO     | __main__:run_pipeline:26 - Starting pipeline for BBRI.JK (1h)
2025-12-13 19:54:54.643 | INFO     | src.data_collection.stock_collector:fetch_history:49 - Fetching 3650 days of history for BBRI.JK with interval 1h
2025-12-13 19:54:55.566 | INFO     | src.data_collection.stock_collector:fetch_history:136 - Successfully updated 4853 1h records for BBRI.JK
2025-12-13 19:54:55.568 | INFO     | src.data_collection.stock_collector:fetch_history:49 - Fetching 3650 days of history for ^JKSE with interval 1h
2025-12-13 19:54:55.808 | ERROR    | src.data_collection.stock_collector:fetch_history:141 - Failed to fetch/save history for ^JKSE: 'NoneType' object is not subscriptable
2025-12-13 19:54:55.808 | INFO     | src.data_collection.stock_collector:fetch_history:49 - Fetching 3650 days of history for IDR=X with interval 1h
2025-12-13 19:54:55.999 | ERROR    | src.data_collection.stock_collector:fetch_history:141 - Failed to fetch/save history for IDR=X: 'NoneType' object is not subscriptable
2025-12-13 19:54:56.000 | ERROR    | __main__:<module>:346 - Training failed for BBRI.JK 1h: (psycopg2.errors.UndefinedColumn) column "date" does not exist
LINE 2:             SELECT date, open, high, low, close, volume 
                           ^

[SQL: 
            SELECT date, open, high, low, close, volume 
            FROM stock_prices 
            WHERE stock_id = %(stock_id)s 
            AND interval = %(interval)s
            ORDER BY date ASC
        ]
[parameters: {'stock_id': 2, 'interval': '1h'}]
(Background on this error at: https://sqlalche.me/e/20/f405)
2025-12-13 19:54:56.000 | INFO     | __main__:<module>:342 - --- Training BBRI.JK [15m] ---
2025-12-13 19:54:56.000 | INFO     | __main__:run_pipeline:26 - Starting pipeline for BBRI.JK (15m)
2025-12-13 19:54:56.000 | INFO     | src.data_collection.stock_collector:fetch_history:49 - Fetching 3650 days of history for BBRI.JK with interval 15m
2025-12-13 19:54:56.349 | INFO     | src.data_collection.stock_collector:fetch_history:136 - Successfully updated 1177 15m records for BBRI.JK
2025-12-13 19:54:56.350 | INFO     | src.data_collection.stock_collector:fetch_history:49 - Fetching 3650 days of history for ^JKSE with interval 15m
2025-12-13 19:54:56.483 | ERROR    | src.data_collection.stock_collector:fetch_history:141 - Failed to fetch/save history for ^JKSE: 'NoneType' object is not subscriptable
2025-12-13 19:54:56.484 | INFO     | src.data_collection.stock_collector:fetch_history:49 - Fetching 3650 days of history for IDR=X with interval 15m
2025-12-13 19:54:56.618 | ERROR    | src.data_collection.stock_collector:fetch_history:141 - Failed to fetch/save history for IDR=X: 'NoneType' object is not subscriptable
2025-12-13 19:54:56.619 | ERROR    | __main__:<module>:346 - Training failed for BBRI.JK 15m: (psycopg2.errors.UndefinedColumn) column "date" does not exist
LINE 2:             SELECT date, open, high, low, close, volume 
                           ^

[SQL: 
            SELECT date, open, high, low, close, volume 
            FROM stock_prices 
            WHERE stock_id = %(stock_id)s 
            AND interval = %(interval)s
            ORDER BY date ASC
        ]
[parameters: {'stock_id': 2, 'interval': '15m'}]
(Background on this error at: https://sqlalche.me/e/20/f405)
2025-12-13 19:54:56.619 | INFO     | __main__:<module>:342 - --- Training TLKM.JK [1d] ---
2025-12-13 19:54:56.619 | INFO     | __main__:run_pipeline:26 - Starting pipeline for TLKM.JK (1d)
2025-12-13 19:54:56.620 | INFO     | src.data_collection.stock_collector:fetch_history:49 - Fetching 3650 days of history for TLKM.JK with interval 1d
2025-12-13 19:54:56.821 | INFO     | src.data_collection.news_collector:fetch_news:53 - Fetching Google News RSS for: TLKM
2025-12-13 19:54:57.851 | INFO     | src.data_collection.news_collector:fetch_news:62 - Found 100 articles
2025-12-13 19:54:57.855 | INFO     | src.data_collection.news_collector:fetch_news:109 - Saved 10 new articles from Google News
2025-12-13 19:54:58.131 | INFO     | src.data_collection.stock_collector:fetch_history:136 - Successfully updated 2464 1d records for TLKM.JK
2025-12-13 19:54:58.131 | INFO     | src.data_collection.stock_collector:fetch_history:49 - Fetching 3650 days of history for ^JKSE with interval 1d
2025-12-13 19:54:58.402 | ERROR    | src.data_collection.stock_collector:fetch_history:141 - Failed to fetch/save history for ^JKSE: 'NoneType' object is not subscriptable
2025-12-13 19:54:58.402 | INFO     | src.data_collection.stock_collector:fetch_history:49 - Fetching 3650 days of history for IDR=X with interval 1d
2025-12-13 19:54:58.570 | ERROR    | src.data_collection.stock_collector:fetch_history:141 - Failed to fetch/save history for IDR=X: 'NoneType' object is not subscriptable
2025-12-13 19:54:58.573 | ERROR    | __main__:<module>:346 - Training failed for TLKM.JK 1d: (psycopg2.errors.UndefinedColumn) column "date" does not exist
LINE 2:             SELECT date, open, high, low, close, volume 
                           ^

[SQL: 
            SELECT date, open, high, low, close, volume 
            FROM stock_prices 
            WHERE stock_id = %(stock_id)s 
            AND interval = %(interval)s
            ORDER BY date ASC
        ]
[parameters: {'stock_id': 3, 'interval': '1d'}]
(Background on this error at: https://sqlalche.me/e/20/f405)
2025-12-13 19:54:58.574 | INFO     | __main__:<module>:342 - --- Training TLKM.JK [1h] ---
2025-12-13 19:54:58.575 | INFO     | __main__:run_pipeline:26 - Starting pipeline for TLKM.JK (1h)
2025-12-13 19:54:58.576 | INFO     | src.data_collection.stock_collector:fetch_history:49 - Fetching 3650 days of history for TLKM.JK with interval 1h
2025-12-13 19:54:59.411 | INFO     | src.data_collection.stock_collector:fetch_history:136 - Successfully updated 4846 1h records for TLKM.JK
2025-12-13 19:54:59.413 | INFO     | src.data_collection.stock_collector:fetch_history:49 - Fetching 3650 days of history for ^JKSE with interval 1h
2025-12-13 19:54:59.776 | ERROR    | src.data_collection.stock_collector:fetch_history:141 - Failed to fetch/save history for ^JKSE: 'NoneType' object is not subscriptable
2025-12-13 19:54:59.777 | INFO     | src.data_collection.stock_collector:fetch_history:49 - Fetching 3650 days of history for IDR=X with interval 1h
2025-12-13 19:54:59.950 | ERROR    | src.data_collection.stock_collector:fetch_history:141 - Failed to fetch/save history for IDR=X: 'NoneType' object is not subscriptable
2025-12-13 19:54:59.952 | ERROR    | __main__:<module>:346 - Training failed for TLKM.JK 1h: (psycopg2.errors.UndefinedColumn) column "date" does not exist
LINE 2:             SELECT date, open, high, low, close, volume 
                           ^

[SQL: 
            SELECT date, open, high, low, close, volume 
            FROM stock_prices 
            WHERE stock_id = %(stock_id)s 
            AND interval = %(interval)s
            ORDER BY date ASC
        ]
[parameters: {'stock_id': 3, 'interval': '1h'}]
(Background on this error at: https://sqlalche.me/e/20/f405)
2025-12-13 19:54:59.952 | INFO     | __main__:<module>:342 - --- Training TLKM.JK [15m] ---
2025-12-13 19:54:59.952 | INFO     | __main__:run_pipeline:26 - Starting pipeline for TLKM.JK (15m)
2025-12-13 19:54:59.952 | INFO     | src.data_collection.stock_collector:fetch_history:49 - Fetching 3650 days of history for TLKM.JK with interval 15m
2025-12-13 19:55:00.309 | INFO     | src.data_collection.stock_collector:fetch_history:136 - Successfully updated 1177 15m records for TLKM.JK
2025-12-13 19:55:00.310 | INFO     | src.data_collection.stock_collector:fetch_history:49 - Fetching 3650 days of history for ^JKSE with interval 15m
2025-12-13 19:55:00.471 | ERROR    | src.data_collection.stock_collector:fetch_history:141 - Failed to fetch/save history for ^JKSE: 'NoneType' object is not subscriptable
2025-12-13 19:55:00.472 | INFO     | src.data_collection.stock_collector:fetch_history:49 - Fetching 3650 days of history for IDR=X with interval 15m
2025-12-13 19:55:00.600 | ERROR    | src.data_collection.stock_collector:fetch_history:141 - Failed to fetch/save history for IDR=X: 'NoneType' object is not subscriptable
2025-12-13 19:55:00.601 | ERROR    | __main__:<module>:346 - Training failed for TLKM.JK 15m: (psycopg2.errors.UndefinedColumn) column "date" does not exist
LINE 2:             SELECT date, open, high, low, close, volume 
                           ^

[SQL: 
            SELECT date, open, high, low, close, volume 
            FROM stock_prices 
            WHERE stock_id = %(stock_id)s 
            AND interval = %(interval)s
            ORDER BY date ASC
        ]
[parameters: {'stock_id': 3, 'interval': '15m'}]
(Background on this error at: https://sqlalche.me/e/20/f405)
2025-12-13 19:55:00.601 | INFO     | __main__:<module>:342 - --- Training ASII.JK [1d] ---
2025-12-13 19:55:00.602 | INFO     | __main__:run_pipeline:26 - Starting pipeline for ASII.JK (1d)
2025-12-13 19:55:00.602 | INFO     | src.data_collection.stock_collector:fetch_history:49 - Fetching 3650 days of history for ASII.JK with interval 1d
2025-12-13 19:55:00.803 | INFO     | src.data_collection.news_collector:fetch_news:53 - Fetching Google News RSS for: ASII
2025-12-13 19:55:01.772 | INFO     | src.data_collection.news_collector:fetch_news:62 - Found 100 articles
2025-12-13 19:55:01.776 | INFO     | src.data_collection.news_collector:fetch_news:109 - Saved 10 new articles from Google News
2025-12-13 19:55:02.100 | INFO     | src.data_collection.stock_collector:fetch_history:136 - Successfully updated 2464 1d records for ASII.JK
2025-12-13 19:55:02.101 | INFO     | src.data_collection.stock_collector:fetch_history:49 - Fetching 3650 days of history for ^JKSE with interval 1d
2025-12-13 19:55:02.372 | ERROR    | src.data_collection.stock_collector:fetch_history:141 - Failed to fetch/save history for ^JKSE: 'NoneType' object is not subscriptable
2025-12-13 19:55:02.373 | INFO     | src.data_collection.stock_collector:fetch_history:49 - Fetching 3650 days of history for IDR=X with interval 1d
2025-12-13 19:55:02.566 | ERROR    | src.data_collection.stock_collector:fetch_history:141 - Failed to fetch/save history for IDR=X: 'NoneType' object is not subscriptable
2025-12-13 19:55:02.568 | ERROR    | __main__:<module>:346 - Training failed for ASII.JK 1d: (psycopg2.errors.UndefinedColumn) column "date" does not exist
LINE 2:             SELECT date, open, high, low, close, volume 
                           ^

[SQL: 
            SELECT date, open, high, low, close, volume 
            FROM stock_prices 
            WHERE stock_id = %(stock_id)s 
            AND interval = %(interval)s
            ORDER BY date ASC
        ]
[parameters: {'stock_id': 4, 'interval': '1d'}]
(Background on this error at: https://sqlalche.me/e/20/f405)
2025-12-13 19:55:02.569 | INFO     | __main__:<module>:342 - --- Training ASII.JK [1h] ---
2025-12-13 19:55:02.569 | INFO     | __main__:run_pipeline:26 - Starting pipeline for ASII.JK (1h)
2025-12-13 19:55:02.569 | INFO     | src.data_collection.stock_collector:fetch_history:49 - Fetching 3650 days of history for ASII.JK with interval 1h
2025-12-13 19:55:03.440 | INFO     | src.data_collection.stock_collector:fetch_history:136 - Successfully updated 4843 1h records for ASII.JK
2025-12-13 19:55:03.441 | INFO     | src.data_collection.stock_collector:fetch_history:49 - Fetching 3650 days of history for ^JKSE with interval 1h
2025-12-13 19:55:03.681 | ERROR    | src.data_collection.stock_collector:fetch_history:141 - Failed to fetch/save history for ^JKSE: 'NoneType' object is not subscriptable
2025-12-13 19:55:03.681 | INFO     | src.data_collection.stock_collector:fetch_history:49 - Fetching 3650 days of history for IDR=X with interval 1h
2025-12-13 19:55:04.037 | ERROR    | src.data_collection.stock_collector:fetch_history:141 - Failed to fetch/save history for IDR=X: 'NoneType' object is not subscriptable
2025-12-13 19:55:04.038 | ERROR    | __main__:<module>:346 - Training failed for ASII.JK 1h: (psycopg2.errors.UndefinedColumn) column "date" does not exist
LINE 2:             SELECT date, open, high, low, close, volume 
                           ^

[SQL: 
            SELECT date, open, high, low, close, volume 
            FROM stock_prices 
            WHERE stock_id = %(stock_id)s 
            AND interval = %(interval)s
            ORDER BY date ASC
        ]
[parameters: {'stock_id': 4, 'interval': '1h'}]
(Background on this error at: https://sqlalche.me/e/20/f405)
2025-12-13 19:55:04.038 | INFO     | __main__:<module>:342 - --- Training ASII.JK [15m] ---
2025-12-13 19:55:04.038 | INFO     | __main__:run_pipeline:26 - Starting pipeline for ASII.JK (15m)
2025-12-13 19:55:04.038 | INFO     | src.data_collection.stock_collector:fetch_history:49 - Fetching 3650 days of history for ASII.JK with interval 15m
2025-12-13 19:55:04.366 | INFO     | src.data_collection.stock_collector:fetch_history:136 - Successfully updated 1177 15m records for ASII.JK
2025-12-13 19:55:04.366 | INFO     | src.data_collection.stock_collector:fetch_history:49 - Fetching 3650 days of history for ^JKSE with interval 15m
2025-12-13 19:55:04.534 | ERROR    | src.data_collection.stock_collector:fetch_history:141 - Failed to fetch/save history for ^JKSE: 'NoneType' object is not subscriptable
2025-12-13 19:55:04.534 | INFO     | src.data_collection.stock_collector:fetch_history:49 - Fetching 3650 days of history for IDR=X with interval 15m
2025-12-13 19:55:04.742 | ERROR    | src.data_collection.stock_collector:fetch_history:141 - Failed to fetch/save history for IDR=X: 'NoneType' object is not subscriptable
2025-12-13 19:55:04.744 | ERROR    | __main__:<module>:346 - Training failed for ASII.JK 15m: (psycopg2.errors.UndefinedColumn) column "date" does not exist
LINE 2:             SELECT date, open, high, low, close, volume 
                           ^

[SQL: 
            SELECT date, open, high, low, close, volume 
            FROM stock_prices 
            WHERE stock_id = %(stock_id)s 
            AND interval = %(interval)s
            ORDER BY date ASC
        ]
[parameters: {'stock_id': 4, 'interval': '15m'}]
(Background on this error at: https://sqlalche.me/e/20/f405)
2025-12-13 19:55:04.744 | INFO     | __main__:<module>:342 - --- Training UNVR.JK [1d] ---
2025-12-13 19:55:04.744 | INFO     | __main__:run_pipeline:26 - Starting pipeline for UNVR.JK (1d)
2025-12-13 19:55:04.744 | INFO     | src.data_collection.stock_collector:fetch_history:49 - Fetching 3650 days of history for UNVR.JK with interval 1d
2025-12-13 19:55:04.961 | INFO     | src.data_collection.news_collector:fetch_news:53 - Fetching Google News RSS for: UNVR
2025-12-13 19:55:06.113 | INFO     | src.data_collection.news_collector:fetch_news:62 - Found 100 articles
2025-12-13 19:55:06.116 | INFO     | src.data_collection.news_collector:fetch_news:109 - Saved 10 new articles from Google News
2025-12-13 19:55:06.415 | INFO     | src.data_collection.stock_collector:fetch_history:136 - Successfully updated 2465 1d records for UNVR.JK
2025-12-13 19:55:06.416 | INFO     | src.data_collection.stock_collector:fetch_history:49 - Fetching 3650 days of history for ^JKSE with interval 1d
2025-12-13 19:55:06.702 | ERROR    | src.data_collection.stock_collector:fetch_history:141 - Failed to fetch/save history for ^JKSE: 'NoneType' object is not subscriptable
2025-12-13 19:55:06.703 | INFO     | src.data_collection.stock_collector:fetch_history:49 - Fetching 3650 days of history for IDR=X with interval 1d
2025-12-13 19:55:06.890 | ERROR    | src.data_collection.stock_collector:fetch_history:141 - Failed to fetch/save history for IDR=X: 'NoneType' object is not subscriptable
2025-12-13 19:55:06.891 | ERROR    | __main__:<module>:346 - Training failed for UNVR.JK 1d: (psycopg2.errors.UndefinedColumn) column "date" does not exist
LINE 2:             SELECT date, open, high, low, close, volume 
                           ^

[SQL: 
            SELECT date, open, high, low, close, volume 
            FROM stock_prices 
            WHERE stock_id = %(stock_id)s 
            AND interval = %(interval)s
            ORDER BY date ASC
        ]
[parameters: {'stock_id': 5, 'interval': '1d'}]
(Background on this error at: https://sqlalche.me/e/20/f405)
2025-12-13 19:55:06.891 | INFO     | __main__:<module>:342 - --- Training UNVR.JK [1h] ---
2025-12-13 19:55:06.892 | INFO     | __main__:run_pipeline:26 - Starting pipeline for UNVR.JK (1h)
2025-12-13 19:55:06.892 | INFO     | src.data_collection.stock_collector:fetch_history:49 - Fetching 3650 days of history for UNVR.JK with interval 1h
2025-12-13 19:55:07.887 | INFO     | src.data_collection.stock_collector:fetch_history:136 - Successfully updated 4844 1h records for UNVR.JK
2025-12-13 19:55:07.888 | INFO     | src.data_collection.stock_collector:fetch_history:49 - Fetching 3650 days of history for ^JKSE with interval 1h
2025-12-13 19:55:08.116 | ERROR    | src.data_collection.stock_collector:fetch_history:141 - Failed to fetch/save history for ^JKSE: 'NoneType' object is not subscriptable
2025-12-13 19:55:08.117 | INFO     | src.data_collection.stock_collector:fetch_history:49 - Fetching 3650 days of history for IDR=X with interval 1h
2025-12-13 19:55:08.286 | ERROR    | src.data_collection.stock_collector:fetch_history:141 - Failed to fetch/save history for IDR=X: 'NoneType' object is not subscriptable
2025-12-13 19:55:08.288 | ERROR    | __main__:<module>:346 - Training failed for UNVR.JK 1h: (psycopg2.errors.UndefinedColumn) column "date" does not exist
LINE 2:             SELECT date, open, high, low, close, volume 
                           ^

[SQL: 
            SELECT date, open, high, low, close, volume 
            FROM stock_prices 
            WHERE stock_id = %(stock_id)s 
            AND interval = %(interval)s
            ORDER BY date ASC
        ]
[parameters: {'stock_id': 5, 'interval': '1h'}]
(Background on this error at: https://sqlalche.me/e/20/f405)
2025-12-13 19:55:08.288 | INFO     | __main__:<module>:342 - --- Training UNVR.JK [15m] ---
2025-12-13 19:55:08.288 | INFO     | __main__:run_pipeline:26 - Starting pipeline for UNVR.JK (15m)
2025-12-13 19:55:08.288 | INFO     | src.data_collection.stock_collector:fetch_history:49 - Fetching 3650 days of history for UNVR.JK with interval 15m
2025-12-13 19:55:08.628 | INFO     | src.data_collection.stock_collector:fetch_history:136 - Successfully updated 1177 15m records for UNVR.JK
2025-12-13 19:55:08.628 | INFO     | src.data_collection.stock_collector:fetch_history:49 - Fetching 3650 days of history for ^JKSE with interval 15m
2025-12-13 19:55:08.751 | ERROR    | src.data_collection.stock_collector:fetch_history:141 - Failed to fetch/save history for ^JKSE: 'NoneType' object is not subscriptable
2025-12-13 19:55:08.752 | INFO     | src.data_collection.stock_collector:fetch_history:49 - Fetching 3650 days of history for IDR=X with interval 15m
2025-12-13 19:55:08.893 | ERROR    | src.data_collection.stock_collector:fetch_history:141 - Failed to fetch/save history for IDR=X: 'NoneType' object is not subscriptable
2025-12-13 19:55:08.894 | ERROR    | __main__:<module>:346 - Training failed for UNVR.JK 15m: (psycopg2.errors.UndefinedColumn) column "date" does not exist
LINE 2:             SELECT date, open, high, low, close, volume 
                           ^

[SQL: 
            SELECT date, open, high, low, close, volume 
            FROM stock_prices 
            WHERE stock_id = %(stock_id)s 
            AND interval = %(interval)s
            ORDER BY date ASC
        ]
[parameters: {'stock_id': 5, 'interval': '15m'}]
(Background on this error at: https://sqlalche.me/e/20/f405)
2025-12-13 19:55:08.894 | INFO     | __main__:<module>:348 - Cycle completed. Sleeping for 1 hour...
2025-12-13 19:58:03.138 | INFO     | src.training.trainer:run_pipeline:26 - Starting pipeline for BBCA.JK (1d)
2025-12-13 19:58:03.167 | INFO     | src.data_collection.stock_collector:fetch_history:49 - Fetching 3650 days of history for BBCA.JK with interval 1d
2025-12-13 19:58:05.390 | INFO     | src.data_collection.news_collector:fetch_news:53 - Fetching Google News RSS for: BBCA
2025-12-13 19:58:06.922 | INFO     | src.data_collection.news_collector:fetch_news:62 - Found 100 articles
2025-12-13 19:58:06.962 | INFO     | src.data_collection.news_collector:fetch_news:109 - Saved 10 new articles from Google News
2025-12-13 19:58:07.325 | INFO     | src.data_collection.stock_collector:fetch_history:136 - Successfully updated 2465 1d records for BBCA.JK
2025-12-13 19:58:07.328 | INFO     | src.data_collection.stock_collector:fetch_history:49 - Fetching 3650 days of history for ^JKSE with interval 1d
2025-12-13 19:58:07.758 | ERROR    | src.data_collection.stock_collector:fetch_history:141 - Failed to fetch/save history for ^JKSE: 'NoneType' object is not subscriptable
2025-12-13 19:58:07.760 | INFO     | src.data_collection.stock_collector:fetch_history:49 - Fetching 3650 days of history for IDR=X with interval 1d
2025-12-13 19:58:08.094 | ERROR    | src.data_collection.stock_collector:fetch_history:141 - Failed to fetch/save history for IDR=X: 'NoneType' object is not subscriptable
2025-12-13 20:12:32.967 | INFO     | __main__:<module>:372 - Starting Continuous Model Trainer...
2025-12-13 20:12:32.968 | INFO     | __main__:<module>:379 - --- Training BBCA.JK [1d] ---
2025-12-13 20:12:32.969 | INFO     | __main__:run_pipeline:26 - Starting pipeline for BBCA.JK (1d)
2025-12-13 20:12:32.969 | INFO     | src.data_collection.stock_collector:fetch_history:49 - Fetching 3650 days of history for BBCA.JK with interval 1d
2025-12-13 20:12:34.454 | INFO     | src.data_collection.news_collector:fetch_news:53 - Fetching Google News RSS for: BBCA
2025-12-13 20:12:35.754 | INFO     | src.data_collection.news_collector:fetch_news:62 - Found 100 articles
2025-12-13 20:12:35.767 | INFO     | src.data_collection.news_collector:fetch_news:109 - Saved 10 new articles from Google News
2025-12-13 20:12:36.140 | INFO     | src.data_collection.stock_collector:fetch_history:136 - Successfully updated 2465 1d records for BBCA.JK
2025-12-13 20:12:36.141 | INFO     | src.data_collection.stock_collector:fetch_history:49 - Fetching 3650 days of history for ^JKSE with interval 1d
2025-12-13 20:12:36.400 | ERROR    | src.data_collection.stock_collector:fetch_history:141 - Failed to fetch/save history for ^JKSE: 'NoneType' object is not subscriptable
2025-12-13 20:12:36.401 | INFO     | src.data_collection.stock_collector:fetch_history:49 - Fetching 3650 days of history for IDR=X with interval 1d
2025-12-13 20:12:36.581 | ERROR    | src.data_collection.stock_collector:fetch_history:141 - Failed to fetch/save history for IDR=X: 'NoneType' object is not subscriptable
2025-12-13 20:12:36.584 | ERROR    | __main__:<module>:383 - Training failed for BBCA.JK 1d: (psycopg2.errors.UndefinedColumn) column "date" does not exist
LINE 2:             SELECT date, open, high, low, close, volume 
                           ^

[SQL: 
            SELECT date, open, high, low, close, volume 
            FROM stock_prices 
            WHERE stock_id = %(stock_id)s 
            AND interval = %(interval)s
            ORDER BY date ASC
        ]
[parameters: {'stock_id': 1, 'interval': '1d'}]
(Background on this error at: https://sqlalche.me/e/20/f405)
2025-12-13 20:12:36.584 | INFO     | __main__:<module>:379 - --- Training BBCA.JK [1h] ---
2025-12-13 20:12:36.585 | INFO     | __main__:run_pipeline:26 - Starting pipeline for BBCA.JK (1h)
2025-12-13 20:12:36.585 | INFO     | src.data_collection.stock_collector:fetch_history:49 - Fetching 3650 days of history for BBCA.JK with interval 1h
2025-12-13 20:12:38.206 | INFO     | src.data_collection.stock_collector:fetch_history:136 - Successfully updated 4852 1h records for BBCA.JK
2025-12-13 20:12:38.214 | INFO     | src.data_collection.stock_collector:fetch_history:49 - Fetching 3650 days of history for ^JKSE with interval 1h
2025-12-13 20:12:38.653 | ERROR    | src.data_collection.stock_collector:fetch_history:141 - Failed to fetch/save history for ^JKSE: 'NoneType' object is not subscriptable
2025-12-13 20:12:38.654 | INFO     | src.data_collection.stock_collector:fetch_history:49 - Fetching 3650 days of history for IDR=X with interval 1h
2025-12-13 20:12:39.321 | ERROR    | src.data_collection.stock_collector:fetch_history:141 - Failed to fetch/save history for IDR=X: 'NoneType' object is not subscriptable
2025-12-13 20:12:39.326 | ERROR    | __main__:<module>:383 - Training failed for BBCA.JK 1h: (psycopg2.errors.UndefinedColumn) column "date" does not exist
LINE 2:             SELECT date, open, high, low, close, volume 
                           ^

[SQL: 
            SELECT date, open, high, low, close, volume 
            FROM stock_prices 
            WHERE stock_id = %(stock_id)s 
            AND interval = %(interval)s
            ORDER BY date ASC
        ]
[parameters: {'stock_id': 1, 'interval': '1h'}]
(Background on this error at: https://sqlalche.me/e/20/f405)
2025-12-13 20:12:39.326 | INFO     | __main__:<module>:379 - --- Training BBCA.JK [15m] ---
2025-12-13 20:12:39.327 | INFO     | __main__:run_pipeline:26 - Starting pipeline for BBCA.JK (15m)
2025-12-13 20:12:39.327 | INFO     | src.data_collection.stock_collector:fetch_history:49 - Fetching 3650 days of history for BBCA.JK with interval 15m
2025-12-13 20:12:39.744 | INFO     | src.data_collection.stock_collector:fetch_history:136 - Successfully updated 1177 15m records for BBCA.JK
2025-12-13 20:12:39.745 | INFO     | src.data_collection.stock_collector:fetch_history:49 - Fetching 3650 days of history for ^JKSE with interval 15m
2025-12-13 20:12:39.991 | ERROR    | src.data_collection.stock_collector:fetch_history:141 - Failed to fetch/save history for ^JKSE: 'NoneType' object is not subscriptable
2025-12-13 20:12:40.007 | INFO     | src.data_collection.stock_collector:fetch_history:49 - Fetching 3650 days of history for IDR=X with interval 15m
2025-12-13 20:12:40.247 | ERROR    | src.data_collection.stock_collector:fetch_history:141 - Failed to fetch/save history for IDR=X: 'NoneType' object is not subscriptable
2025-12-13 20:12:40.249 | ERROR    | __main__:<module>:383 - Training failed for BBCA.JK 15m: (psycopg2.errors.UndefinedColumn) column "date" does not exist
LINE 2:             SELECT date, open, high, low, close, volume 
                           ^

[SQL: 
            SELECT date, open, high, low, close, volume 
            FROM stock_prices 
            WHERE stock_id = %(stock_id)s 
            AND interval = %(interval)s
            ORDER BY date ASC
        ]
[parameters: {'stock_id': 1, 'interval': '15m'}]
(Background on this error at: https://sqlalche.me/e/20/f405)
2025-12-13 20:12:40.250 | INFO     | __main__:<module>:379 - --- Training BBRI.JK [1d] ---
2025-12-13 20:12:40.250 | INFO     | __main__:run_pipeline:26 - Starting pipeline for BBRI.JK (1d)
2025-12-13 20:12:40.250 | INFO     | src.data_collection.stock_collector:fetch_history:49 - Fetching 3650 days of history for BBRI.JK with interval 1d
2025-12-13 20:12:40.446 | INFO     | src.data_collection.news_collector:fetch_news:53 - Fetching Google News RSS for: BBRI
2025-12-13 20:12:41.487 | INFO     | src.data_collection.news_collector:fetch_news:62 - Found 100 articles
2025-12-13 20:12:41.520 | INFO     | src.data_collection.news_collector:fetch_news:109 - Saved 10 new articles from Google News
2025-12-13 20:12:42.290 | INFO     | src.data_collection.stock_collector:fetch_history:136 - Successfully updated 2465 1d records for BBRI.JK
2025-12-13 20:12:42.305 | INFO     | src.data_collection.stock_collector:fetch_history:49 - Fetching 3650 days of history for ^JKSE with interval 1d
2025-12-13 20:12:42.634 | ERROR    | src.data_collection.stock_collector:fetch_history:141 - Failed to fetch/save history for ^JKSE: 'NoneType' object is not subscriptable
2025-12-13 20:12:42.635 | INFO     | src.data_collection.stock_collector:fetch_history:49 - Fetching 3650 days of history for IDR=X with interval 1d
2025-12-13 20:12:42.822 | ERROR    | src.data_collection.stock_collector:fetch_history:141 - Failed to fetch/save history for IDR=X: 'NoneType' object is not subscriptable
2025-12-13 20:12:42.825 | ERROR    | __main__:<module>:383 - Training failed for BBRI.JK 1d: (psycopg2.errors.UndefinedColumn) column "date" does not exist
LINE 2:             SELECT date, open, high, low, close, volume 
                           ^

[SQL: 
            SELECT date, open, high, low, close, volume 
            FROM stock_prices 
            WHERE stock_id = %(stock_id)s 
            AND interval = %(interval)s
            ORDER BY date ASC
        ]
[parameters: {'stock_id': 2, 'interval': '1d'}]
(Background on this error at: https://sqlalche.me/e/20/f405)
2025-12-13 20:12:42.825 | INFO     | __main__:<module>:379 - --- Training BBRI.JK [1h] ---
2025-12-13 20:12:42.826 | INFO     | __main__:run_pipeline:26 - Starting pipeline for BBRI.JK (1h)
2025-12-13 20:12:42.827 | INFO     | src.data_collection.stock_collector:fetch_history:49 - Fetching 3650 days of history for BBRI.JK with interval 1h
2025-12-13 20:12:44.198 | INFO     | src.data_collection.stock_collector:fetch_history:136 - Successfully updated 4853 1h records for BBRI.JK
2025-12-13 20:12:44.205 | INFO     | src.data_collection.stock_collector:fetch_history:49 - Fetching 3650 days of history for ^JKSE with interval 1h
2025-12-13 20:12:44.500 | ERROR    | src.data_collection.stock_collector:fetch_history:141 - Failed to fetch/save history for ^JKSE: 'NoneType' object is not subscriptable
2025-12-13 20:12:44.500 | INFO     | src.data_collection.stock_collector:fetch_history:49 - Fetching 3650 days of history for IDR=X with interval 1h
2025-12-13 20:12:44.656 | ERROR    | src.data_collection.stock_collector:fetch_history:141 - Failed to fetch/save history for IDR=X: 'NoneType' object is not subscriptable
2025-12-13 20:12:44.659 | ERROR    | __main__:<module>:383 - Training failed for BBRI.JK 1h: (psycopg2.errors.UndefinedColumn) column "date" does not exist
LINE 2:             SELECT date, open, high, low, close, volume 
                           ^

[SQL: 
            SELECT date, open, high, low, close, volume 
            FROM stock_prices 
            WHERE stock_id = %(stock_id)s 
            AND interval = %(interval)s
            ORDER BY date ASC
        ]
[parameters: {'stock_id': 2, 'interval': '1h'}]
(Background on this error at: https://sqlalche.me/e/20/f405)
2025-12-13 20:12:44.659 | INFO     | __main__:<module>:379 - --- Training BBRI.JK [15m] ---
2025-12-13 20:12:44.660 | INFO     | __main__:run_pipeline:26 - Starting pipeline for BBRI.JK (15m)
2025-12-13 20:12:44.660 | INFO     | src.data_collection.stock_collector:fetch_history:49 - Fetching 3650 days of history for BBRI.JK with interval 15m
2025-12-13 20:12:45.067 | INFO     | src.data_collection.stock_collector:fetch_history:136 - Successfully updated 1177 15m records for BBRI.JK
2025-12-13 20:12:45.067 | INFO     | src.data_collection.stock_collector:fetch_history:49 - Fetching 3650 days of history for ^JKSE with interval 15m
2025-12-13 20:12:45.190 | ERROR    | src.data_collection.stock_collector:fetch_history:141 - Failed to fetch/save history for ^JKSE: 'NoneType' object is not subscriptable
2025-12-13 20:12:45.191 | INFO     | src.data_collection.stock_collector:fetch_history:49 - Fetching 3650 days of history for IDR=X with interval 15m
2025-12-13 20:12:45.317 | ERROR    | src.data_collection.stock_collector:fetch_history:141 - Failed to fetch/save history for IDR=X: 'NoneType' object is not subscriptable
2025-12-13 20:12:45.319 | ERROR    | __main__:<module>:383 - Training failed for BBRI.JK 15m: (psycopg2.errors.UndefinedColumn) column "date" does not exist
LINE 2:             SELECT date, open, high, low, close, volume 
                           ^

[SQL: 
            SELECT date, open, high, low, close, volume 
            FROM stock_prices 
            WHERE stock_id = %(stock_id)s 
            AND interval = %(interval)s
            ORDER BY date ASC
        ]
[parameters: {'stock_id': 2, 'interval': '15m'}]
(Background on this error at: https://sqlalche.me/e/20/f405)
2025-12-13 20:12:45.319 | INFO     | __main__:<module>:379 - --- Training TLKM.JK [1d] ---
2025-12-13 20:12:45.320 | INFO     | __main__:run_pipeline:26 - Starting pipeline for TLKM.JK (1d)
2025-12-13 20:12:45.320 | INFO     | src.data_collection.stock_collector:fetch_history:49 - Fetching 3650 days of history for TLKM.JK with interval 1d
2025-12-13 20:12:45.513 | INFO     | src.data_collection.news_collector:fetch_news:53 - Fetching Google News RSS for: TLKM
2025-12-13 20:12:46.702 | INFO     | src.data_collection.news_collector:fetch_news:62 - Found 100 articles
2025-12-13 20:12:46.737 | INFO     | src.data_collection.news_collector:fetch_news:109 - Saved 10 new articles from Google News
2025-12-13 20:12:47.161 | INFO     | src.data_collection.stock_collector:fetch_history:136 - Successfully updated 2464 1d records for TLKM.JK
2025-12-13 20:12:47.162 | INFO     | src.data_collection.stock_collector:fetch_history:49 - Fetching 3650 days of history for ^JKSE with interval 1d
2025-12-13 20:12:47.430 | ERROR    | src.data_collection.stock_collector:fetch_history:141 - Failed to fetch/save history for ^JKSE: 'NoneType' object is not subscriptable
2025-12-13 20:12:47.430 | INFO     | src.data_collection.stock_collector:fetch_history:49 - Fetching 3650 days of history for IDR=X with interval 1d
2025-12-13 20:12:47.595 | ERROR    | src.data_collection.stock_collector:fetch_history:141 - Failed to fetch/save history for IDR=X: 'NoneType' object is not subscriptable
2025-12-13 20:12:47.599 | ERROR    | __main__:<module>:383 - Training failed for TLKM.JK 1d: (psycopg2.errors.UndefinedColumn) column "date" does not exist
LINE 2:             SELECT date, open, high, low, close, volume 
                           ^

[SQL: 
            SELECT date, open, high, low, close, volume 
            FROM stock_prices 
            WHERE stock_id = %(stock_id)s 
            AND interval = %(interval)s
            ORDER BY date ASC
        ]
[parameters: {'stock_id': 3, 'interval': '1d'}]
(Background on this error at: https://sqlalche.me/e/20/f405)
2025-12-13 20:12:47.612 | INFO     | __main__:<module>:379 - --- Training TLKM.JK [1h] ---
2025-12-13 20:12:47.614 | INFO     | __main__:run_pipeline:26 - Starting pipeline for TLKM.JK (1h)
2025-12-13 20:12:47.614 | INFO     | src.data_collection.stock_collector:fetch_history:49 - Fetching 3650 days of history for TLKM.JK with interval 1h
2025-12-13 20:12:48.918 | INFO     | src.data_collection.stock_collector:fetch_history:136 - Successfully updated 4846 1h records for TLKM.JK
2025-12-13 20:12:48.923 | INFO     | src.data_collection.stock_collector:fetch_history:49 - Fetching 3650 days of history for ^JKSE with interval 1h
2025-12-13 20:12:49.337 | ERROR    | src.data_collection.stock_collector:fetch_history:141 - Failed to fetch/save history for ^JKSE: 'NoneType' object is not subscriptable
2025-12-13 20:12:49.341 | INFO     | src.data_collection.stock_collector:fetch_history:49 - Fetching 3650 days of history for IDR=X with interval 1h
2025-12-13 20:12:49.700 | ERROR    | src.data_collection.stock_collector:fetch_history:141 - Failed to fetch/save history for IDR=X: 'NoneType' object is not subscriptable
2025-12-13 20:12:49.705 | ERROR    | __main__:<module>:383 - Training failed for TLKM.JK 1h: (psycopg2.errors.UndefinedColumn) column "date" does not exist
LINE 2:             SELECT date, open, high, low, close, volume 
                           ^

[SQL: 
            SELECT date, open, high, low, close, volume 
            FROM stock_prices 
            WHERE stock_id = %(stock_id)s 
            AND interval = %(interval)s
            ORDER BY date ASC
        ]
[parameters: {'stock_id': 3, 'interval': '1h'}]
(Background on this error at: https://sqlalche.me/e/20/f405)
2025-12-13 20:12:49.705 | INFO     | __main__:<module>:379 - --- Training TLKM.JK [15m] ---
2025-12-13 20:12:49.707 | INFO     | __main__:run_pipeline:26 - Starting pipeline for TLKM.JK (15m)
2025-12-13 20:12:49.707 | INFO     | src.data_collection.stock_collector:fetch_history:49 - Fetching 3650 days of history for TLKM.JK with interval 15m
2025-12-13 20:12:50.165 | INFO     | src.data_collection.stock_collector:fetch_history:136 - Successfully updated 1177 15m records for TLKM.JK
2025-12-13 20:12:50.170 | INFO     | src.data_collection.stock_collector:fetch_history:49 - Fetching 3650 days of history for ^JKSE with interval 15m
2025-12-13 20:12:50.420 | ERROR    | src.data_collection.stock_collector:fetch_history:141 - Failed to fetch/save history for ^JKSE: 'NoneType' object is not subscriptable
2025-12-13 20:12:50.421 | INFO     | src.data_collection.stock_collector:fetch_history:49 - Fetching 3650 days of history for IDR=X with interval 15m
2025-12-13 20:12:50.637 | ERROR    | src.data_collection.stock_collector:fetch_history:141 - Failed to fetch/save history for IDR=X: 'NoneType' object is not subscriptable
2025-12-13 20:12:50.640 | ERROR    | __main__:<module>:383 - Training failed for TLKM.JK 15m: (psycopg2.errors.UndefinedColumn) column "date" does not exist
LINE 2:             SELECT date, open, high, low, close, volume 
                           ^

[SQL: 
            SELECT date, open, high, low, close, volume 
            FROM stock_prices 
            WHERE stock_id = %(stock_id)s 
            AND interval = %(interval)s
            ORDER BY date ASC
        ]
[parameters: {'stock_id': 3, 'interval': '15m'}]
(Background on this error at: https://sqlalche.me/e/20/f405)
2025-12-13 20:12:50.640 | INFO     | __main__:<module>:379 - --- Training ASII.JK [1d] ---
2025-12-13 20:12:50.641 | INFO     | __main__:run_pipeline:26 - Starting pipeline for ASII.JK (1d)
2025-12-13 20:12:50.641 | INFO     | src.data_collection.stock_collector:fetch_history:49 - Fetching 3650 days of history for ASII.JK with interval 1d
2025-12-13 20:12:50.933 | INFO     | src.data_collection.news_collector:fetch_news:53 - Fetching Google News RSS for: ASII
2025-12-13 20:12:52.348 | INFO     | src.data_collection.news_collector:fetch_news:62 - Found 100 articles
2025-12-13 20:12:52.439 | INFO     | src.data_collection.news_collector:fetch_news:109 - Saved 10 new articles from Google News
2025-12-13 20:12:53.166 | INFO     | src.data_collection.stock_collector:fetch_history:136 - Successfully updated 2464 1d records for ASII.JK
2025-12-13 20:12:53.169 | INFO     | src.data_collection.stock_collector:fetch_history:49 - Fetching 3650 days of history for ^JKSE with interval 1d
2025-12-13 20:12:53.456 | ERROR    | src.data_collection.stock_collector:fetch_history:141 - Failed to fetch/save history for ^JKSE: 'NoneType' object is not subscriptable
2025-12-13 20:12:53.458 | INFO     | src.data_collection.stock_collector:fetch_history:49 - Fetching 3650 days of history for IDR=X with interval 1d
2025-12-13 20:12:53.657 | ERROR    | src.data_collection.stock_collector:fetch_history:141 - Failed to fetch/save history for IDR=X: 'NoneType' object is not subscriptable
2025-12-13 20:12:53.660 | ERROR    | __main__:<module>:383 - Training failed for ASII.JK 1d: (psycopg2.errors.UndefinedColumn) column "date" does not exist
LINE 2:             SELECT date, open, high, low, close, volume 
                           ^

[SQL: 
            SELECT date, open, high, low, close, volume 
            FROM stock_prices 
            WHERE stock_id = %(stock_id)s 
            AND interval = %(interval)s
            ORDER BY date ASC
        ]
[parameters: {'stock_id': 4, 'interval': '1d'}]
(Background on this error at: https://sqlalche.me/e/20/f405)
2025-12-13 20:12:53.660 | INFO     | __main__:<module>:379 - --- Training ASII.JK [1h] ---
2025-12-13 20:12:53.661 | INFO     | __main__:run_pipeline:26 - Starting pipeline for ASII.JK (1h)
2025-12-13 20:12:53.661 | INFO     | src.data_collection.stock_collector:fetch_history:49 - Fetching 3650 days of history for ASII.JK with interval 1h
2025-12-13 20:12:54.654 | INFO     | src.data_collection.stock_collector:fetch_history:136 - Successfully updated 4843 1h records for ASII.JK
2025-12-13 20:12:54.658 | INFO     | src.data_collection.stock_collector:fetch_history:49 - Fetching 3650 days of history for ^JKSE with interval 1h
2025-12-13 20:12:54.949 | ERROR    | src.data_collection.stock_collector:fetch_history:141 - Failed to fetch/save history for ^JKSE: 'NoneType' object is not subscriptable
2025-12-13 20:12:54.949 | INFO     | src.data_collection.stock_collector:fetch_history:49 - Fetching 3650 days of history for IDR=X with interval 1h
2025-12-13 20:12:55.122 | ERROR    | src.data_collection.stock_collector:fetch_history:141 - Failed to fetch/save history for IDR=X: 'NoneType' object is not subscriptable
2025-12-13 20:12:55.124 | ERROR    | __main__:<module>:383 - Training failed for ASII.JK 1h: (psycopg2.errors.UndefinedColumn) column "date" does not exist
LINE 2:             SELECT date, open, high, low, close, volume 
                           ^

[SQL: 
            SELECT date, open, high, low, close, volume 
            FROM stock_prices 
            WHERE stock_id = %(stock_id)s 
            AND interval = %(interval)s
            ORDER BY date ASC
        ]
[parameters: {'stock_id': 4, 'interval': '1h'}]
(Background on this error at: https://sqlalche.me/e/20/f405)
2025-12-13 20:12:55.125 | INFO     | __main__:<module>:379 - --- Training ASII.JK [15m] ---
2025-12-13 20:12:55.125 | INFO     | __main__:run_pipeline:26 - Starting pipeline for ASII.JK (15m)
2025-12-13 20:12:55.126 | INFO     | src.data_collection.stock_collector:fetch_history:49 - Fetching 3650 days of history for ASII.JK with interval 15m
2025-12-13 20:12:55.435 | INFO     | src.data_collection.stock_collector:fetch_history:136 - Successfully updated 1177 15m records for ASII.JK
2025-12-13 20:12:55.435 | INFO     | src.data_collection.stock_collector:fetch_history:49 - Fetching 3650 days of history for ^JKSE with interval 15m
2025-12-13 20:12:55.554 | ERROR    | src.data_collection.stock_collector:fetch_history:141 - Failed to fetch/save history for ^JKSE: 'NoneType' object is not subscriptable
2025-12-13 20:12:55.555 | INFO     | src.data_collection.stock_collector:fetch_history:49 - Fetching 3650 days of history for IDR=X with interval 15m
2025-12-13 20:12:55.684 | ERROR    | src.data_collection.stock_collector:fetch_history:141 - Failed to fetch/save history for IDR=X: 'NoneType' object is not subscriptable
2025-12-13 20:12:55.685 | ERROR    | __main__:<module>:383 - Training failed for ASII.JK 15m: (psycopg2.errors.UndefinedColumn) column "date" does not exist
LINE 2:             SELECT date, open, high, low, close, volume 
                           ^

[SQL: 
            SELECT date, open, high, low, close, volume 
            FROM stock_prices 
            WHERE stock_id = %(stock_id)s 
            AND interval = %(interval)s
            ORDER BY date ASC
        ]
[parameters: {'stock_id': 4, 'interval': '15m'}]
(Background on this error at: https://sqlalche.me/e/20/f405)
2025-12-13 20:12:55.686 | INFO     | __main__:<module>:379 - --- Training UNVR.JK [1d] ---
2025-12-13 20:12:55.686 | INFO     | __main__:run_pipeline:26 - Starting pipeline for UNVR.JK (1d)
2025-12-13 20:12:55.686 | INFO     | src.data_collection.stock_collector:fetch_history:49 - Fetching 3650 days of history for UNVR.JK with interval 1d
2025-12-13 20:12:55.899 | INFO     | src.data_collection.news_collector:fetch_news:53 - Fetching Google News RSS for: UNVR
2025-12-13 20:12:56.873 | INFO     | src.data_collection.news_collector:fetch_news:62 - Found 100 articles
2025-12-13 20:12:56.891 | INFO     | src.data_collection.news_collector:fetch_news:109 - Saved 10 new articles from Google News
2025-12-13 20:12:57.413 | INFO     | src.data_collection.stock_collector:fetch_history:136 - Successfully updated 2465 1d records for UNVR.JK
2025-12-13 20:12:57.415 | INFO     | src.data_collection.stock_collector:fetch_history:49 - Fetching 3650 days of history for ^JKSE with interval 1d
2025-12-13 20:12:57.973 | ERROR    | src.data_collection.stock_collector:fetch_history:141 - Failed to fetch/save history for ^JKSE: 'NoneType' object is not subscriptable
2025-12-13 20:12:57.979 | INFO     | src.data_collection.stock_collector:fetch_history:49 - Fetching 3650 days of history for IDR=X with interval 1d
2025-12-13 20:12:58.226 | ERROR    | src.data_collection.stock_collector:fetch_history:141 - Failed to fetch/save history for IDR=X: 'NoneType' object is not subscriptable
2025-12-13 20:12:58.233 | ERROR    | __main__:<module>:383 - Training failed for UNVR.JK 1d: (psycopg2.errors.UndefinedColumn) column "date" does not exist
LINE 2:             SELECT date, open, high, low, close, volume 
                           ^

[SQL: 
            SELECT date, open, high, low, close, volume 
            FROM stock_prices 
            WHERE stock_id = %(stock_id)s 
            AND interval = %(interval)s
            ORDER BY date ASC
        ]
[parameters: {'stock_id': 5, 'interval': '1d'}]
(Background on this error at: https://sqlalche.me/e/20/f405)
2025-12-13 20:12:58.233 | INFO     | __main__:<module>:379 - --- Training UNVR.JK [1h] ---
2025-12-13 20:12:58.234 | INFO     | __main__:run_pipeline:26 - Starting pipeline for UNVR.JK (1h)
2025-12-13 20:12:58.234 | INFO     | src.data_collection.stock_collector:fetch_history:49 - Fetching 3650 days of history for UNVR.JK with interval 1h
2025-12-13 20:12:59.348 | INFO     | src.data_collection.stock_collector:fetch_history:136 - Successfully updated 4844 1h records for UNVR.JK
2025-12-13 20:12:59.350 | INFO     | src.data_collection.stock_collector:fetch_history:49 - Fetching 3650 days of history for ^JKSE with interval 1h
2025-12-13 20:12:59.651 | ERROR    | src.data_collection.stock_collector:fetch_history:141 - Failed to fetch/save history for ^JKSE: 'NoneType' object is not subscriptable
2025-12-13 20:12:59.652 | INFO     | src.data_collection.stock_collector:fetch_history:49 - Fetching 3650 days of history for IDR=X with interval 1h
2025-12-13 20:12:59.809 | ERROR    | src.data_collection.stock_collector:fetch_history:141 - Failed to fetch/save history for IDR=X: 'NoneType' object is not subscriptable
2025-12-13 20:12:59.811 | ERROR    | __main__:<module>:383 - Training failed for UNVR.JK 1h: (psycopg2.errors.UndefinedColumn) column "date" does not exist
LINE 2:             SELECT date, open, high, low, close, volume 
                           ^

[SQL: 
            SELECT date, open, high, low, close, volume 
            FROM stock_prices 
            WHERE stock_id = %(stock_id)s 
            AND interval = %(interval)s
            ORDER BY date ASC
        ]
[parameters: {'stock_id': 5, 'interval': '1h'}]
(Background on this error at: https://sqlalche.me/e/20/f405)
2025-12-13 20:12:59.812 | INFO     | __main__:<module>:379 - --- Training UNVR.JK [15m] ---
2025-12-13 20:12:59.813 | INFO     | __main__:run_pipeline:26 - Starting pipeline for UNVR.JK (15m)
2025-12-13 20:12:59.814 | INFO     | src.data_collection.stock_collector:fetch_history:49 - Fetching 3650 days of history for UNVR.JK with interval 15m
2025-12-13 20:13:00.272 | INFO     | src.data_collection.stock_collector:fetch_history:136 - Successfully updated 1177 15m records for UNVR.JK
2025-12-13 20:13:00.275 | INFO     | src.data_collection.stock_collector:fetch_history:49 - Fetching 3650 days of history for ^JKSE with interval 15m
2025-12-13 20:13:00.427 | ERROR    | src.data_collection.stock_collector:fetch_history:141 - Failed to fetch/save history for ^JKSE: 'NoneType' object is not subscriptable
2025-12-13 20:13:00.429 | INFO     | src.data_collection.stock_collector:fetch_history:49 - Fetching 3650 days of history for IDR=X with interval 15m
2025-12-13 20:13:00.559 | ERROR    | src.data_collection.stock_collector:fetch_history:141 - Failed to fetch/save history for IDR=X: 'NoneType' object is not subscriptable
2025-12-13 20:13:00.561 | ERROR    | __main__:<module>:383 - Training failed for UNVR.JK 15m: (psycopg2.errors.UndefinedColumn) column "date" does not exist
LINE 2:             SELECT date, open, high, low, close, volume 
                           ^

[SQL: 
            SELECT date, open, high, low, close, volume 
            FROM stock_prices 
            WHERE stock_id = %(stock_id)s 
            AND interval = %(interval)s
            ORDER BY date ASC
        ]
[parameters: {'stock_id': 5, 'interval': '15m'}]
(Background on this error at: https://sqlalche.me/e/20/f405)
2025-12-13 20:13:00.561 | INFO     | __main__:<module>:385 - Cycle completed. Sleeping for 1 hour...
2025-12-13 20:19:38.530 | INFO     | __main__:<module>:374 - Starting Continuous Model Trainer...
2025-12-13 20:19:38.532 | INFO     | __main__:<module>:381 - --- Training BBCA.JK [1d] ---
2025-12-13 20:19:38.534 | INFO     | __main__:run_pipeline:26 - Starting pipeline for BBCA.JK (1d)
2025-12-13 20:19:38.534 | INFO     | src.data_collection.stock_collector:fetch_history:49 - Fetching 3650 days of history for BBCA.JK with interval 1d
2025-12-13 20:19:39.777 | INFO     | src.data_collection.news_collector:fetch_news:53 - Fetching Google News RSS for: BBCA
2025-12-13 20:19:41.031 | INFO     | src.data_collection.news_collector:fetch_news:62 - Found 100 articles
2025-12-13 20:19:41.060 | INFO     | src.data_collection.news_collector:fetch_news:109 - Saved 10 new articles from Google News
2025-12-13 20:19:41.729 | INFO     | src.data_collection.stock_collector:fetch_history:136 - Successfully updated 2465 1d records for BBCA.JK
2025-12-13 20:19:41.734 | INFO     | src.data_collection.stock_collector:fetch_history:49 - Fetching 3650 days of history for ^JKSE with interval 1d
2025-12-13 20:19:42.025 | ERROR    | src.data_collection.stock_collector:fetch_history:141 - Failed to fetch/save history for ^JKSE: 'NoneType' object is not subscriptable
2025-12-13 20:19:42.027 | INFO     | src.data_collection.stock_collector:fetch_history:49 - Fetching 3650 days of history for IDR=X with interval 1d
2025-12-13 20:19:42.192 | ERROR    | src.data_collection.stock_collector:fetch_history:141 - Failed to fetch/save history for IDR=X: 'NoneType' object is not subscriptable
2025-12-13 20:19:43.315 | INFO     | src.models.lstm_model:train:50 - Training LSTM model with 2711 samples
2025-12-13 20:20:01.426 | INFO     | __main__:run_pipeline:182 - LSTM Results - MSE: 0.0006444942980286204, RMSE: 0.025386892248335957, MAE: 0.07554658960276314
2025-12-13 20:20:01.488 | INFO     | src.models.lstm_model:save:67 - Model saved to data/models/BBCA.JK_1d_lstm.h5
2025-12-13 20:20:01.489 | INFO     | __main__:run_pipeline:199 - DEBUG: len(df)=3449, len(X_train)=2711, seq_len=60, start_idx=2771
2025-12-13 20:20:01.490 | INFO     | __main__:run_pipeline:204 - DEBUG: len(test_dates)=678, len(preds)=678
2025-12-13 20:20:01.870 | INFO     | __main__:run_pipeline:306 - Model performance & metadata saved. Accuracy: 0.51
2025-12-13 20:20:01.877 | INFO     | src.models.xgboost_model:train:19 - Training XGBoost model with 2711 samples
2025-12-13 20:20:06.267 | INFO     | __main__:run_pipeline:342 - XGBoost Results - MSE: 0.015594465591015282, RMSE: 0.12487780263527734, MAE: 0.10542438041051974
2025-12-13 20:20:06.282 | INFO     | src.models.xgboost_model:save:29 - XGBoost model saved to data/models/BBCA.JK_1d_xgb.joblib
2025-12-13 20:20:06.339 | INFO     | __main__:<module>:381 - --- Training BBCA.JK [1h] ---
2025-12-13 20:20:06.341 | INFO     | __main__:run_pipeline:26 - Starting pipeline for BBCA.JK (1h)
2025-12-13 20:20:06.341 | INFO     | src.data_collection.stock_collector:fetch_history:49 - Fetching 3650 days of history for BBCA.JK with interval 1h
2025-12-13 20:20:07.334 | INFO     | src.data_collection.stock_collector:fetch_history:136 - Successfully updated 4852 1h records for BBCA.JK
2025-12-13 20:20:07.335 | INFO     | src.data_collection.stock_collector:fetch_history:49 - Fetching 3650 days of history for ^JKSE with interval 1h
2025-12-13 20:20:08.341 | INFO     | src.data_collection.stock_collector:fetch_history:136 - Successfully updated 5012 1h records for ^JKSE
2025-12-13 20:20:08.342 | INFO     | src.data_collection.stock_collector:fetch_history:49 - Fetching 3650 days of history for IDR=X with interval 1h
2025-12-13 20:20:10.984 | INFO     | src.data_collection.stock_collector:fetch_history:136 - Successfully updated 10567 1h records for IDR=X
2025-12-13 20:20:11.476 | INFO     | src.models.lstm_model:train:50 - Training LSTM model with 3673 samples
2025-12-13 20:20:25.686 | INFO     | __main__:run_pipeline:182 - LSTM Results - MSE: 0.001520055921549085, RMSE: 0.038987894551374344, MAE: 0.13751402770257476
2025-12-13 20:20:25.727 | INFO     | src.models.lstm_model:save:67 - Model saved to data/models/BBCA.JK_1h_lstm.h5
2025-12-13 20:20:25.728 | INFO     | __main__:run_pipeline:199 - DEBUG: len(df)=4652, len(X_train)=3673, seq_len=60, start_idx=3733
2025-12-13 20:20:25.729 | INFO     | __main__:run_pipeline:204 - DEBUG: len(test_dates)=919, len(preds)=919
2025-12-13 20:20:26.117 | INFO     | __main__:run_pipeline:306 - Model performance & metadata saved. Accuracy: 0.40
2025-12-13 20:20:26.122 | INFO     | src.models.xgboost_model:train:19 - Training XGBoost model with 3673 samples
2025-12-13 20:20:26.463 | INFO     | src.training.trainer:run_pipeline:26 - Starting pipeline for BBCA.JK (1d)
2025-12-13 20:20:26.470 | INFO     | src.data_collection.stock_collector:fetch_history:49 - Fetching 3650 days of history for BBCA.JK with interval 1d
2025-12-13 20:20:29.191 | INFO     | src.data_collection.news_collector:fetch_news:53 - Fetching Google News RSS for: BBCA
2025-12-13 20:20:29.732 | INFO     | src.data_collection.news_collector:fetch_news:62 - Found 100 articles
2025-12-13 20:20:29.746 | INFO     | src.data_collection.news_collector:fetch_news:109 - Saved 10 new articles from Google News
2025-12-13 20:20:31.081 | INFO     | src.data_collection.stock_collector:fetch_history:136 - Successfully updated 2465 1d records for BBCA.JK
2025-12-13 20:20:31.098 | INFO     | src.data_collection.stock_collector:fetch_history:49 - Fetching 3650 days of history for ^JKSE with interval 1d
2025-12-13 20:20:31.429 | INFO     | src.data_collection.news_collector:fetch_news:53 - Fetching Google News RSS for: ^JKSE
2025-12-13 20:20:31.969 | INFO     | src.data_collection.news_collector:fetch_news:62 - Found 36 articles
2025-12-13 20:20:32.006 | INFO     | src.data_collection.news_collector:fetch_news:109 - Saved 10 new articles from Google News
2025-12-13 20:20:32.684 | INFO     | src.data_collection.stock_collector:fetch_history:136 - Successfully updated 2416 1d records for ^JKSE
2025-12-13 20:20:32.687 | INFO     | src.data_collection.stock_collector:fetch_history:49 - Fetching 3650 days of history for IDR=X with interval 1d
2025-12-13 20:20:32.745 | INFO     | __main__:run_pipeline:342 - XGBoost Results - MSE: 0.007827018774063901, RMSE: 0.08847044011455973, MAE: 0.05120003109391535
2025-12-13 20:20:32.755 | INFO     | src.models.xgboost_model:save:29 - XGBoost model saved to data/models/BBCA.JK_1h_xgb.joblib
2025-12-13 20:20:32.802 | INFO     | __main__:<module>:381 - --- Training BBCA.JK [15m] ---
2025-12-13 20:20:32.804 | INFO     | __main__:run_pipeline:26 - Starting pipeline for BBCA.JK (15m)
2025-12-13 20:20:32.805 | INFO     | src.data_collection.stock_collector:fetch_history:49 - Fetching 3650 days of history for BBCA.JK with interval 15m
2025-12-13 20:20:32.964 | INFO     | src.data_collection.news_collector:fetch_news:53 - Fetching Google News RSS for: IDR=X
2025-12-13 20:20:33.219 | INFO     | src.data_collection.stock_collector:fetch_history:136 - Successfully updated 1177 15m records for BBCA.JK
2025-12-13 20:20:33.220 | INFO     | src.data_collection.stock_collector:fetch_history:49 - Fetching 3650 days of history for ^JKSE with interval 15m
2025-12-13 20:20:33.341 | INFO     | src.data_collection.news_collector:fetch_news:62 - Found 24 articles
2025-12-13 20:20:33.345 | INFO     | src.data_collection.news_collector:fetch_news:109 - Saved 10 new articles from Google News
2025-12-13 20:20:33.667 | INFO     | src.data_collection.stock_collector:fetch_history:136 - Successfully updated 1186 15m records for ^JKSE
2025-12-13 20:20:33.668 | INFO     | src.data_collection.stock_collector:fetch_history:49 - Fetching 3650 days of history for IDR=X with interval 15m
2025-12-13 20:20:33.758 | INFO     | src.data_collection.stock_collector:fetch_history:136 - Successfully updated 2603 1d records for IDR=X
2025-12-13 20:20:34.169 | INFO     | src.data_collection.stock_collector:fetch_history:136 - Successfully updated 1494 15m records for IDR=X
2025-12-13 20:20:34.880 | INFO     | src.models.lstm_model:train:50 - Training LSTM model with 2711 samples
2025-12-13 20:20:35.072 | INFO     | src.models.lstm_model:train:50 - Training LSTM model with 733 samples
2025-12-13 20:20:43.837 | INFO     | __main__:run_pipeline:182 - LSTM Results - MSE: 0.0014824098190476269, RMSE: 0.038502075516102074, MAE: 0.09661998908469878
2025-12-13 20:20:43.880 | INFO     | src.models.lstm_model:save:67 - Model saved to data/models/BBCA.JK_15m_lstm.h5
2025-12-13 20:20:43.881 | INFO     | __main__:run_pipeline:199 - DEBUG: len(df)=977, len(X_train)=733, seq_len=60, start_idx=793
2025-12-13 20:20:43.883 | INFO     | __main__:run_pipeline:204 - DEBUG: len(test_dates)=184, len(preds)=184
2025-12-13 20:20:44.008 | INFO     | __main__:run_pipeline:306 - Model performance & metadata saved. Accuracy: 0.53
2025-12-13 20:20:44.009 | INFO     | src.models.xgboost_model:train:19 - Training XGBoost model with 733 samples
2025-12-13 20:20:46.185 | INFO     | __main__:run_pipeline:342 - XGBoost Results - MSE: 0.01882348753226833, RMSE: 0.1371987154905917, MAE: 0.106206854911042
2025-12-13 20:20:46.194 | INFO     | src.models.xgboost_model:save:29 - XGBoost model saved to data/models/BBCA.JK_15m_xgb.joblib
2025-12-13 20:20:46.209 | INFO     | __main__:<module>:381 - --- Training BBRI.JK [1d] ---
2025-12-13 20:20:46.210 | INFO     | __main__:run_pipeline:26 - Starting pipeline for BBRI.JK (1d)
2025-12-13 20:20:46.211 | INFO     | src.data_collection.stock_collector:fetch_history:49 - Fetching 3650 days of history for BBRI.JK with interval 1d
2025-12-13 20:20:46.530 | INFO     | src.data_collection.news_collector:fetch_news:53 - Fetching Google News RSS for: BBRI
2025-12-13 20:20:47.000 | INFO     | src.data_collection.news_collector:fetch_news:62 - Found 100 articles
2025-12-13 20:20:47.005 | INFO     | src.data_collection.news_collector:fetch_news:109 - Saved 10 new articles from Google News
2025-12-13 20:20:47.373 | INFO     | src.data_collection.stock_collector:fetch_history:136 - Successfully updated 2465 1d records for BBRI.JK
2025-12-13 20:20:47.374 | INFO     | src.data_collection.stock_collector:fetch_history:49 - Fetching 3650 days of history for ^JKSE with interval 1d
2025-12-13 20:20:47.633 | INFO     | src.data_collection.news_collector:fetch_news:53 - Fetching Google News RSS for: ^JKSE
2025-12-13 20:20:48.051 | INFO     | src.data_collection.news_collector:fetch_news:62 - Found 36 articles
2025-12-13 20:20:48.058 | INFO     | src.data_collection.news_collector:fetch_news:109 - Saved 10 new articles from Google News
2025-12-13 20:20:48.547 | INFO     | src.data_collection.stock_collector:fetch_history:136 - Successfully updated 2416 1d records for ^JKSE
2025-12-13 20:20:48.552 | INFO     | src.data_collection.stock_collector:fetch_history:49 - Fetching 3650 days of history for IDR=X with interval 1d
2025-12-13 20:20:48.841 | INFO     | src.data_collection.news_collector:fetch_news:53 - Fetching Google News RSS for: IDR=X
2025-12-13 20:20:49.353 | INFO     | src.data_collection.news_collector:fetch_news:62 - Found 24 articles
2025-12-13 20:20:49.377 | INFO     | src.data_collection.news_collector:fetch_news:109 - Saved 10 new articles from Google News
2025-12-13 20:20:49.914 | INFO     | src.data_collection.stock_collector:fetch_history:136 - Successfully updated 2603 1d records for IDR=X
2025-12-13 20:20:50.602 | INFO     | src.models.lstm_model:train:50 - Training LSTM model with 2711 samples
2025-12-13 20:20:52.464 | INFO     | src.training.trainer:run_pipeline:182 - LSTM Results - MSE: 0.0007316587668007611, RMSE: 0.02704919161085523, MAE: 0.07469024397463342
2025-12-13 20:20:52.652 | INFO     | src.models.lstm_model:save:67 - Model saved to data/models/BBCA.JK_1d_lstm.h5
2025-12-13 20:20:52.653 | INFO     | src.training.trainer:run_pipeline:199 - DEBUG: len(df)=3449, len(X_train)=2711, seq_len=60, start_idx=2771
2025-12-13 20:20:52.654 | INFO     | src.training.trainer:run_pipeline:204 - DEBUG: len(test_dates)=678, len(preds)=678
2025-12-13 20:20:53.296 | INFO     | src.training.trainer:run_pipeline:306 - Model performance & metadata saved. Accuracy: 0.52
2025-12-13 20:20:53.299 | INFO     | src.models.xgboost_model:train:19 - Training XGBoost model with 2711 samples
2025-12-13 20:20:57.806 | INFO     | src.training.trainer:run_pipeline:342 - XGBoost Results - MSE: 0.015042965783974592, RMSE: 0.12264976878891616, MAE: 0.10408909218306282
2025-12-13 20:20:57.820 | INFO     | src.models.xgboost_model:save:29 - XGBoost model saved to data/models/BBCA.JK_1d_xgb.joblib
2025-12-13 20:21:03.002 | INFO     | __main__:run_pipeline:182 - LSTM Results - MSE: 0.0018087066227945492, RMSE: 0.04252889162433638, MAE: 0.10060492475395019
2025-12-13 20:21:03.033 | INFO     | src.models.lstm_model:save:67 - Model saved to data/models/BBRI.JK_1d_lstm.h5
2025-12-13 20:21:03.033 | INFO     | __main__:run_pipeline:199 - DEBUG: len(df)=3449, len(X_train)=2711, seq_len=60, start_idx=2771
2025-12-13 20:21:03.035 | INFO     | __main__:run_pipeline:204 - DEBUG: len(test_dates)=678, len(preds)=678
2025-12-13 20:21:03.316 | INFO     | __main__:run_pipeline:306 - Model performance & metadata saved. Accuracy: 0.52
2025-12-13 20:21:03.318 | INFO     | src.models.xgboost_model:train:19 - Training XGBoost model with 2711 samples
2025-12-13 20:21:06.027 | INFO     | __main__:run_pipeline:342 - XGBoost Results - MSE: 0.016266123377905357, RMSE: 0.12753871325172353, MAE: 0.09649892600529882
2025-12-13 20:21:06.031 | INFO     | src.models.xgboost_model:save:29 - XGBoost model saved to data/models/BBRI.JK_1d_xgb.joblib
2025-12-13 20:21:06.043 | INFO     | __main__:<module>:381 - --- Training BBRI.JK [1h] ---
2025-12-13 20:21:06.044 | INFO     | __main__:run_pipeline:26 - Starting pipeline for BBRI.JK (1h)
2025-12-13 20:21:06.044 | INFO     | src.data_collection.stock_collector:fetch_history:49 - Fetching 3650 days of history for BBRI.JK with interval 1h
2025-12-13 20:21:07.221 | INFO     | src.data_collection.stock_collector:fetch_history:136 - Successfully updated 4853 1h records for BBRI.JK
2025-12-13 20:21:07.223 | INFO     | src.data_collection.stock_collector:fetch_history:49 - Fetching 3650 days of history for ^JKSE with interval 1h
2025-12-13 20:21:08.292 | INFO     | src.data_collection.stock_collector:fetch_history:136 - Successfully updated 5012 1h records for ^JKSE
2025-12-13 20:21:08.296 | INFO     | src.data_collection.stock_collector:fetch_history:49 - Fetching 3650 days of history for IDR=X with interval 1h
2025-12-13 20:21:10.808 | INFO     | src.data_collection.stock_collector:fetch_history:136 - Successfully updated 10567 1h records for IDR=X
2025-12-13 20:21:11.367 | INFO     | src.models.lstm_model:train:50 - Training LSTM model with 3674 samples
2025-12-13 20:21:24.221 | INFO     | __main__:run_pipeline:182 - LSTM Results - MSE: 0.0004270287126477425, RMSE: 0.020664673059299594, MAE: 0.06999408008548179
2025-12-13 20:21:24.252 | INFO     | src.models.lstm_model:save:67 - Model saved to data/models/BBRI.JK_1h_lstm.h5
2025-12-13 20:21:24.253 | INFO     | __main__:run_pipeline:199 - DEBUG: len(df)=4653, len(X_train)=3674, seq_len=60, start_idx=3734
2025-12-13 20:21:24.254 | INFO     | __main__:run_pipeline:204 - DEBUG: len(test_dates)=919, len(preds)=919
2025-12-13 20:21:24.739 | INFO     | __main__:run_pipeline:306 - Model performance & metadata saved. Accuracy: 0.45
2025-12-13 20:21:24.742 | INFO     | src.models.xgboost_model:train:19 - Training XGBoost model with 3674 samples
2025-12-13 20:21:27.398 | INFO     | __main__:run_pipeline:342 - XGBoost Results - MSE: 0.00044746972219645735, RMSE: 0.021153480143854753, MAE: 0.015900214090000284
2025-12-13 20:21:27.406 | INFO     | src.models.xgboost_model:save:29 - XGBoost model saved to data/models/BBRI.JK_1h_xgb.joblib
2025-12-13 20:21:27.456 | INFO     | __main__:<module>:381 - --- Training BBRI.JK [15m] ---
2025-12-13 20:21:27.458 | INFO     | __main__:run_pipeline:26 - Starting pipeline for BBRI.JK (15m)
2025-12-13 20:21:27.458 | INFO     | src.data_collection.stock_collector:fetch_history:49 - Fetching 3650 days of history for BBRI.JK with interval 15m
2025-12-13 20:21:27.929 | INFO     | src.data_collection.stock_collector:fetch_history:136 - Successfully updated 1177 15m records for BBRI.JK
2025-12-13 20:21:27.930 | INFO     | src.data_collection.stock_collector:fetch_history:49 - Fetching 3650 days of history for ^JKSE with interval 15m
2025-12-13 20:21:28.345 | INFO     | src.data_collection.stock_collector:fetch_history:136 - Successfully updated 1186 15m records for ^JKSE
2025-12-13 20:21:28.346 | INFO     | src.data_collection.stock_collector:fetch_history:49 - Fetching 3650 days of history for IDR=X with interval 15m
2025-12-13 20:21:28.800 | INFO     | src.data_collection.stock_collector:fetch_history:136 - Successfully updated 1494 15m records for IDR=X
2025-12-13 20:21:29.284 | INFO     | src.models.lstm_model:train:50 - Training LSTM model with 733 samples
2025-12-13 20:21:33.487 | INFO     | __main__:run_pipeline:182 - LSTM Results - MSE: 0.0013332271705404114, RMSE: 0.036513383444162106, MAE: 0.051820556717530976
2025-12-13 20:21:33.513 | INFO     | src.models.lstm_model:save:67 - Model saved to data/models/BBRI.JK_15m_lstm.h5
2025-12-13 20:21:33.514 | INFO     | __main__:run_pipeline:199 - DEBUG: len(df)=977, len(X_train)=733, seq_len=60, start_idx=793
2025-12-13 20:21:33.514 | INFO     | __main__:run_pipeline:204 - DEBUG: len(test_dates)=184, len(preds)=184
2025-12-13 20:21:33.602 | INFO     | __main__:run_pipeline:306 - Model performance & metadata saved. Accuracy: 0.58
2025-12-13 20:21:33.603 | INFO     | src.models.xgboost_model:train:19 - Training XGBoost model with 733 samples
2025-12-13 20:21:34.844 | INFO     | __main__:run_pipeline:342 - XGBoost Results - MSE: 0.008172373297646052, RMSE: 0.09040117973591967, MAE: 0.07893821992139284
2025-12-13 20:21:34.851 | INFO     | src.models.xgboost_model:save:29 - XGBoost model saved to data/models/BBRI.JK_15m_xgb.joblib
2025-12-13 20:21:34.861 | INFO     | __main__:<module>:381 - --- Training TLKM.JK [1d] ---
2025-12-13 20:21:34.862 | INFO     | __main__:run_pipeline:26 - Starting pipeline for TLKM.JK (1d)
2025-12-13 20:21:34.862 | INFO     | src.data_collection.stock_collector:fetch_history:49 - Fetching 3650 days of history for TLKM.JK with interval 1d
2025-12-13 20:21:35.178 | INFO     | src.data_collection.news_collector:fetch_news:53 - Fetching Google News RSS for: TLKM
2025-12-13 20:21:35.678 | INFO     | src.data_collection.news_collector:fetch_news:62 - Found 100 articles
2025-12-13 20:21:35.683 | INFO     | src.data_collection.news_collector:fetch_news:109 - Saved 10 new articles from Google News
2025-12-13 20:21:36.011 | INFO     | src.data_collection.stock_collector:fetch_history:136 - Successfully updated 2464 1d records for TLKM.JK
2025-12-13 20:21:36.012 | INFO     | src.data_collection.stock_collector:fetch_history:49 - Fetching 3650 days of history for ^JKSE with interval 1d
2025-12-13 20:21:36.293 | INFO     | src.data_collection.news_collector:fetch_news:53 - Fetching Google News RSS for: ^JKSE
2025-12-13 20:21:36.711 | INFO     | src.data_collection.news_collector:fetch_news:62 - Found 36 articles
2025-12-13 20:21:36.716 | INFO     | src.data_collection.news_collector:fetch_news:109 - Saved 10 new articles from Google News
2025-12-13 20:21:37.052 | INFO     | src.data_collection.stock_collector:fetch_history:136 - Successfully updated 2416 1d records for ^JKSE
2025-12-13 20:21:37.053 | INFO     | src.data_collection.stock_collector:fetch_history:49 - Fetching 3650 days of history for IDR=X with interval 1d
2025-12-13 20:21:37.419 | INFO     | src.data_collection.news_collector:fetch_news:53 - Fetching Google News RSS for: IDR=X
2025-12-13 20:21:37.824 | INFO     | src.data_collection.news_collector:fetch_news:62 - Found 24 articles
2025-12-13 20:21:37.827 | INFO     | src.data_collection.news_collector:fetch_news:109 - Saved 10 new articles from Google News
2025-12-13 20:21:38.227 | INFO     | src.data_collection.stock_collector:fetch_history:136 - Successfully updated 2603 1d records for IDR=X
2025-12-13 20:21:38.618 | INFO     | src.models.lstm_model:train:50 - Training LSTM model with 2710 samples
2025-12-13 20:21:47.964 | INFO     | __main__:run_pipeline:182 - LSTM Results - MSE: 0.0012623664070417619, RMSE: 0.035529796045597584, MAE: 0.14512589927133546
2025-12-13 20:21:48.081 | INFO     | src.models.lstm_model:save:67 - Model saved to data/models/TLKM.JK_1d_lstm.h5
2025-12-13 20:21:48.084 | INFO     | __main__:run_pipeline:199 - DEBUG: len(df)=3448, len(X_train)=2710, seq_len=60, start_idx=2770
2025-12-13 20:21:48.085 | INFO     | __main__:run_pipeline:204 - DEBUG: len(test_dates)=678, len(preds)=678
2025-12-13 20:21:48.426 | INFO     | __main__:run_pipeline:306 - Model performance & metadata saved. Accuracy: 0.55
2025-12-13 20:21:48.427 | INFO     | src.models.xgboost_model:train:19 - Training XGBoost model with 2710 samples
2025-12-13 20:21:52.750 | INFO     | __main__:run_pipeline:342 - XGBoost Results - MSE: 0.0007636451460645257, RMSE: 0.027634130094224527, MAE: 0.02142021958074059
2025-12-13 20:21:52.756 | INFO     | src.models.xgboost_model:save:29 - XGBoost model saved to data/models/TLKM.JK_1d_xgb.joblib
2025-12-13 20:21:52.787 | INFO     | __main__:<module>:381 - --- Training TLKM.JK [1h] ---
2025-12-13 20:21:52.788 | INFO     | __main__:run_pipeline:26 - Starting pipeline for TLKM.JK (1h)
2025-12-13 20:21:52.788 | INFO     | src.data_collection.stock_collector:fetch_history:49 - Fetching 3650 days of history for TLKM.JK with interval 1h
2025-12-13 20:21:53.858 | INFO     | src.data_collection.stock_collector:fetch_history:136 - Successfully updated 4846 1h records for TLKM.JK
2025-12-13 20:21:53.865 | INFO     | src.data_collection.stock_collector:fetch_history:49 - Fetching 3650 days of history for ^JKSE with interval 1h
2025-12-13 20:21:54.868 | INFO     | src.data_collection.stock_collector:fetch_history:136 - Successfully updated 5012 1h records for ^JKSE
2025-12-13 20:21:54.869 | INFO     | src.data_collection.stock_collector:fetch_history:49 - Fetching 3650 days of history for IDR=X with interval 1h
2025-12-13 20:21:56.639 | INFO     | src.data_collection.stock_collector:fetch_history:136 - Successfully updated 10567 1h records for IDR=X
2025-12-13 20:21:57.078 | INFO     | src.models.lstm_model:train:50 - Training LSTM model with 3668 samples
2025-12-13 20:22:10.392 | INFO     | __main__:run_pipeline:182 - LSTM Results - MSE: 0.003757702906562236, RMSE: 0.061300105273663565, MAE: 0.15366996408049735
2025-12-13 20:22:10.425 | INFO     | src.models.lstm_model:save:67 - Model saved to data/models/TLKM.JK_1h_lstm.h5
2025-12-13 20:22:10.425 | INFO     | __main__:run_pipeline:199 - DEBUG: len(df)=4646, len(X_train)=3668, seq_len=60, start_idx=3728
2025-12-13 20:22:10.426 | INFO     | __main__:run_pipeline:204 - DEBUG: len(test_dates)=918, len(preds)=918
2025-12-13 20:22:10.826 | INFO     | __main__:run_pipeline:306 - Model performance & metadata saved. Accuracy: 0.60
2025-12-13 20:22:10.827 | INFO     | src.models.xgboost_model:train:19 - Training XGBoost model with 3668 samples
2025-12-13 20:22:14.048 | INFO     | __main__:run_pipeline:342 - XGBoost Results - MSE: 0.0004876666639727299, RMSE: 0.022083176039073952, MAE: 0.015140412127284853
2025-12-13 20:22:14.055 | INFO     | src.models.xgboost_model:save:29 - XGBoost model saved to data/models/TLKM.JK_1h_xgb.joblib
2025-12-13 20:22:14.082 | INFO     | __main__:<module>:381 - --- Training TLKM.JK [15m] ---
2025-12-13 20:22:14.084 | INFO     | __main__:run_pipeline:26 - Starting pipeline for TLKM.JK (15m)
2025-12-13 20:22:14.084 | INFO     | src.data_collection.stock_collector:fetch_history:49 - Fetching 3650 days of history for TLKM.JK with interval 15m
2025-12-13 20:22:14.536 | INFO     | src.data_collection.stock_collector:fetch_history:136 - Successfully updated 1177 15m records for TLKM.JK
2025-12-13 20:22:14.536 | INFO     | src.data_collection.stock_collector:fetch_history:49 - Fetching 3650 days of history for ^JKSE with interval 15m
2025-12-13 20:22:14.948 | INFO     | src.data_collection.stock_collector:fetch_history:136 - Successfully updated 1186 15m records for ^JKSE
2025-12-13 20:22:14.949 | INFO     | src.data_collection.stock_collector:fetch_history:49 - Fetching 3650 days of history for IDR=X with interval 15m
2025-12-13 20:22:15.442 | INFO     | src.data_collection.stock_collector:fetch_history:136 - Successfully updated 1494 15m records for IDR=X
2025-12-13 20:22:15.778 | INFO     | src.models.lstm_model:train:50 - Training LSTM model with 733 samples
2025-12-13 20:22:18.314 | ERROR    | src.api.main:predict:227 - Prediction error: in user code:

    File "/usr/local/lib/python3.10/site-packages/keras/src/engine/training.py", line 2440, in predict_function  *
        return step_function(self, iterator)
    File "/usr/local/lib/python3.10/site-packages/keras/src/engine/training.py", line 2425, in step_function  **
        outputs = model.distribute_strategy.run(run_step, args=(data,))
    File "/usr/local/lib/python3.10/site-packages/keras/src/engine/training.py", line 2413, in run_step  **
        outputs = model.predict_step(data)
    File "/usr/local/lib/python3.10/site-packages/keras/src/engine/training.py", line 2381, in predict_step
        return self(x, training=False)
    File "/usr/local/lib/python3.10/site-packages/keras/src/utils/traceback_utils.py", line 70, in error_handler
        raise e.with_traceback(filtered_tb) from None
    File "/usr/local/lib/python3.10/site-packages/keras/src/engine/input_spec.py", line 298, in assert_input_compatibility
        raise ValueError(

    ValueError: Input 0 of layer "sequential" is incompatible with the layer: expected shape=(None, 60, 13), found shape=(None, 60, 11)

2025-12-13 20:22:20.420 | INFO     | __main__:run_pipeline:182 - LSTM Results - MSE: 0.0026895665823107565, RMSE: 0.05186103144279678, MAE: 0.05596726151408454
2025-12-13 20:22:20.454 | INFO     | src.models.lstm_model:save:67 - Model saved to data/models/TLKM.JK_15m_lstm.h5
2025-12-13 20:22:20.454 | INFO     | __main__:run_pipeline:199 - DEBUG: len(df)=977, len(X_train)=733, seq_len=60, start_idx=793
2025-12-13 20:22:20.455 | INFO     | __main__:run_pipeline:204 - DEBUG: len(test_dates)=184, len(preds)=184
2025-12-13 20:22:20.551 | INFO     | __main__:run_pipeline:306 - Model performance & metadata saved. Accuracy: 0.57
2025-12-13 20:22:20.552 | INFO     | src.models.xgboost_model:train:19 - Training XGBoost model with 733 samples
2025-12-13 20:22:22.533 | INFO     | __main__:run_pipeline:342 - XGBoost Results - MSE: 0.00082060580158602, RMSE: 0.028646217928131802, MAE: 0.021460924860606835
2025-12-13 20:22:22.577 | INFO     | src.models.xgboost_model:save:29 - XGBoost model saved to data/models/TLKM.JK_15m_xgb.joblib
2025-12-13 20:22:22.608 | INFO     | __main__:<module>:381 - --- Training ASII.JK [1d] ---
2025-12-13 20:22:22.610 | INFO     | __main__:run_pipeline:26 - Starting pipeline for ASII.JK (1d)
2025-12-13 20:22:22.610 | INFO     | src.data_collection.stock_collector:fetch_history:49 - Fetching 3650 days of history for ASII.JK with interval 1d
2025-12-13 20:22:22.930 | INFO     | src.data_collection.news_collector:fetch_news:53 - Fetching Google News RSS for: ASII
2025-12-13 20:22:23.926 | INFO     | src.data_collection.news_collector:fetch_news:62 - Found 100 articles
2025-12-13 20:22:23.931 | INFO     | src.data_collection.news_collector:fetch_news:109 - Saved 10 new articles from Google News
2025-12-13 20:22:24.454 | INFO     | src.data_collection.stock_collector:fetch_history:136 - Successfully updated 2464 1d records for ASII.JK
2025-12-13 20:22:24.455 | INFO     | src.data_collection.stock_collector:fetch_history:49 - Fetching 3650 days of history for ^JKSE with interval 1d
2025-12-13 20:22:24.716 | INFO     | src.data_collection.news_collector:fetch_news:53 - Fetching Google News RSS for: ^JKSE
2025-12-13 20:22:25.517 | INFO     | src.data_collection.news_collector:fetch_news:62 - Found 46 articles
2025-12-13 20:22:25.521 | INFO     | src.data_collection.news_collector:fetch_news:109 - Saved 10 new articles from Google News
2025-12-13 20:22:25.869 | INFO     | src.data_collection.stock_collector:fetch_history:136 - Successfully updated 2416 1d records for ^JKSE
2025-12-13 20:22:25.870 | INFO     | src.data_collection.stock_collector:fetch_history:49 - Fetching 3650 days of history for IDR=X with interval 1d
2025-12-13 20:22:26.166 | INFO     | src.data_collection.news_collector:fetch_news:53 - Fetching Google News RSS for: IDR=X
2025-12-13 20:22:26.806 | INFO     | src.data_collection.news_collector:fetch_news:62 - Found 24 articles
2025-12-13 20:22:26.811 | INFO     | src.data_collection.news_collector:fetch_news:109 - Saved 10 new articles from Google News
2025-12-13 20:22:28.060 | INFO     | src.data_collection.stock_collector:fetch_history:136 - Successfully updated 2603 1d records for IDR=X
2025-12-13 20:22:28.574 | INFO     | src.models.lstm_model:train:50 - Training LSTM model with 2710 samples
2025-12-13 20:22:38.559 | ERROR    | src.api.main:predict:227 - Prediction error: in user code:

    File "/usr/local/lib/python3.10/site-packages/keras/src/engine/training.py", line 2440, in predict_function  *
        return step_function(self, iterator)
    File "/usr/local/lib/python3.10/site-packages/keras/src/engine/training.py", line 2425, in step_function  **
        outputs = model.distribute_strategy.run(run_step, args=(data,))
    File "/usr/local/lib/python3.10/site-packages/keras/src/engine/training.py", line 2413, in run_step  **
        outputs = model.predict_step(data)
    File "/usr/local/lib/python3.10/site-packages/keras/src/engine/training.py", line 2381, in predict_step
        return self(x, training=False)
    File "/usr/local/lib/python3.10/site-packages/keras/src/utils/traceback_utils.py", line 70, in error_handler
        raise e.with_traceback(filtered_tb) from None
    File "/usr/local/lib/python3.10/site-packages/keras/src/engine/input_spec.py", line 298, in assert_input_compatibility
        raise ValueError(

    ValueError: Input 0 of layer "sequential" is incompatible with the layer: expected shape=(None, 60, 13), found shape=(None, 60, 11)

2025-12-13 20:22:40.284 | INFO     | __main__:run_pipeline:182 - LSTM Results - MSE: 0.0011358521360310863, RMSE: 0.03370240549324464, MAE: 0.1372235503021803
2025-12-13 20:22:40.328 | INFO     | src.models.lstm_model:save:67 - Model saved to data/models/ASII.JK_1d_lstm.h5
2025-12-13 20:22:40.328 | INFO     | __main__:run_pipeline:199 - DEBUG: len(df)=3448, len(X_train)=2710, seq_len=60, start_idx=2770
2025-12-13 20:22:40.329 | INFO     | __main__:run_pipeline:204 - DEBUG: len(test_dates)=678, len(preds)=678
2025-12-13 20:22:40.658 | INFO     | __main__:run_pipeline:306 - Model performance & metadata saved. Accuracy: 0.55
2025-12-13 20:22:40.661 | INFO     | src.models.xgboost_model:train:19 - Training XGBoost model with 2710 samples
2025-12-13 20:22:42.786 | ERROR    | src.api.main:predict:227 - Prediction error: in user code:

    File "/usr/local/lib/python3.10/site-packages/keras/src/engine/training.py", line 2440, in predict_function  *
        return step_function(self, iterator)
    File "/usr/local/lib/python3.10/site-packages/keras/src/engine/training.py", line 2425, in step_function  **
        outputs = model.distribute_strategy.run(run_step, args=(data,))
    File "/usr/local/lib/python3.10/site-packages/keras/src/engine/training.py", line 2413, in run_step  **
        outputs = model.predict_step(data)
    File "/usr/local/lib/python3.10/site-packages/keras/src/engine/training.py", line 2381, in predict_step
        return self(x, training=False)
    File "/usr/local/lib/python3.10/site-packages/keras/src/utils/traceback_utils.py", line 70, in error_handler
        raise e.with_traceback(filtered_tb) from None
    File "/usr/local/lib/python3.10/site-packages/keras/src/engine/input_spec.py", line 298, in assert_input_compatibility
        raise ValueError(

    ValueError: Input 0 of layer "sequential" is incompatible with the layer: expected shape=(None, 60, 13), found shape=(None, 60, 11)

2025-12-13 20:22:45.410 | INFO     | __main__:run_pipeline:342 - XGBoost Results - MSE: 0.00405834876869239, RMSE: 0.0637051706590006, MAE: 0.033677334533883795
2025-12-13 20:22:45.422 | INFO     | src.models.xgboost_model:save:29 - XGBoost model saved to data/models/ASII.JK_1d_xgb.joblib
2025-12-13 20:22:45.464 | INFO     | __main__:<module>:381 - --- Training ASII.JK [1h] ---
2025-12-13 20:22:45.466 | INFO     | __main__:run_pipeline:26 - Starting pipeline for ASII.JK (1h)
2025-12-13 20:22:45.466 | INFO     | src.data_collection.stock_collector:fetch_history:49 - Fetching 3650 days of history for ASII.JK with interval 1h
2025-12-13 20:22:46.485 | INFO     | src.data_collection.stock_collector:fetch_history:136 - Successfully updated 4843 1h records for ASII.JK
2025-12-13 20:22:46.486 | INFO     | src.data_collection.stock_collector:fetch_history:49 - Fetching 3650 days of history for ^JKSE with interval 1h
2025-12-13 20:22:47.549 | INFO     | src.data_collection.stock_collector:fetch_history:136 - Successfully updated 5012 1h records for ^JKSE
2025-12-13 20:22:47.550 | INFO     | src.data_collection.stock_collector:fetch_history:49 - Fetching 3650 days of history for IDR=X with interval 1h
2025-12-13 20:22:50.224 | ERROR    | src.api.main:predict:227 - Prediction error: in user code:

    File "/usr/local/lib/python3.10/site-packages/keras/src/engine/training.py", line 2440, in predict_function  *
        return step_function(self, iterator)
    File "/usr/local/lib/python3.10/site-packages/keras/src/engine/training.py", line 2425, in step_function  **
        outputs = model.distribute_strategy.run(run_step, args=(data,))
    File "/usr/local/lib/python3.10/site-packages/keras/src/engine/training.py", line 2413, in run_step  **
        outputs = model.predict_step(data)
    File "/usr/local/lib/python3.10/site-packages/keras/src/engine/training.py", line 2381, in predict_step
        return self(x, training=False)
    File "/usr/local/lib/python3.10/site-packages/keras/src/utils/traceback_utils.py", line 70, in error_handler
        raise e.with_traceback(filtered_tb) from None
    File "/usr/local/lib/python3.10/site-packages/keras/src/engine/input_spec.py", line 298, in assert_input_compatibility
        raise ValueError(

    ValueError: Input 0 of layer "sequential" is incompatible with the layer: expected shape=(None, 60, 13), found shape=(None, 60, 11)

2025-12-13 20:22:52.341 | INFO     | src.data_collection.stock_collector:fetch_history:136 - Successfully updated 10567 1h records for IDR=X
2025-12-13 20:22:53.137 | INFO     | src.models.lstm_model:train:50 - Training LSTM model with 3666 samples
2025-12-13 20:22:56.798 | ERROR    | src.api.main:predict:227 - Prediction error: in user code:

    File "/usr/local/lib/python3.10/site-packages/keras/src/engine/training.py", line 2440, in predict_function  *
        return step_function(self, iterator)
    File "/usr/local/lib/python3.10/site-packages/keras/src/engine/training.py", line 2425, in step_function  **
        outputs = model.distribute_strategy.run(run_step, args=(data,))
    File "/usr/local/lib/python3.10/site-packages/keras/src/engine/training.py", line 2413, in run_step  **
        outputs = model.predict_step(data)
    File "/usr/local/lib/python3.10/site-packages/keras/src/engine/training.py", line 2381, in predict_step
        return self(x, training=False)
    File "/usr/local/lib/python3.10/site-packages/keras/src/utils/traceback_utils.py", line 70, in error_handler
        raise e.with_traceback(filtered_tb) from None
    File "/usr/local/lib/python3.10/site-packages/keras/src/engine/input_spec.py", line 298, in assert_input_compatibility
        raise ValueError(

    ValueError: Input 0 of layer "sequential" is incompatible with the layer: expected shape=(None, 60, 13), found shape=(None, 60, 11)

2025-12-13 20:23:06.905 | INFO     | __main__:run_pipeline:182 - LSTM Results - MSE: 0.013000555675887059, RMSE: 0.11401997928383893, MAE: 0.2889173758594859
2025-12-13 20:23:06.962 | INFO     | src.models.lstm_model:save:67 - Model saved to data/models/ASII.JK_1h_lstm.h5
2025-12-13 20:23:06.963 | INFO     | __main__:run_pipeline:199 - DEBUG: len(df)=4643, len(X_train)=3666, seq_len=60, start_idx=3726
2025-12-13 20:23:06.964 | INFO     | __main__:run_pipeline:204 - DEBUG: len(test_dates)=917, len(preds)=917
2025-12-13 20:23:07.364 | INFO     | __main__:run_pipeline:306 - Model performance & metadata saved. Accuracy: 0.56
2025-12-13 20:23:07.365 | INFO     | src.models.xgboost_model:train:19 - Training XGBoost model with 3666 samples
2025-12-13 20:23:10.123 | INFO     | __main__:run_pipeline:342 - XGBoost Results - MSE: 0.001057035974974296, RMSE: 0.03251208967406272, MAE: 0.023768493155311973
2025-12-13 20:23:10.132 | INFO     | src.models.xgboost_model:save:29 - XGBoost model saved to data/models/ASII.JK_1h_xgb.joblib
2025-12-13 20:23:10.190 | INFO     | __main__:<module>:381 - --- Training ASII.JK [15m] ---
2025-12-13 20:23:10.192 | INFO     | __main__:run_pipeline:26 - Starting pipeline for ASII.JK (15m)
2025-12-13 20:23:10.192 | INFO     | src.data_collection.stock_collector:fetch_history:49 - Fetching 3650 days of history for ASII.JK with interval 15m
2025-12-13 20:23:10.655 | INFO     | src.data_collection.stock_collector:fetch_history:136 - Successfully updated 1177 15m records for ASII.JK
2025-12-13 20:23:10.656 | INFO     | src.data_collection.stock_collector:fetch_history:49 - Fetching 3650 days of history for ^JKSE with interval 15m
2025-12-13 20:23:11.063 | INFO     | src.data_collection.stock_collector:fetch_history:136 - Successfully updated 1186 15m records for ^JKSE
2025-12-13 20:23:11.064 | INFO     | src.data_collection.stock_collector:fetch_history:49 - Fetching 3650 days of history for IDR=X with interval 15m
2025-12-13 20:23:11.509 | INFO     | src.data_collection.stock_collector:fetch_history:136 - Successfully updated 1494 15m records for IDR=X
2025-12-13 20:23:11.914 | INFO     | src.models.lstm_model:train:50 - Training LSTM model with 733 samples
2025-12-13 20:23:15.792 | INFO     | __main__:run_pipeline:182 - LSTM Results - MSE: 0.005392664482452015, RMSE: 0.07343476344655857, MAE: 0.08824345932191512
2025-12-13 20:23:15.870 | INFO     | src.models.lstm_model:save:67 - Model saved to data/models/ASII.JK_15m_lstm.h5
2025-12-13 20:23:15.871 | INFO     | __main__:run_pipeline:199 - DEBUG: len(df)=977, len(X_train)=733, seq_len=60, start_idx=793
2025-12-13 20:23:15.872 | INFO     | __main__:run_pipeline:204 - DEBUG: len(test_dates)=184, len(preds)=184
2025-12-13 20:23:15.989 | INFO     | __main__:run_pipeline:306 - Model performance & metadata saved. Accuracy: 0.60
2025-12-13 20:23:15.990 | INFO     | src.models.xgboost_model:train:19 - Training XGBoost model with 733 samples
2025-12-13 20:23:17.374 | INFO     | __main__:run_pipeline:342 - XGBoost Results - MSE: 0.022902327490171723, RMSE: 0.15133514955281116, MAE: 0.12284272373713515
2025-12-13 20:23:17.383 | INFO     | src.models.xgboost_model:save:29 - XGBoost model saved to data/models/ASII.JK_15m_xgb.joblib
2025-12-13 20:23:17.398 | INFO     | __main__:<module>:381 - --- Training UNVR.JK [1d] ---
2025-12-13 20:23:17.399 | INFO     | __main__:run_pipeline:26 - Starting pipeline for UNVR.JK (1d)
2025-12-13 20:23:17.399 | INFO     | src.data_collection.stock_collector:fetch_history:49 - Fetching 3650 days of history for UNVR.JK with interval 1d
2025-12-13 20:23:17.761 | INFO     | src.data_collection.news_collector:fetch_news:53 - Fetching Google News RSS for: UNVR
2025-12-13 20:23:18.836 | INFO     | src.data_collection.news_collector:fetch_news:62 - Found 100 articles
2025-12-13 20:23:18.841 | INFO     | src.data_collection.news_collector:fetch_news:109 - Saved 10 new articles from Google News
2025-12-13 20:23:19.176 | INFO     | src.data_collection.stock_collector:fetch_history:136 - Successfully updated 2465 1d records for UNVR.JK
2025-12-13 20:23:19.177 | INFO     | src.data_collection.stock_collector:fetch_history:49 - Fetching 3650 days of history for ^JKSE with interval 1d
2025-12-13 20:23:19.458 | INFO     | src.data_collection.news_collector:fetch_news:53 - Fetching Google News RSS for: ^JKSE
2025-12-13 20:23:19.886 | INFO     | src.data_collection.news_collector:fetch_news:62 - Found 46 articles
2025-12-13 20:23:19.894 | INFO     | src.data_collection.news_collector:fetch_news:109 - Saved 10 new articles from Google News
2025-12-13 20:23:20.626 | INFO     | src.data_collection.stock_collector:fetch_history:136 - Successfully updated 2416 1d records for ^JKSE
2025-12-13 20:23:20.630 | INFO     | src.data_collection.stock_collector:fetch_history:49 - Fetching 3650 days of history for IDR=X with interval 1d
2025-12-13 20:23:20.926 | INFO     | src.data_collection.news_collector:fetch_news:53 - Fetching Google News RSS for: IDR=X
2025-12-13 20:23:21.325 | INFO     | src.data_collection.news_collector:fetch_news:62 - Found 24 articles
2025-12-13 20:23:21.333 | INFO     | src.data_collection.news_collector:fetch_news:109 - Saved 10 new articles from Google News
2025-12-13 20:23:21.691 | INFO     | src.data_collection.stock_collector:fetch_history:136 - Successfully updated 2603 1d records for IDR=X
2025-12-13 20:23:22.177 | INFO     | src.models.lstm_model:train:50 - Training LSTM model with 2711 samples
2025-12-13 20:23:32.844 | INFO     | __main__:run_pipeline:182 - LSTM Results - MSE: 0.0008153046680734741, RMSE: 0.02855354037721897, MAE: 0.12307556766458588
2025-12-13 20:23:32.885 | INFO     | src.models.lstm_model:save:67 - Model saved to data/models/UNVR.JK_1d_lstm.h5
2025-12-13 20:23:32.885 | INFO     | __main__:run_pipeline:199 - DEBUG: len(df)=3449, len(X_train)=2711, seq_len=60, start_idx=2771
2025-12-13 20:23:32.886 | INFO     | __main__:run_pipeline:204 - DEBUG: len(test_dates)=678, len(preds)=678
2025-12-13 20:23:33.175 | INFO     | __main__:run_pipeline:306 - Model performance & metadata saved. Accuracy: 0.45
2025-12-13 20:23:33.177 | INFO     | src.models.xgboost_model:train:19 - Training XGBoost model with 2711 samples
2025-12-13 20:23:36.208 | INFO     | __main__:run_pipeline:342 - XGBoost Results - MSE: 0.01294770791863281, RMSE: 0.11378799549439655, MAE: 0.08748928764366452
2025-12-13 20:23:36.213 | INFO     | src.models.xgboost_model:save:29 - XGBoost model saved to data/models/UNVR.JK_1d_xgb.joblib
2025-12-13 20:23:36.234 | INFO     | __main__:<module>:381 - --- Training UNVR.JK [1h] ---
2025-12-13 20:23:36.236 | INFO     | __main__:run_pipeline:26 - Starting pipeline for UNVR.JK (1h)
2025-12-13 20:23:36.236 | INFO     | src.data_collection.stock_collector:fetch_history:49 - Fetching 3650 days of history for UNVR.JK with interval 1h
2025-12-13 20:23:37.284 | INFO     | src.data_collection.stock_collector:fetch_history:136 - Successfully updated 4844 1h records for UNVR.JK
2025-12-13 20:23:37.286 | INFO     | src.data_collection.stock_collector:fetch_history:49 - Fetching 3650 days of history for ^JKSE with interval 1h
2025-12-13 20:23:38.374 | INFO     | src.data_collection.stock_collector:fetch_history:136 - Successfully updated 5012 1h records for ^JKSE
2025-12-13 20:23:38.375 | INFO     | src.data_collection.stock_collector:fetch_history:49 - Fetching 3650 days of history for IDR=X with interval 1h
2025-12-13 20:23:40.200 | INFO     | src.data_collection.stock_collector:fetch_history:136 - Successfully updated 10567 1h records for IDR=X
2025-12-13 20:23:40.678 | INFO     | src.models.lstm_model:train:50 - Training LSTM model with 3667 samples
2025-12-13 20:23:46.840 | ERROR    | src.api.main:predict:227 - Prediction error: in user code:

    File "/usr/local/lib/python3.10/site-packages/keras/src/engine/training.py", line 2440, in predict_function  *
        return step_function(self, iterator)
    File "/usr/local/lib/python3.10/site-packages/keras/src/engine/training.py", line 2425, in step_function  **
        outputs = model.distribute_strategy.run(run_step, args=(data,))
    File "/usr/local/lib/python3.10/site-packages/keras/src/engine/training.py", line 2413, in run_step  **
        outputs = model.predict_step(data)
    File "/usr/local/lib/python3.10/site-packages/keras/src/engine/training.py", line 2381, in predict_step
        return self(x, training=False)
    File "/usr/local/lib/python3.10/site-packages/keras/src/utils/traceback_utils.py", line 70, in error_handler
        raise e.with_traceback(filtered_tb) from None
    File "/usr/local/lib/python3.10/site-packages/keras/src/engine/input_spec.py", line 298, in assert_input_compatibility
        raise ValueError(

    ValueError: Input 0 of layer "sequential_6" is incompatible with the layer: expected shape=(None, 60, 13), found shape=(None, 60, 11)

2025-12-13 20:23:52.851 | ERROR    | src.api.main:predict:227 - Prediction error: in user code:

    File "/usr/local/lib/python3.10/site-packages/keras/src/engine/training.py", line 2440, in predict_function  *
        return step_function(self, iterator)
    File "/usr/local/lib/python3.10/site-packages/keras/src/engine/training.py", line 2425, in step_function  **
        outputs = model.distribute_strategy.run(run_step, args=(data,))
    File "/usr/local/lib/python3.10/site-packages/keras/src/engine/training.py", line 2413, in run_step  **
        outputs = model.predict_step(data)
    File "/usr/local/lib/python3.10/site-packages/keras/src/engine/training.py", line 2381, in predict_step
        return self(x, training=False)
    File "/usr/local/lib/python3.10/site-packages/keras/src/utils/traceback_utils.py", line 70, in error_handler
        raise e.with_traceback(filtered_tb) from None
    File "/usr/local/lib/python3.10/site-packages/keras/src/engine/input_spec.py", line 298, in assert_input_compatibility
        raise ValueError(

    ValueError: Input 0 of layer "sequential_6" is incompatible with the layer: expected shape=(None, 60, 13), found shape=(None, 60, 11)

2025-12-13 20:23:54.275 | INFO     | __main__:run_pipeline:182 - LSTM Results - MSE: 0.003550541404494282, RMSE: 0.05958641963144188, MAE: 0.10756886243485839
2025-12-13 20:23:54.316 | INFO     | src.models.lstm_model:save:67 - Model saved to data/models/UNVR.JK_1h_lstm.h5
2025-12-13 20:23:54.316 | INFO     | __main__:run_pipeline:199 - DEBUG: len(df)=4644, len(X_train)=3667, seq_len=60, start_idx=3727
2025-12-13 20:23:54.317 | INFO     | __main__:run_pipeline:204 - DEBUG: len(test_dates)=917, len(preds)=917
2025-12-13 20:23:54.700 | INFO     | __main__:run_pipeline:306 - Model performance & metadata saved. Accuracy: 0.63
2025-12-13 20:23:54.702 | INFO     | src.models.xgboost_model:train:19 - Training XGBoost model with 3667 samples
2025-12-13 20:23:58.188 | INFO     | __main__:run_pipeline:342 - XGBoost Results - MSE: 0.00010810613326711643, RMSE: 0.010397409930704687, MAE: 0.0067111561513784135
2025-12-13 20:23:58.196 | INFO     | src.models.xgboost_model:save:29 - XGBoost model saved to data/models/UNVR.JK_1h_xgb.joblib
2025-12-13 20:23:58.235 | INFO     | __main__:<module>:381 - --- Training UNVR.JK [15m] ---
2025-12-13 20:23:58.236 | INFO     | __main__:run_pipeline:26 - Starting pipeline for UNVR.JK (15m)
2025-12-13 20:23:58.236 | INFO     | src.data_collection.stock_collector:fetch_history:49 - Fetching 3650 days of history for UNVR.JK with interval 15m
2025-12-13 20:23:58.658 | INFO     | src.data_collection.stock_collector:fetch_history:136 - Successfully updated 1177 15m records for UNVR.JK
2025-12-13 20:23:58.659 | INFO     | src.data_collection.stock_collector:fetch_history:49 - Fetching 3650 days of history for ^JKSE with interval 15m
2025-12-13 20:23:59.059 | INFO     | src.data_collection.stock_collector:fetch_history:136 - Successfully updated 1186 15m records for ^JKSE
2025-12-13 20:23:59.060 | INFO     | src.data_collection.stock_collector:fetch_history:49 - Fetching 3650 days of history for IDR=X with interval 15m
2025-12-13 20:23:59.551 | INFO     | src.data_collection.stock_collector:fetch_history:136 - Successfully updated 1494 15m records for IDR=X
2025-12-13 20:24:00.009 | INFO     | src.models.lstm_model:train:50 - Training LSTM model with 733 samples
2025-12-13 20:24:04.579 | INFO     | __main__:run_pipeline:182 - LSTM Results - MSE: 0.005446486035483521, RMSE: 0.07380031189286074, MAE: 0.07248825769393394
2025-12-13 20:24:04.649 | INFO     | src.models.lstm_model:save:67 - Model saved to data/models/UNVR.JK_15m_lstm.h5
2025-12-13 20:24:04.652 | INFO     | __main__:run_pipeline:199 - DEBUG: len(df)=977, len(X_train)=733, seq_len=60, start_idx=793
2025-12-13 20:24:04.655 | INFO     | __main__:run_pipeline:204 - DEBUG: len(test_dates)=184, len(preds)=184
2025-12-13 20:24:04.754 | INFO     | __main__:run_pipeline:306 - Model performance & metadata saved. Accuracy: 0.66
2025-12-13 20:24:04.756 | INFO     | src.models.xgboost_model:train:19 - Training XGBoost model with 733 samples
2025-12-13 20:24:05.996 | INFO     | __main__:run_pipeline:342 - XGBoost Results - MSE: 0.004666395000231301, RMSE: 0.06831101668275258, MAE: 0.05603868718805891
2025-12-13 20:24:06.000 | INFO     | src.models.xgboost_model:save:29 - XGBoost model saved to data/models/UNVR.JK_15m_xgb.joblib
2025-12-13 20:24:06.019 | INFO     | __main__:<module>:387 - Cycle completed. Sleeping for 1 hour...
2025-12-13 20:24:29.901 | ERROR    | src.api.main:predict:227 - Prediction error: in user code:

    File "/usr/local/lib/python3.10/site-packages/keras/src/engine/training.py", line 2440, in predict_function  *
        return step_function(self, iterator)
    File "/usr/local/lib/python3.10/site-packages/keras/src/engine/training.py", line 2425, in step_function  **
        outputs = model.distribute_strategy.run(run_step, args=(data,))
    File "/usr/local/lib/python3.10/site-packages/keras/src/engine/training.py", line 2413, in run_step  **
        outputs = model.predict_step(data)
    File "/usr/local/lib/python3.10/site-packages/keras/src/engine/training.py", line 2381, in predict_step
        return self(x, training=False)
    File "/usr/local/lib/python3.10/site-packages/keras/src/utils/traceback_utils.py", line 70, in error_handler
        raise e.with_traceback(filtered_tb) from None
    File "/usr/local/lib/python3.10/site-packages/keras/src/engine/input_spec.py", line 298, in assert_input_compatibility
        raise ValueError(

    ValueError: Input 0 of layer "sequential" is incompatible with the layer: expected shape=(None, 60, 13), found shape=(None, 60, 11)

2025-12-13 20:25:08.025 | ERROR    | src.api.main:predict:227 - Prediction error: in user code:

    File "/usr/local/lib/python3.10/site-packages/keras/src/engine/training.py", line 2440, in predict_function  *
        return step_function(self, iterator)
    File "/usr/local/lib/python3.10/site-packages/keras/src/engine/training.py", line 2425, in step_function  **
        outputs = model.distribute_strategy.run(run_step, args=(data,))
    File "/usr/local/lib/python3.10/site-packages/keras/src/engine/training.py", line 2413, in run_step  **
        outputs = model.predict_step(data)
    File "/usr/local/lib/python3.10/site-packages/keras/src/engine/training.py", line 2381, in predict_step
        return self(x, training=False)
    File "/usr/local/lib/python3.10/site-packages/keras/src/utils/traceback_utils.py", line 70, in error_handler
        raise e.with_traceback(filtered_tb) from None
    File "/usr/local/lib/python3.10/site-packages/keras/src/engine/input_spec.py", line 298, in assert_input_compatibility
        raise ValueError(

    ValueError: Input 0 of layer "sequential_2" is incompatible with the layer: expected shape=(None, 60, 13), found shape=(None, 60, 11)

2025-12-13 20:25:08.254 | ERROR    | src.api.main:predict:227 - Prediction error: in user code:

    File "/usr/local/lib/python3.10/site-packages/keras/src/engine/training.py", line 2440, in predict_function  *
        return step_function(self, iterator)
    File "/usr/local/lib/python3.10/site-packages/keras/src/engine/training.py", line 2425, in step_function  **
        outputs = model.distribute_strategy.run(run_step, args=(data,))
    File "/usr/local/lib/python3.10/site-packages/keras/src/engine/training.py", line 2413, in run_step  **
        outputs = model.predict_step(data)
    File "/usr/local/lib/python3.10/site-packages/keras/src/engine/training.py", line 2381, in predict_step
        return self(x, training=False)
    File "/usr/local/lib/python3.10/site-packages/keras/src/utils/traceback_utils.py", line 70, in error_handler
        raise e.with_traceback(filtered_tb) from None
    File "/usr/local/lib/python3.10/site-packages/keras/src/engine/input_spec.py", line 298, in assert_input_compatibility
        raise ValueError(

    ValueError: Input 0 of layer "sequential_2" is incompatible with the layer: expected shape=(None, 60, 13), found shape=(None, 60, 11)

2025-12-13 20:25:20.749 | ERROR    | src.api.main:predict:227 - Prediction error: in user code:

    File "/usr/local/lib/python3.10/site-packages/keras/src/engine/training.py", line 2440, in predict_function  *
        return step_function(self, iterator)
    File "/usr/local/lib/python3.10/site-packages/keras/src/engine/training.py", line 2425, in step_function  **
        outputs = model.distribute_strategy.run(run_step, args=(data,))
    File "/usr/local/lib/python3.10/site-packages/keras/src/engine/training.py", line 2413, in run_step  **
        outputs = model.predict_step(data)
    File "/usr/local/lib/python3.10/site-packages/keras/src/engine/training.py", line 2381, in predict_step
        return self(x, training=False)
    File "/usr/local/lib/python3.10/site-packages/keras/src/utils/traceback_utils.py", line 70, in error_handler
        raise e.with_traceback(filtered_tb) from None
    File "/usr/local/lib/python3.10/site-packages/keras/src/engine/input_spec.py", line 298, in assert_input_compatibility
        raise ValueError(

    ValueError: Input 0 of layer "sequential_2" is incompatible with the layer: expected shape=(None, 60, 13), found shape=(None, 60, 11)

2025-12-13 20:25:25.714 | ERROR    | src.api.main:predict:227 - Prediction error: in user code:

    File "/usr/local/lib/python3.10/site-packages/keras/src/engine/training.py", line 2440, in predict_function  *
        return step_function(self, iterator)
    File "/usr/local/lib/python3.10/site-packages/keras/src/engine/training.py", line 2425, in step_function  **
        outputs = model.distribute_strategy.run(run_step, args=(data,))
    File "/usr/local/lib/python3.10/site-packages/keras/src/engine/training.py", line 2413, in run_step  **
        outputs = model.predict_step(data)
    File "/usr/local/lib/python3.10/site-packages/keras/src/engine/training.py", line 2381, in predict_step
        return self(x, training=False)
    File "/usr/local/lib/python3.10/site-packages/keras/src/utils/traceback_utils.py", line 70, in error_handler
        raise e.with_traceback(filtered_tb) from None
    File "/usr/local/lib/python3.10/site-packages/keras/src/engine/input_spec.py", line 298, in assert_input_compatibility
        raise ValueError(

    ValueError: Input 0 of layer "sequential_2" is incompatible with the layer: expected shape=(None, 60, 13), found shape=(None, 60, 11)

2025-12-13 20:34:48.069 | INFO     | __main__:<module>:374 - Starting Continuous Model Trainer...
2025-12-13 20:34:48.071 | INFO     | __main__:<module>:381 - --- Training BBCA.JK [1d] ---
2025-12-13 20:34:48.074 | INFO     | __main__:run_pipeline:26 - Starting pipeline for BBCA.JK (1d)
2025-12-13 20:34:48.075 | INFO     | src.data_collection.stock_collector:fetch_history:49 - Fetching 3650 days of history for BBCA.JK with interval 1d
2025-12-13 20:34:50.025 | INFO     | src.data_collection.news_collector:fetch_news:53 - Fetching Google News RSS for: BBCA
2025-12-13 20:34:51.062 | INFO     | src.data_collection.news_collector:fetch_news:62 - Found 100 articles
2025-12-13 20:34:51.079 | INFO     | src.data_collection.news_collector:fetch_news:109 - Saved 10 new articles from Google News
2025-12-13 20:34:51.446 | INFO     | src.data_collection.stock_collector:fetch_history:136 - Successfully updated 2465 1d records for BBCA.JK
2025-12-13 20:34:51.448 | INFO     | src.data_collection.stock_collector:fetch_history:49 - Fetching 3650 days of history for ^JKSE with interval 1d
2025-12-13 20:34:51.726 | INFO     | src.data_collection.news_collector:fetch_news:53 - Fetching Google News RSS for: ^JKSE
2025-12-13 20:34:52.569 | INFO     | src.data_collection.news_collector:fetch_news:62 - Found 46 articles
2025-12-13 20:34:52.580 | INFO     | src.data_collection.news_collector:fetch_news:109 - Saved 10 new articles from Google News
2025-12-13 20:34:53.246 | INFO     | src.data_collection.stock_collector:fetch_history:136 - Successfully updated 2416 1d records for ^JKSE
2025-12-13 20:34:53.247 | INFO     | src.data_collection.stock_collector:fetch_history:49 - Fetching 3650 days of history for IDR=X with interval 1d
2025-12-13 20:34:53.534 | INFO     | src.data_collection.news_collector:fetch_news:53 - Fetching Google News RSS for: IDR=X
2025-12-13 20:34:54.278 | INFO     | src.data_collection.news_collector:fetch_news:62 - Found 24 articles
2025-12-13 20:34:54.283 | INFO     | src.data_collection.news_collector:fetch_news:109 - Saved 10 new articles from Google News
2025-12-13 20:34:54.617 | INFO     | src.data_collection.stock_collector:fetch_history:136 - Successfully updated 2603 1d records for IDR=X
2025-12-13 20:34:55.862 | INFO     | src.models.lstm_model:train:50 - Training LSTM model with 2711 samples
2025-12-13 20:35:02.381 | INFO     | src.training.trainer:run_pipeline:26 - Starting pipeline for BBCA.JK (1d)
2025-12-13 20:35:02.396 | INFO     | src.data_collection.stock_collector:fetch_history:49 - Fetching 3650 days of history for BBCA.JK with interval 1d
2025-12-13 20:35:04.321 | INFO     | src.data_collection.news_collector:fetch_news:53 - Fetching Google News RSS for: BBCA
2025-12-13 20:35:04.979 | INFO     | src.data_collection.news_collector:fetch_news:62 - Found 100 articles
2025-12-13 20:35:05.027 | INFO     | src.data_collection.news_collector:fetch_news:109 - Saved 10 new articles from Google News
2025-12-13 20:35:05.447 | INFO     | src.data_collection.stock_collector:fetch_history:136 - Successfully updated 2465 1d records for BBCA.JK
2025-12-13 20:35:05.454 | INFO     | src.data_collection.stock_collector:fetch_history:49 - Fetching 3650 days of history for ^JKSE with interval 1d
2025-12-13 20:35:05.759 | INFO     | src.data_collection.news_collector:fetch_news:53 - Fetching Google News RSS for: ^JKSE
2025-12-13 20:35:06.186 | INFO     | src.data_collection.news_collector:fetch_news:62 - Found 46 articles
2025-12-13 20:35:06.191 | INFO     | src.data_collection.news_collector:fetch_news:109 - Saved 10 new articles from Google News
2025-12-13 20:35:06.498 | INFO     | src.data_collection.stock_collector:fetch_history:136 - Successfully updated 2416 1d records for ^JKSE
2025-12-13 20:35:06.499 | INFO     | src.data_collection.stock_collector:fetch_history:49 - Fetching 3650 days of history for IDR=X with interval 1d
2025-12-13 20:35:06.718 | INFO     | src.data_collection.news_collector:fetch_news:53 - Fetching Google News RSS for: IDR=X
2025-12-13 20:35:07.105 | INFO     | src.data_collection.news_collector:fetch_news:62 - Found 24 articles
2025-12-13 20:35:07.108 | INFO     | src.data_collection.news_collector:fetch_news:109 - Saved 10 new articles from Google News
2025-12-13 20:35:07.418 | INFO     | src.data_collection.stock_collector:fetch_history:136 - Successfully updated 2603 1d records for IDR=X
2025-12-13 20:35:08.253 | INFO     | src.models.lstm_model:train:50 - Training LSTM model with 2711 samples
2025-12-13 20:35:09.504 | INFO     | __main__:run_pipeline:182 - LSTM Results - MSE: 0.0007316557800100742, RMSE: 0.027049136400448613, MAE: 0.07469023005835772
2025-12-13 20:35:09.606 | INFO     | src.models.lstm_model:save:67 - Model saved to data/models/BBCA.JK_1d_lstm.h5
2025-12-13 20:35:09.607 | INFO     | __main__:run_pipeline:199 - DEBUG: len(df)=3449, len(X_train)=2711, seq_len=60, start_idx=2771
2025-12-13 20:35:09.608 | INFO     | __main__:run_pipeline:204 - DEBUG: len(test_dates)=678, len(preds)=678
2025-12-13 20:35:10.262 | INFO     | __main__:run_pipeline:306 - LSTM Model performance & metadata saved. Accuracy: 0.52
2025-12-13 20:35:10.266 | INFO     | src.models.xgboost_model:train:19 - Training XGBoost model with 2711 samples
2025-12-13 20:35:15.064 | INFO     | __main__:run_pipeline:328 - XGBoost Results - MSE: 0.015578452470748084, RMSE: 0.12481367100902081, MAE: 0.10645744782333624
2025-12-13 20:35:15.083 | INFO     | src.models.xgboost_model:save:29 - XGBoost model saved to data/models/BBCA.JK_1d_xgb.joblib
2025-12-13 20:35:15.141 | INFO     | __main__:<module>:381 - --- Training BBCA.JK [1h] ---
2025-12-13 20:35:15.144 | INFO     | __main__:run_pipeline:26 - Starting pipeline for BBCA.JK (1h)
2025-12-13 20:35:15.145 | INFO     | src.data_collection.stock_collector:fetch_history:49 - Fetching 3650 days of history for BBCA.JK with interval 1h
2025-12-13 20:35:17.040 | INFO     | src.data_collection.stock_collector:fetch_history:136 - Successfully updated 4852 1h records for BBCA.JK
2025-12-13 20:35:17.060 | INFO     | src.data_collection.stock_collector:fetch_history:49 - Fetching 3650 days of history for ^JKSE with interval 1h
2025-12-13 20:35:20.447 | INFO     | src.data_collection.stock_collector:fetch_history:136 - Successfully updated 5012 1h records for ^JKSE
2025-12-13 20:35:20.468 | INFO     | src.data_collection.stock_collector:fetch_history:49 - Fetching 3650 days of history for IDR=X with interval 1h
2025-12-13 20:35:22.166 | INFO     | src.data_collection.stock_collector:fetch_history:136 - Successfully updated 10567 1h records for IDR=X
2025-12-13 20:35:22.604 | INFO     | src.models.lstm_model:train:50 - Training LSTM model with 3673 samples
2025-12-13 20:35:25.004 | INFO     | src.training.trainer:run_pipeline:182 - LSTM Results - MSE: 0.0007316572520189461, RMSE: 0.02704916361034008, MAE: 0.07469020722231194
2025-12-13 20:35:25.064 | INFO     | src.models.lstm_model:save:67 - Model saved to data/models/BBCA.JK_1d_lstm.h5
2025-12-13 20:35:25.065 | INFO     | src.training.trainer:run_pipeline:199 - DEBUG: len(df)=3449, len(X_train)=2711, seq_len=60, start_idx=2771
2025-12-13 20:35:25.065 | INFO     | src.training.trainer:run_pipeline:204 - DEBUG: len(test_dates)=678, len(preds)=678
2025-12-13 20:35:25.401 | INFO     | src.training.trainer:run_pipeline:306 - LSTM Model performance & metadata saved. Accuracy: 0.52
2025-12-13 20:35:25.401 | INFO     | src.models.xgboost_model:train:19 - Training XGBoost model with 2711 samples
2025-12-13 20:35:29.542 | INFO     | src.training.trainer:run_pipeline:328 - XGBoost Results - MSE: 0.01525016876086291, RMSE: 0.12349157364315555, MAE: 0.10499929004183342
2025-12-13 20:35:29.552 | INFO     | src.models.xgboost_model:save:29 - XGBoost model saved to data/models/BBCA.JK_1d_xgb.joblib
2025-12-13 20:35:35.919 | INFO     | __main__:run_pipeline:182 - LSTM Results - MSE: 0.001520055921549085, RMSE: 0.038987894551374344, MAE: 0.13751402770257476
2025-12-13 20:35:35.953 | INFO     | src.models.lstm_model:save:67 - Model saved to data/models/BBCA.JK_1h_lstm.h5
2025-12-13 20:35:35.954 | INFO     | __main__:run_pipeline:199 - DEBUG: len(df)=4652, len(X_train)=3673, seq_len=60, start_idx=3733
2025-12-13 20:35:35.954 | INFO     | __main__:run_pipeline:204 - DEBUG: len(test_dates)=919, len(preds)=919
2025-12-13 20:35:36.293 | INFO     | __main__:run_pipeline:306 - LSTM Model performance & metadata saved. Accuracy: 0.40
2025-12-13 20:35:36.293 | INFO     | src.models.xgboost_model:train:19 - Training XGBoost model with 3673 samples
2025-12-13 20:35:38.195 | INFO     | __main__:run_pipeline:328 - XGBoost Results - MSE: 0.007827018774063901, RMSE: 0.08847044011455973, MAE: 0.05120003109391535
2025-12-13 20:35:38.198 | INFO     | src.models.xgboost_model:save:29 - XGBoost model saved to data/models/BBCA.JK_1h_xgb.joblib
2025-12-13 20:35:38.219 | INFO     | __main__:<module>:381 - --- Training BBCA.JK [15m] ---
2025-12-13 20:35:38.220 | INFO     | __main__:run_pipeline:26 - Starting pipeline for BBCA.JK (15m)
2025-12-13 20:35:38.220 | INFO     | src.data_collection.stock_collector:fetch_history:49 - Fetching 3650 days of history for BBCA.JK with interval 15m
2025-12-13 20:35:38.633 | INFO     | src.data_collection.stock_collector:fetch_history:136 - Successfully updated 1177 15m records for BBCA.JK
2025-12-13 20:35:38.633 | INFO     | src.data_collection.stock_collector:fetch_history:49 - Fetching 3650 days of history for ^JKSE with interval 15m
2025-12-13 20:35:39.045 | INFO     | src.data_collection.stock_collector:fetch_history:136 - Successfully updated 1186 15m records for ^JKSE
2025-12-13 20:35:39.046 | INFO     | src.data_collection.stock_collector:fetch_history:49 - Fetching 3650 days of history for IDR=X with interval 15m
2025-12-13 20:35:39.500 | INFO     | src.data_collection.stock_collector:fetch_history:136 - Successfully updated 1494 15m records for IDR=X
2025-12-13 20:35:39.817 | INFO     | src.models.lstm_model:train:50 - Training LSTM model with 733 samples
2025-12-13 20:35:43.571 | INFO     | __main__:run_pipeline:182 - LSTM Results - MSE: 0.0014824098190476269, RMSE: 0.038502075516102074, MAE: 0.09661998908469878
2025-12-13 20:35:43.603 | INFO     | src.models.lstm_model:save:67 - Model saved to data/models/BBCA.JK_15m_lstm.h5
2025-12-13 20:35:43.604 | INFO     | __main__:run_pipeline:199 - DEBUG: len(df)=977, len(X_train)=733, seq_len=60, start_idx=793
2025-12-13 20:35:43.604 | INFO     | __main__:run_pipeline:204 - DEBUG: len(test_dates)=184, len(preds)=184
2025-12-13 20:35:43.712 | INFO     | __main__:run_pipeline:306 - LSTM Model performance & metadata saved. Accuracy: 0.53
2025-12-13 20:35:43.712 | INFO     | src.models.xgboost_model:train:19 - Training XGBoost model with 733 samples
2025-12-13 20:35:45.591 | INFO     | __main__:run_pipeline:328 - XGBoost Results - MSE: 0.01882348753226833, RMSE: 0.1371987154905917, MAE: 0.106206854911042
2025-12-13 20:35:45.600 | INFO     | src.models.xgboost_model:save:29 - XGBoost model saved to data/models/BBCA.JK_15m_xgb.joblib
2025-12-13 20:35:45.623 | INFO     | __main__:<module>:381 - --- Training BBRI.JK [1d] ---
2025-12-13 20:35:45.624 | INFO     | __main__:run_pipeline:26 - Starting pipeline for BBRI.JK (1d)
2025-12-13 20:35:45.625 | INFO     | src.data_collection.stock_collector:fetch_history:49 - Fetching 3650 days of history for BBRI.JK with interval 1d
2025-12-13 20:35:45.989 | INFO     | src.data_collection.news_collector:fetch_news:53 - Fetching Google News RSS for: BBRI
2025-12-13 20:35:47.081 | INFO     | src.data_collection.news_collector:fetch_news:62 - Found 100 articles
2025-12-13 20:35:47.089 | INFO     | src.data_collection.news_collector:fetch_news:109 - Saved 10 new articles from Google News
2025-12-13 20:35:47.456 | INFO     | src.data_collection.stock_collector:fetch_history:136 - Successfully updated 2465 1d records for BBRI.JK
2025-12-13 20:35:47.457 | INFO     | src.data_collection.stock_collector:fetch_history:49 - Fetching 3650 days of history for ^JKSE with interval 1d
2025-12-13 20:35:47.720 | INFO     | src.data_collection.news_collector:fetch_news:53 - Fetching Google News RSS for: ^JKSE
2025-12-13 20:35:48.315 | INFO     | src.data_collection.news_collector:fetch_news:62 - Found 46 articles
2025-12-13 20:35:48.333 | INFO     | src.data_collection.news_collector:fetch_news:109 - Saved 10 new articles from Google News
2025-12-13 20:35:48.673 | INFO     | src.data_collection.stock_collector:fetch_history:136 - Successfully updated 2416 1d records for ^JKSE
2025-12-13 20:35:48.675 | INFO     | src.data_collection.stock_collector:fetch_history:49 - Fetching 3650 days of history for IDR=X with interval 1d
2025-12-13 20:35:48.960 | INFO     | src.data_collection.news_collector:fetch_news:53 - Fetching Google News RSS for: IDR=X
2025-12-13 20:35:49.382 | INFO     | src.data_collection.news_collector:fetch_news:62 - Found 24 articles
2025-12-13 20:35:49.391 | INFO     | src.data_collection.news_collector:fetch_news:109 - Saved 10 new articles from Google News
2025-12-13 20:35:49.758 | INFO     | src.data_collection.stock_collector:fetch_history:136 - Successfully updated 2603 1d records for IDR=X
2025-12-13 20:35:50.191 | INFO     | src.models.lstm_model:train:50 - Training LSTM model with 2711 samples
2025-12-13 20:35:59.631 | INFO     | __main__:run_pipeline:182 - LSTM Results - MSE: 0.0024065867142913015, RMSE: 0.0490569741656709, MAE: 0.0977168541973058
2025-12-13 20:35:59.661 | INFO     | src.models.lstm_model:save:67 - Model saved to data/models/BBRI.JK_1d_lstm.h5
2025-12-13 20:35:59.662 | INFO     | __main__:run_pipeline:199 - DEBUG: len(df)=3449, len(X_train)=2711, seq_len=60, start_idx=2771
2025-12-13 20:35:59.662 | INFO     | __main__:run_pipeline:204 - DEBUG: len(test_dates)=678, len(preds)=678
2025-12-13 20:35:59.948 | INFO     | __main__:run_pipeline:306 - LSTM Model performance & metadata saved. Accuracy: 0.52
2025-12-13 20:35:59.950 | INFO     | src.models.xgboost_model:train:19 - Training XGBoost model with 2711 samples
2025-12-13 20:36:02.841 | INFO     | __main__:run_pipeline:328 - XGBoost Results - MSE: 0.016893534064488985, RMSE: 0.12997512863809363, MAE: 0.09843225480193706
2025-12-13 20:36:02.851 | INFO     | src.models.xgboost_model:save:29 - XGBoost model saved to data/models/BBRI.JK_1d_xgb.joblib
2025-12-13 20:36:02.900 | INFO     | __main__:<module>:381 - --- Training BBRI.JK [1h] ---
2025-12-13 20:36:02.901 | INFO     | __main__:run_pipeline:26 - Starting pipeline for BBRI.JK (1h)
2025-12-13 20:36:02.901 | INFO     | src.data_collection.stock_collector:fetch_history:49 - Fetching 3650 days of history for BBRI.JK with interval 1h
2025-12-13 20:36:04.461 | INFO     | src.data_collection.stock_collector:fetch_history:136 - Successfully updated 4853 1h records for BBRI.JK
2025-12-13 20:36:04.463 | INFO     | src.data_collection.stock_collector:fetch_history:49 - Fetching 3650 days of history for ^JKSE with interval 1h
2025-12-13 20:36:05.596 | INFO     | src.data_collection.stock_collector:fetch_history:136 - Successfully updated 5012 1h records for ^JKSE
2025-12-13 20:36:05.598 | INFO     | src.data_collection.stock_collector:fetch_history:49 - Fetching 3650 days of history for IDR=X with interval 1h
2025-12-13 20:36:07.409 | INFO     | src.data_collection.stock_collector:fetch_history:136 - Successfully updated 10567 1h records for IDR=X
2025-12-13 20:36:07.813 | INFO     | src.models.lstm_model:train:50 - Training LSTM model with 3674 samples
2025-12-13 20:36:20.527 | INFO     | __main__:run_pipeline:182 - LSTM Results - MSE: 0.0004270287126477425, RMSE: 0.020664673059299594, MAE: 0.06999408008548179
2025-12-13 20:36:20.560 | INFO     | src.models.lstm_model:save:67 - Model saved to data/models/BBRI.JK_1h_lstm.h5
2025-12-13 20:36:20.561 | INFO     | __main__:run_pipeline:199 - DEBUG: len(df)=4653, len(X_train)=3674, seq_len=60, start_idx=3734
2025-12-13 20:36:20.563 | INFO     | __main__:run_pipeline:204 - DEBUG: len(test_dates)=919, len(preds)=919
2025-12-13 20:36:20.917 | INFO     | __main__:run_pipeline:306 - LSTM Model performance & metadata saved. Accuracy: 0.45
2025-12-13 20:36:20.917 | INFO     | src.models.xgboost_model:train:19 - Training XGBoost model with 3674 samples
2025-12-13 20:36:24.183 | INFO     | __main__:run_pipeline:328 - XGBoost Results - MSE: 0.00044746972219645735, RMSE: 0.021153480143854753, MAE: 0.015900214090000284
2025-12-13 20:36:24.188 | INFO     | src.models.xgboost_model:save:29 - XGBoost model saved to data/models/BBRI.JK_1h_xgb.joblib
2025-12-13 20:36:24.239 | INFO     | __main__:<module>:381 - --- Training BBRI.JK [15m] ---
2025-12-13 20:36:24.240 | INFO     | __main__:run_pipeline:26 - Starting pipeline for BBRI.JK (15m)
2025-12-13 20:36:24.240 | INFO     | src.data_collection.stock_collector:fetch_history:49 - Fetching 3650 days of history for BBRI.JK with interval 15m
2025-12-13 20:36:24.683 | INFO     | src.data_collection.stock_collector:fetch_history:136 - Successfully updated 1177 15m records for BBRI.JK
2025-12-13 20:36:24.683 | INFO     | src.data_collection.stock_collector:fetch_history:49 - Fetching 3650 days of history for ^JKSE with interval 15m
2025-12-13 20:36:25.128 | INFO     | src.data_collection.stock_collector:fetch_history:136 - Successfully updated 1186 15m records for ^JKSE
2025-12-13 20:36:25.129 | INFO     | src.data_collection.stock_collector:fetch_history:49 - Fetching 3650 days of history for IDR=X with interval 15m
2025-12-13 20:36:25.587 | INFO     | src.data_collection.stock_collector:fetch_history:136 - Successfully updated 1494 15m records for IDR=X
2025-12-13 20:36:26.080 | INFO     | src.models.lstm_model:train:50 - Training LSTM model with 733 samples
2025-12-13 20:36:31.682 | INFO     | __main__:run_pipeline:182 - LSTM Results - MSE: 0.0013332271705404114, RMSE: 0.036513383444162106, MAE: 0.051820556717530976
2025-12-13 20:36:31.725 | INFO     | src.models.lstm_model:save:67 - Model saved to data/models/BBRI.JK_15m_lstm.h5
2025-12-13 20:36:31.725 | INFO     | __main__:run_pipeline:199 - DEBUG: len(df)=977, len(X_train)=733, seq_len=60, start_idx=793
2025-12-13 20:36:31.726 | INFO     | __main__:run_pipeline:204 - DEBUG: len(test_dates)=184, len(preds)=184
2025-12-13 20:36:31.822 | INFO     | __main__:run_pipeline:306 - LSTM Model performance & metadata saved. Accuracy: 0.58
2025-12-13 20:36:31.823 | INFO     | src.models.xgboost_model:train:19 - Training XGBoost model with 733 samples
2025-12-13 20:36:33.244 | INFO     | __main__:run_pipeline:328 - XGBoost Results - MSE: 0.008172373297646052, RMSE: 0.09040117973591967, MAE: 0.07893821992139284
2025-12-13 20:36:33.247 | INFO     | src.models.xgboost_model:save:29 - XGBoost model saved to data/models/BBRI.JK_15m_xgb.joblib
2025-12-13 20:36:33.259 | INFO     | __main__:<module>:381 - --- Training TLKM.JK [1d] ---
2025-12-13 20:36:33.259 | INFO     | __main__:run_pipeline:26 - Starting pipeline for TLKM.JK (1d)
2025-12-13 20:36:33.259 | INFO     | src.data_collection.stock_collector:fetch_history:49 - Fetching 3650 days of history for TLKM.JK with interval 1d
2025-12-13 20:36:33.591 | INFO     | src.data_collection.news_collector:fetch_news:53 - Fetching Google News RSS for: TLKM
2025-12-13 20:36:34.906 | INFO     | src.data_collection.news_collector:fetch_news:62 - Found 100 articles
2025-12-13 20:36:34.973 | INFO     | src.data_collection.news_collector:fetch_news:109 - Saved 10 new articles from Google News
2025-12-13 20:36:35.398 | INFO     | src.data_collection.stock_collector:fetch_history:136 - Successfully updated 2464 1d records for TLKM.JK
2025-12-13 20:36:35.399 | INFO     | src.data_collection.stock_collector:fetch_history:49 - Fetching 3650 days of history for ^JKSE with interval 1d
2025-12-13 20:36:35.711 | INFO     | src.data_collection.news_collector:fetch_news:53 - Fetching Google News RSS for: ^JKSE
2025-12-13 20:36:36.150 | INFO     | src.data_collection.news_collector:fetch_news:62 - Found 46 articles
2025-12-13 20:36:36.154 | INFO     | src.data_collection.news_collector:fetch_news:109 - Saved 10 new articles from Google News
2025-12-13 20:36:36.484 | INFO     | src.data_collection.stock_collector:fetch_history:136 - Successfully updated 2416 1d records for ^JKSE
2025-12-13 20:36:36.485 | INFO     | src.data_collection.stock_collector:fetch_history:49 - Fetching 3650 days of history for IDR=X with interval 1d
2025-12-13 20:36:36.757 | INFO     | src.data_collection.news_collector:fetch_news:53 - Fetching Google News RSS for: IDR=X
2025-12-13 20:36:37.199 | INFO     | src.data_collection.news_collector:fetch_news:62 - Found 24 articles
2025-12-13 20:36:37.202 | INFO     | src.data_collection.news_collector:fetch_news:109 - Saved 10 new articles from Google News
2025-12-13 20:36:37.603 | INFO     | src.data_collection.stock_collector:fetch_history:136 - Successfully updated 2603 1d records for IDR=X
2025-12-13 20:36:38.318 | INFO     | src.models.lstm_model:train:50 - Training LSTM model with 2710 samples
2025-12-13 20:36:48.466 | INFO     | __main__:run_pipeline:182 - LSTM Results - MSE: 0.0012623662915941082, RMSE: 0.03552979442093788, MAE: 0.14512588913115082
2025-12-13 20:36:48.524 | INFO     | src.models.lstm_model:save:67 - Model saved to data/models/TLKM.JK_1d_lstm.h5
2025-12-13 20:36:48.525 | INFO     | __main__:run_pipeline:199 - DEBUG: len(df)=3448, len(X_train)=2710, seq_len=60, start_idx=2770
2025-12-13 20:36:48.526 | INFO     | __main__:run_pipeline:204 - DEBUG: len(test_dates)=678, len(preds)=678
2025-12-13 20:36:48.930 | INFO     | __main__:run_pipeline:306 - LSTM Model performance & metadata saved. Accuracy: 0.55
2025-12-13 20:36:48.931 | INFO     | src.models.xgboost_model:train:19 - Training XGBoost model with 2710 samples
2025-12-13 20:36:52.225 | INFO     | __main__:run_pipeline:328 - XGBoost Results - MSE: 0.0007788552617037642, RMSE: 0.02790797845964061, MAE: 0.02118214120319825
2025-12-13 20:36:52.230 | INFO     | src.models.xgboost_model:save:29 - XGBoost model saved to data/models/TLKM.JK_1d_xgb.joblib
2025-12-13 20:36:52.278 | INFO     | __main__:<module>:381 - --- Training TLKM.JK [1h] ---
2025-12-13 20:36:52.281 | INFO     | __main__:run_pipeline:26 - Starting pipeline for TLKM.JK (1h)
2025-12-13 20:36:52.282 | INFO     | src.data_collection.stock_collector:fetch_history:49 - Fetching 3650 days of history for TLKM.JK with interval 1h
2025-12-13 20:36:53.340 | INFO     | src.data_collection.stock_collector:fetch_history:136 - Successfully updated 4846 1h records for TLKM.JK
2025-12-13 20:36:53.341 | INFO     | src.data_collection.stock_collector:fetch_history:49 - Fetching 3650 days of history for ^JKSE with interval 1h
2025-12-13 20:36:54.375 | INFO     | src.data_collection.stock_collector:fetch_history:136 - Successfully updated 5012 1h records for ^JKSE
2025-12-13 20:36:54.376 | INFO     | src.data_collection.stock_collector:fetch_history:49 - Fetching 3650 days of history for IDR=X with interval 1h
2025-12-13 20:36:56.467 | INFO     | src.data_collection.stock_collector:fetch_history:136 - Successfully updated 10567 1h records for IDR=X
2025-12-13 20:36:57.027 | INFO     | src.models.lstm_model:train:50 - Training LSTM model with 3668 samples
2025-12-13 20:37:11.791 | INFO     | __main__:run_pipeline:182 - LSTM Results - MSE: 0.003757702906562236, RMSE: 0.061300105273663565, MAE: 0.15366996408049735
2025-12-13 20:37:11.831 | INFO     | src.models.lstm_model:save:67 - Model saved to data/models/TLKM.JK_1h_lstm.h5
2025-12-13 20:37:11.832 | INFO     | __main__:run_pipeline:199 - DEBUG: len(df)=4646, len(X_train)=3668, seq_len=60, start_idx=3728
2025-12-13 20:37:11.833 | INFO     | __main__:run_pipeline:204 - DEBUG: len(test_dates)=918, len(preds)=918
2025-12-13 20:37:12.240 | INFO     | __main__:run_pipeline:306 - LSTM Model performance & metadata saved. Accuracy: 0.60
2025-12-13 20:37:12.241 | INFO     | src.models.xgboost_model:train:19 - Training XGBoost model with 3668 samples
2025-12-13 20:37:16.187 | INFO     | __main__:run_pipeline:328 - XGBoost Results - MSE: 0.0004876666639727299, RMSE: 0.022083176039073952, MAE: 0.015140412127284853
2025-12-13 20:37:16.195 | INFO     | src.models.xgboost_model:save:29 - XGBoost model saved to data/models/TLKM.JK_1h_xgb.joblib
2025-12-13 20:37:16.233 | INFO     | __main__:<module>:381 - --- Training TLKM.JK [15m] ---
2025-12-13 20:37:16.235 | INFO     | __main__:run_pipeline:26 - Starting pipeline for TLKM.JK (15m)
2025-12-13 20:37:16.235 | INFO     | src.data_collection.stock_collector:fetch_history:49 - Fetching 3650 days of history for TLKM.JK with interval 15m
2025-12-13 20:37:16.721 | INFO     | src.data_collection.stock_collector:fetch_history:136 - Successfully updated 1177 15m records for TLKM.JK
2025-12-13 20:37:16.722 | INFO     | src.data_collection.stock_collector:fetch_history:49 - Fetching 3650 days of history for ^JKSE with interval 15m
2025-12-13 20:37:17.132 | INFO     | src.data_collection.stock_collector:fetch_history:136 - Successfully updated 1186 15m records for ^JKSE
2025-12-13 20:37:17.133 | INFO     | src.data_collection.stock_collector:fetch_history:49 - Fetching 3650 days of history for IDR=X with interval 15m
2025-12-13 20:37:17.588 | INFO     | src.data_collection.stock_collector:fetch_history:136 - Successfully updated 1494 15m records for IDR=X
2025-12-13 20:37:17.987 | INFO     | src.models.lstm_model:train:50 - Training LSTM model with 733 samples
2025-12-13 20:37:22.837 | INFO     | __main__:run_pipeline:182 - LSTM Results - MSE: 0.0026895665823107565, RMSE: 0.05186103144279678, MAE: 0.05596726151408454
2025-12-13 20:37:22.905 | INFO     | src.models.lstm_model:save:67 - Model saved to data/models/TLKM.JK_15m_lstm.h5
2025-12-13 20:37:22.906 | INFO     | __main__:run_pipeline:199 - DEBUG: len(df)=977, len(X_train)=733, seq_len=60, start_idx=793
2025-12-13 20:37:22.907 | INFO     | __main__:run_pipeline:204 - DEBUG: len(test_dates)=184, len(preds)=184
2025-12-13 20:37:23.063 | INFO     | __main__:run_pipeline:306 - LSTM Model performance & metadata saved. Accuracy: 0.57
2025-12-13 20:37:23.064 | INFO     | src.models.xgboost_model:train:19 - Training XGBoost model with 733 samples
2025-12-13 20:37:26.463 | INFO     | __main__:run_pipeline:328 - XGBoost Results - MSE: 0.00082060580158602, RMSE: 0.028646217928131802, MAE: 0.021460924860606835
2025-12-13 20:37:26.475 | INFO     | src.models.xgboost_model:save:29 - XGBoost model saved to data/models/TLKM.JK_15m_xgb.joblib
2025-12-13 20:37:26.523 | INFO     | __main__:<module>:381 - --- Training ASII.JK [1d] ---
2025-12-13 20:37:26.529 | INFO     | __main__:run_pipeline:26 - Starting pipeline for ASII.JK (1d)
2025-12-13 20:37:26.529 | INFO     | src.data_collection.stock_collector:fetch_history:49 - Fetching 3650 days of history for ASII.JK with interval 1d
2025-12-13 20:37:26.856 | INFO     | src.data_collection.news_collector:fetch_news:53 - Fetching Google News RSS for: ASII
2025-12-13 20:37:28.055 | INFO     | src.data_collection.news_collector:fetch_news:62 - Found 100 articles
2025-12-13 20:37:28.085 | INFO     | src.data_collection.news_collector:fetch_news:109 - Saved 10 new articles from Google News
2025-12-13 20:37:28.764 | INFO     | src.data_collection.stock_collector:fetch_history:136 - Successfully updated 2464 1d records for ASII.JK
2025-12-13 20:37:28.785 | INFO     | src.data_collection.stock_collector:fetch_history:49 - Fetching 3650 days of history for ^JKSE with interval 1d
2025-12-13 20:37:29.093 | INFO     | src.data_collection.news_collector:fetch_news:53 - Fetching Google News RSS for: ^JKSE
2025-12-13 20:37:29.827 | INFO     | src.data_collection.news_collector:fetch_news:62 - Found 46 articles
2025-12-13 20:37:29.831 | INFO     | src.data_collection.news_collector:fetch_news:109 - Saved 10 new articles from Google News
2025-12-13 20:37:30.163 | INFO     | src.data_collection.stock_collector:fetch_history:136 - Successfully updated 2416 1d records for ^JKSE
2025-12-13 20:37:30.164 | INFO     | src.data_collection.stock_collector:fetch_history:49 - Fetching 3650 days of history for IDR=X with interval 1d
2025-12-13 20:37:30.449 | INFO     | src.data_collection.news_collector:fetch_news:53 - Fetching Google News RSS for: IDR=X
2025-12-13 20:37:31.195 | INFO     | src.data_collection.news_collector:fetch_news:62 - Found 24 articles
2025-12-13 20:37:31.200 | INFO     | src.data_collection.news_collector:fetch_news:109 - Saved 10 new articles from Google News
2025-12-13 20:37:31.575 | INFO     | src.data_collection.stock_collector:fetch_history:136 - Successfully updated 2603 1d records for IDR=X
2025-12-13 20:37:32.402 | INFO     | src.models.lstm_model:train:50 - Training LSTM model with 2710 samples
2025-12-13 20:37:48.245 | INFO     | __main__:run_pipeline:182 - LSTM Results - MSE: 0.001135849231577371, RMSE: 0.03370236240350773, MAE: 0.1372235498227001
2025-12-13 20:37:48.318 | INFO     | src.models.lstm_model:save:67 - Model saved to data/models/ASII.JK_1d_lstm.h5
2025-12-13 20:37:48.322 | INFO     | __main__:run_pipeline:199 - DEBUG: len(df)=3448, len(X_train)=2710, seq_len=60, start_idx=2770
2025-12-13 20:37:48.326 | INFO     | __main__:run_pipeline:204 - DEBUG: len(test_dates)=678, len(preds)=678
2025-12-13 20:37:48.755 | INFO     | __main__:run_pipeline:306 - LSTM Model performance & metadata saved. Accuracy: 0.55
2025-12-13 20:37:48.761 | INFO     | src.models.xgboost_model:train:19 - Training XGBoost model with 2710 samples
2025-12-13 20:38:03.427 | INFO     | __main__:<module>:381 - Starting Continuous Model Trainer...
2025-12-13 20:38:03.428 | INFO     | __main__:<module>:388 - --- Training BBCA.JK [1d] ---
2025-12-13 20:38:03.433 | INFO     | __main__:run_pipeline:26 - Starting pipeline for BBCA.JK (1d)
2025-12-13 20:38:03.434 | INFO     | src.data_collection.stock_collector:fetch_history:49 - Fetching 3650 days of history for BBCA.JK with interval 1d
2025-12-13 20:38:04.811 | INFO     | src.data_collection.news_collector:fetch_news:53 - Fetching Google News RSS for: BBCA
2025-12-13 20:38:05.847 | INFO     | src.data_collection.news_collector:fetch_news:62 - Found 100 articles
2025-12-13 20:38:05.859 | INFO     | src.data_collection.news_collector:fetch_news:109 - Saved 10 new articles from Google News
2025-12-13 20:38:06.200 | INFO     | src.data_collection.stock_collector:fetch_history:136 - Successfully updated 2465 1d records for BBCA.JK
2025-12-13 20:38:06.201 | INFO     | src.data_collection.stock_collector:fetch_history:49 - Fetching 3650 days of history for ^JKSE with interval 1d
2025-12-13 20:38:06.486 | INFO     | src.data_collection.news_collector:fetch_news:53 - Fetching Google News RSS for: ^JKSE
2025-12-13 20:38:06.928 | INFO     | src.data_collection.news_collector:fetch_news:62 - Found 46 articles
2025-12-13 20:38:06.932 | INFO     | src.data_collection.news_collector:fetch_news:109 - Saved 10 new articles from Google News
2025-12-13 20:38:07.219 | INFO     | src.data_collection.stock_collector:fetch_history:136 - Successfully updated 2416 1d records for ^JKSE
2025-12-13 20:38:07.220 | INFO     | src.data_collection.stock_collector:fetch_history:49 - Fetching 3650 days of history for IDR=X with interval 1d
2025-12-13 20:38:07.490 | INFO     | src.data_collection.news_collector:fetch_news:53 - Fetching Google News RSS for: IDR=X
2025-12-13 20:38:07.876 | INFO     | src.data_collection.news_collector:fetch_news:62 - Found 24 articles
2025-12-13 20:38:07.881 | INFO     | src.data_collection.news_collector:fetch_news:109 - Saved 10 new articles from Google News
2025-12-13 20:38:08.255 | INFO     | src.data_collection.stock_collector:fetch_history:136 - Successfully updated 2603 1d records for IDR=X
2025-12-13 20:38:10.055 | INFO     | src.models.lstm_model:train:50 - Training LSTM model with 2711 samples
2025-12-13 20:38:30.179 | INFO     | __main__:<module>:409 - Starting Continuous Model Trainer...
2025-12-13 20:38:30.181 | INFO     | __main__:<module>:416 - --- Training BBCA.JK [1d] ---
2025-12-13 20:38:30.183 | INFO     | __main__:run_pipeline:26 - Starting pipeline for BBCA.JK (1d)
2025-12-13 20:38:30.183 | INFO     | src.data_collection.stock_collector:fetch_history:49 - Fetching 3650 days of history for BBCA.JK with interval 1d
2025-12-13 20:38:31.263 | INFO     | src.data_collection.news_collector:fetch_news:53 - Fetching Google News RSS for: BBCA
2025-12-13 20:38:31.756 | INFO     | src.data_collection.news_collector:fetch_news:62 - Found 100 articles
2025-12-13 20:38:31.761 | INFO     | src.data_collection.news_collector:fetch_news:109 - Saved 10 new articles from Google News
2025-12-13 20:38:32.103 | INFO     | src.data_collection.stock_collector:fetch_history:136 - Successfully updated 2465 1d records for BBCA.JK
2025-12-13 20:38:32.104 | INFO     | src.data_collection.stock_collector:fetch_history:49 - Fetching 3650 days of history for ^JKSE with interval 1d
2025-12-13 20:38:32.372 | INFO     | src.data_collection.news_collector:fetch_news:53 - Fetching Google News RSS for: ^JKSE
2025-12-13 20:38:32.782 | INFO     | src.data_collection.news_collector:fetch_news:62 - Found 46 articles
2025-12-13 20:38:32.786 | INFO     | src.data_collection.news_collector:fetch_news:109 - Saved 10 new articles from Google News
2025-12-13 20:38:33.112 | INFO     | src.data_collection.stock_collector:fetch_history:136 - Successfully updated 2416 1d records for ^JKSE
2025-12-13 20:38:33.115 | INFO     | src.data_collection.stock_collector:fetch_history:49 - Fetching 3650 days of history for IDR=X with interval 1d
2025-12-13 20:38:33.628 | INFO     | src.data_collection.news_collector:fetch_news:53 - Fetching Google News RSS for: IDR=X
2025-12-13 20:38:34.132 | INFO     | src.data_collection.news_collector:fetch_news:62 - Found 24 articles
2025-12-13 20:38:34.189 | INFO     | src.data_collection.news_collector:fetch_news:109 - Saved 10 new articles from Google News
2025-12-13 20:38:34.657 | INFO     | src.data_collection.stock_collector:fetch_history:136 - Successfully updated 2603 1d records for IDR=X
2025-12-13 20:38:35.607 | INFO     | src.models.lstm_model:train:50 - Training LSTM model with 2711 samples
2025-12-13 20:38:46.864 | INFO     | __main__:run_pipeline:182 - LSTM Results - MSE: 0.0007316560401656396, RMSE: 0.027049141209392204, MAE: 0.07469021551969109
2025-12-13 20:38:46.919 | INFO     | src.models.lstm_model:save:67 - Model saved to data/models/BBCA.JK_1d_lstm.h5
2025-12-13 20:38:46.920 | INFO     | __main__:run_pipeline:199 - DEBUG: len(df)=3449, len(X_train)=2711, seq_len=60, start_idx=2771
2025-12-13 20:38:46.921 | INFO     | __main__:run_pipeline:204 - DEBUG: len(test_dates)=678, len(preds)=678
2025-12-13 20:38:47.207 | INFO     | __main__:run_pipeline:313 - LSTM Model performance & metadata saved. Accuracy: 0.52
2025-12-13 20:38:47.208 | INFO     | src.models.xgboost_model:train:19 - Training XGBoost model with 2711 samples
2025-12-13 20:38:52.177 | INFO     | __main__:run_pipeline:335 - XGBoost Results - MSE: 0.015586801332225286, RMSE: 0.12484711182973071, MAE: 0.10632312543966742
2025-12-13 20:38:52.184 | INFO     | src.models.xgboost_model:save:29 - XGBoost model saved to data/models/BBCA.JK_1d_xgb.joblib
2025-12-13 20:38:52.185 | INFO     | __main__:run_pipeline:365 - XGBoost Real Results - RMSE: 1,175.54, MAE: 1,001.12
2025-12-13 20:38:52.219 | INFO     | __main__:<module>:416 - --- Training BBCA.JK [1h] ---
2025-12-13 20:38:52.221 | INFO     | __main__:run_pipeline:26 - Starting pipeline for BBCA.JK (1h)
2025-12-13 20:38:52.222 | INFO     | src.data_collection.stock_collector:fetch_history:49 - Fetching 3650 days of history for BBCA.JK with interval 1h
2025-12-13 20:38:53.300 | INFO     | src.data_collection.stock_collector:fetch_history:136 - Successfully updated 4852 1h records for BBCA.JK
2025-12-13 20:38:53.303 | INFO     | src.data_collection.stock_collector:fetch_history:49 - Fetching 3650 days of history for ^JKSE with interval 1h
2025-12-13 20:38:55.014 | INFO     | src.data_collection.stock_collector:fetch_history:136 - Successfully updated 5012 1h records for ^JKSE
2025-12-13 20:38:55.017 | INFO     | src.data_collection.stock_collector:fetch_history:49 - Fetching 3650 days of history for IDR=X with interval 1h
2025-12-13 20:38:56.787 | INFO     | src.data_collection.stock_collector:fetch_history:136 - Successfully updated 10567 1h records for IDR=X
2025-12-13 20:38:57.129 | INFO     | src.models.lstm_model:train:50 - Training LSTM model with 3673 samples
2025-12-13 20:39:09.275 | INFO     | __main__:run_pipeline:182 - LSTM Results - MSE: 0.001520055921549085, RMSE: 0.038987894551374344, MAE: 0.13751402770257476
2025-12-13 20:39:09.299 | INFO     | src.models.lstm_model:save:67 - Model saved to data/models/BBCA.JK_1h_lstm.h5
2025-12-13 20:39:09.300 | INFO     | __main__:run_pipeline:199 - DEBUG: len(df)=4652, len(X_train)=3673, seq_len=60, start_idx=3733
2025-12-13 20:39:09.301 | INFO     | __main__:run_pipeline:204 - DEBUG: len(test_dates)=919, len(preds)=919
2025-12-13 20:39:09.658 | INFO     | __main__:run_pipeline:313 - LSTM Model performance & metadata saved. Accuracy: 0.40
2025-12-13 20:39:09.659 | INFO     | src.models.xgboost_model:train:19 - Training XGBoost model with 3673 samples
2025-12-13 20:39:11.976 | INFO     | __main__:run_pipeline:335 - XGBoost Results - MSE: 0.007827018774063901, RMSE: 0.08847044011455973, MAE: 0.05120003109391535
2025-12-13 20:39:11.979 | INFO     | src.models.xgboost_model:save:29 - XGBoost model saved to data/models/BBCA.JK_1h_xgb.joblib
2025-12-13 20:39:11.980 | INFO     | __main__:run_pipeline:365 - XGBoost Real Results - RMSE: 327.34, MAE: 189.44
2025-12-13 20:39:11.998 | INFO     | __main__:<module>:416 - --- Training BBCA.JK [15m] ---
2025-12-13 20:39:11.999 | INFO     | __main__:run_pipeline:26 - Starting pipeline for BBCA.JK (15m)
2025-12-13 20:39:12.000 | INFO     | src.data_collection.stock_collector:fetch_history:49 - Fetching 3650 days of history for BBCA.JK with interval 15m
2025-12-13 20:39:12.409 | INFO     | src.data_collection.stock_collector:fetch_history:136 - Successfully updated 1177 15m records for BBCA.JK
2025-12-13 20:39:12.410 | INFO     | src.data_collection.stock_collector:fetch_history:49 - Fetching 3650 days of history for ^JKSE with interval 15m
2025-12-13 20:39:12.795 | INFO     | src.data_collection.stock_collector:fetch_history:136 - Successfully updated 1186 15m records for ^JKSE
2025-12-13 20:39:12.795 | INFO     | src.data_collection.stock_collector:fetch_history:49 - Fetching 3650 days of history for IDR=X with interval 15m
2025-12-13 20:39:13.222 | INFO     | src.data_collection.stock_collector:fetch_history:136 - Successfully updated 1494 15m records for IDR=X
2025-12-13 20:39:13.575 | INFO     | src.models.lstm_model:train:50 - Training LSTM model with 733 samples
2025-12-13 20:39:17.303 | INFO     | __main__:run_pipeline:182 - LSTM Results - MSE: 0.0014824098190476269, RMSE: 0.038502075516102074, MAE: 0.09661998908469878
2025-12-13 20:39:17.329 | INFO     | src.models.lstm_model:save:67 - Model saved to data/models/BBCA.JK_15m_lstm.h5
2025-12-13 20:39:17.330 | INFO     | __main__:run_pipeline:199 - DEBUG: len(df)=977, len(X_train)=733, seq_len=60, start_idx=793
2025-12-13 20:39:17.330 | INFO     | __main__:run_pipeline:204 - DEBUG: len(test_dates)=184, len(preds)=184
2025-12-13 20:39:17.416 | INFO     | __main__:run_pipeline:313 - LSTM Model performance & metadata saved. Accuracy: 0.53
2025-12-13 20:39:17.417 | INFO     | src.models.xgboost_model:train:19 - Training XGBoost model with 733 samples
2025-12-13 20:39:19.209 | INFO     | __main__:run_pipeline:335 - XGBoost Results - MSE: 0.01882348753226833, RMSE: 0.1371987154905917, MAE: 0.106206854911042
2025-12-13 20:39:19.217 | INFO     | src.models.xgboost_model:save:29 - XGBoost model saved to data/models/BBCA.JK_15m_xgb.joblib
2025-12-13 20:39:19.218 | INFO     | __main__:run_pipeline:365 - XGBoost Real Results - RMSE: 202.37, MAE: 156.66
2025-12-13 20:39:19.247 | INFO     | __main__:<module>:416 - --- Training BBRI.JK [1d] ---
2025-12-13 20:39:19.248 | INFO     | __main__:run_pipeline:26 - Starting pipeline for BBRI.JK (1d)
2025-12-13 20:39:19.248 | INFO     | src.data_collection.stock_collector:fetch_history:49 - Fetching 3650 days of history for BBRI.JK with interval 1d
2025-12-13 20:39:19.812 | INFO     | src.data_collection.news_collector:fetch_news:53 - Fetching Google News RSS for: BBRI
2025-12-13 20:39:20.497 | INFO     | src.training.trainer:run_pipeline:26 - Starting pipeline for BBCA.JK (1d)
2025-12-13 20:39:20.509 | INFO     | src.data_collection.stock_collector:fetch_history:49 - Fetching 3650 days of history for BBCA.JK with interval 1d
2025-12-13 20:39:20.952 | INFO     | src.data_collection.news_collector:fetch_news:62 - Found 100 articles
2025-12-13 20:39:20.981 | INFO     | src.data_collection.news_collector:fetch_news:109 - Saved 10 new articles from Google News
2025-12-13 20:39:21.536 | INFO     | src.data_collection.stock_collector:fetch_history:136 - Successfully updated 2465 1d records for BBRI.JK
2025-12-13 20:39:21.538 | INFO     | src.data_collection.stock_collector:fetch_history:49 - Fetching 3650 days of history for ^JKSE with interval 1d
2025-12-13 20:39:21.838 | INFO     | src.data_collection.news_collector:fetch_news:53 - Fetching Google News RSS for: ^JKSE
2025-12-13 20:39:22.151 | INFO     | src.data_collection.news_collector:fetch_news:53 - Fetching Google News RSS for: BBCA
2025-12-13 20:39:22.245 | INFO     | src.data_collection.news_collector:fetch_news:62 - Found 46 articles
2025-12-13 20:39:22.250 | INFO     | src.data_collection.news_collector:fetch_news:109 - Saved 10 new articles from Google News
2025-12-13 20:39:22.582 | INFO     | src.data_collection.stock_collector:fetch_history:136 - Successfully updated 2416 1d records for ^JKSE
2025-12-13 20:39:22.582 | INFO     | src.data_collection.stock_collector:fetch_history:49 - Fetching 3650 days of history for IDR=X with interval 1d
2025-12-13 20:39:22.671 | INFO     | src.data_collection.news_collector:fetch_news:62 - Found 100 articles
2025-12-13 20:39:22.678 | INFO     | src.data_collection.news_collector:fetch_news:109 - Saved 10 new articles from Google News
2025-12-13 20:39:22.829 | INFO     | src.data_collection.news_collector:fetch_news:53 - Fetching Google News RSS for: IDR=X
2025-12-13 20:39:23.247 | INFO     | src.data_collection.news_collector:fetch_news:62 - Found 24 articles
2025-12-13 20:39:23.257 | INFO     | src.data_collection.news_collector:fetch_news:109 - Saved 10 new articles from Google News
2025-12-13 20:39:23.716 | INFO     | src.data_collection.stock_collector:fetch_history:136 - Successfully updated 2603 1d records for IDR=X
2025-12-13 20:39:24.178 | INFO     | src.data_collection.stock_collector:fetch_history:136 - Successfully updated 2465 1d records for BBCA.JK
2025-12-13 20:39:24.180 | INFO     | src.data_collection.stock_collector:fetch_history:49 - Fetching 3650 days of history for ^JKSE with interval 1d
2025-12-13 20:39:24.227 | INFO     | src.models.lstm_model:train:50 - Training LSTM model with 2711 samples
2025-12-13 20:39:24.482 | INFO     | src.data_collection.news_collector:fetch_news:53 - Fetching Google News RSS for: ^JKSE
2025-12-13 20:39:25.120 | INFO     | src.data_collection.news_collector:fetch_news:62 - Found 46 articles
2025-12-13 20:39:25.157 | INFO     | src.data_collection.news_collector:fetch_news:109 - Saved 10 new articles from Google News
2025-12-13 20:39:25.611 | INFO     | src.data_collection.stock_collector:fetch_history:136 - Successfully updated 2416 1d records for ^JKSE
2025-12-13 20:39:25.613 | INFO     | src.data_collection.stock_collector:fetch_history:49 - Fetching 3650 days of history for IDR=X with interval 1d
2025-12-13 20:39:25.897 | INFO     | src.data_collection.news_collector:fetch_news:53 - Fetching Google News RSS for: IDR=X
2025-12-13 20:39:26.280 | INFO     | src.data_collection.news_collector:fetch_news:62 - Found 24 articles
2025-12-13 20:39:26.283 | INFO     | src.data_collection.news_collector:fetch_news:109 - Saved 10 new articles from Google News
2025-12-13 20:39:26.783 | INFO     | src.data_collection.stock_collector:fetch_history:136 - Successfully updated 2603 1d records for IDR=X
2025-12-13 20:39:27.203 | INFO     | src.models.lstm_model:train:50 - Training LSTM model with 2711 samples
2025-12-13 20:39:38.760 | INFO     | __main__:run_pipeline:182 - LSTM Results - MSE: 0.0024065836993253436, RMSE: 0.04905694343643256, MAE: 0.09771684850122825
2025-12-13 20:39:38.862 | INFO     | src.models.lstm_model:save:67 - Model saved to data/models/BBRI.JK_1d_lstm.h5
2025-12-13 20:39:38.863 | INFO     | __main__:run_pipeline:199 - DEBUG: len(df)=3449, len(X_train)=2711, seq_len=60, start_idx=2771
2025-12-13 20:39:38.865 | INFO     | __main__:run_pipeline:204 - DEBUG: len(test_dates)=678, len(preds)=678
2025-12-13 20:39:39.214 | INFO     | __main__:run_pipeline:313 - LSTM Model performance & metadata saved. Accuracy: 0.52
2025-12-13 20:39:39.216 | INFO     | src.models.xgboost_model:train:19 - Training XGBoost model with 2711 samples
2025-12-13 20:39:40.982 | INFO     | src.training.trainer:run_pipeline:182 - LSTM Results - MSE: 0.0007316552151711076, RMSE: 0.027049125959466926, MAE: 0.07469022151347902
2025-12-13 20:39:41.058 | INFO     | src.models.lstm_model:save:67 - Model saved to data/models/BBCA.JK_1d_lstm.h5
2025-12-13 20:39:41.059 | INFO     | src.training.trainer:run_pipeline:199 - DEBUG: len(df)=3449, len(X_train)=2711, seq_len=60, start_idx=2771
2025-12-13 20:39:41.061 | INFO     | src.training.trainer:run_pipeline:204 - DEBUG: len(test_dates)=678, len(preds)=678
2025-12-13 20:39:41.470 | INFO     | src.training.trainer:run_pipeline:313 - LSTM Model performance & metadata saved. Accuracy: 0.52
2025-12-13 20:39:41.473 | INFO     | src.models.xgboost_model:train:19 - Training XGBoost model with 2711 samples
2025-12-13 20:39:44.707 | INFO     | __main__:run_pipeline:335 - XGBoost Results - MSE: 0.01647832843388152, RMSE: 0.12836794161269988, MAE: 0.09689869632264597
2025-12-13 20:39:44.730 | INFO     | src.models.xgboost_model:save:29 - XGBoost model saved to data/models/BBRI.JK_1d_xgb.joblib
2025-12-13 20:39:44.736 | INFO     | __main__:run_pipeline:365 - XGBoost Real Results - RMSE: 665.78, MAE: 502.57
2025-12-13 20:39:44.795 | INFO     | __main__:<module>:416 - --- Training BBRI.JK [1h] ---
2025-12-13 20:39:44.797 | INFO     | __main__:run_pipeline:26 - Starting pipeline for BBRI.JK (1h)
2025-12-13 20:39:44.798 | INFO     | src.data_collection.stock_collector:fetch_history:49 - Fetching 3650 days of history for BBRI.JK with interval 1h
2025-12-13 20:39:46.672 | INFO     | src.training.trainer:run_pipeline:335 - XGBoost Results - MSE: 0.015960280924400147, RMSE: 0.12633400541580303, MAE: 0.10784240891385789
2025-12-13 20:39:46.678 | INFO     | src.models.xgboost_model:save:29 - XGBoost model saved to data/models/BBCA.JK_1d_xgb.joblib
2025-12-13 20:39:46.680 | INFO     | src.training.trainer:run_pipeline:365 - XGBoost Real Results - RMSE: 1,189.54, MAE: 1,015.42
2025-12-13 20:39:47.031 | INFO     | src.data_collection.stock_collector:fetch_history:136 - Successfully updated 4853 1h records for BBRI.JK
2025-12-13 20:39:47.034 | INFO     | src.data_collection.stock_collector:fetch_history:49 - Fetching 3650 days of history for ^JKSE with interval 1h
2025-12-13 20:39:48.212 | INFO     | src.data_collection.stock_collector:fetch_history:136 - Successfully updated 5012 1h records for ^JKSE
2025-12-13 20:39:48.215 | INFO     | src.data_collection.stock_collector:fetch_history:49 - Fetching 3650 days of history for IDR=X with interval 1h
2025-12-13 20:39:50.416 | INFO     | src.data_collection.stock_collector:fetch_history:136 - Successfully updated 10567 1h records for IDR=X
2025-12-13 20:39:50.839 | INFO     | src.models.lstm_model:train:50 - Training LSTM model with 3674 samples
2025-12-13 20:40:03.661 | INFO     | __main__:run_pipeline:182 - LSTM Results - MSE: 0.0004270287126477425, RMSE: 0.020664673059299594, MAE: 0.06999408008548179
2025-12-13 20:40:03.694 | INFO     | src.models.lstm_model:save:67 - Model saved to data/models/BBRI.JK_1h_lstm.h5
2025-12-13 20:40:03.694 | INFO     | __main__:run_pipeline:199 - DEBUG: len(df)=4653, len(X_train)=3674, seq_len=60, start_idx=3734
2025-12-13 20:40:03.695 | INFO     | __main__:run_pipeline:204 - DEBUG: len(test_dates)=919, len(preds)=919
2025-12-13 20:40:04.045 | INFO     | __main__:run_pipeline:313 - LSTM Model performance & metadata saved. Accuracy: 0.45
2025-12-13 20:40:04.046 | INFO     | src.models.xgboost_model:train:19 - Training XGBoost model with 3674 samples
2025-12-13 20:40:06.094 | INFO     | __main__:run_pipeline:335 - XGBoost Results - MSE: 0.00044746972219645735, RMSE: 0.021153480143854753, MAE: 0.015900214090000284
2025-12-13 20:40:06.100 | INFO     | src.models.xgboost_model:save:29 - XGBoost model saved to data/models/BBRI.JK_1h_xgb.joblib
2025-12-13 20:40:06.101 | INFO     | __main__:run_pipeline:365 - XGBoost Real Results - RMSE: 64.31, MAE: 48.34
2025-12-13 20:40:06.124 | INFO     | __main__:<module>:416 - --- Training BBRI.JK [15m] ---
2025-12-13 20:40:06.125 | INFO     | __main__:run_pipeline:26 - Starting pipeline for BBRI.JK (15m)
2025-12-13 20:40:06.125 | INFO     | src.data_collection.stock_collector:fetch_history:49 - Fetching 3650 days of history for BBRI.JK with interval 15m
2025-12-13 20:40:06.557 | INFO     | src.data_collection.stock_collector:fetch_history:136 - Successfully updated 1177 15m records for BBRI.JK
2025-12-13 20:40:06.557 | INFO     | src.data_collection.stock_collector:fetch_history:49 - Fetching 3650 days of history for ^JKSE with interval 15m
2025-12-13 20:40:06.972 | INFO     | src.data_collection.stock_collector:fetch_history:136 - Successfully updated 1186 15m records for ^JKSE
2025-12-13 20:40:06.972 | INFO     | src.data_collection.stock_collector:fetch_history:49 - Fetching 3650 days of history for IDR=X with interval 15m
2025-12-13 20:40:07.469 | INFO     | src.data_collection.stock_collector:fetch_history:136 - Successfully updated 1494 15m records for IDR=X
2025-12-13 20:40:07.799 | INFO     | src.models.lstm_model:train:50 - Training LSTM model with 733 samples
2025-12-13 20:40:12.151 | INFO     | __main__:run_pipeline:182 - LSTM Results - MSE: 0.0013332271705404114, RMSE: 0.036513383444162106, MAE: 0.051820556717530976
2025-12-13 20:40:12.185 | INFO     | src.models.lstm_model:save:67 - Model saved to data/models/BBRI.JK_15m_lstm.h5
2025-12-13 20:40:12.185 | INFO     | __main__:run_pipeline:199 - DEBUG: len(df)=977, len(X_train)=733, seq_len=60, start_idx=793
2025-12-13 20:40:12.186 | INFO     | __main__:run_pipeline:204 - DEBUG: len(test_dates)=184, len(preds)=184
2025-12-13 20:40:12.286 | INFO     | __main__:run_pipeline:313 - LSTM Model performance & metadata saved. Accuracy: 0.58
2025-12-13 20:40:12.287 | INFO     | src.models.xgboost_model:train:19 - Training XGBoost model with 733 samples
2025-12-13 20:40:13.929 | INFO     | __main__:run_pipeline:335 - XGBoost Results - MSE: 0.008172373297646052, RMSE: 0.09040117973591967, MAE: 0.07893821992139284
2025-12-13 20:40:13.932 | INFO     | src.models.xgboost_model:save:29 - XGBoost model saved to data/models/BBRI.JK_15m_xgb.joblib
2025-12-13 20:40:13.932 | INFO     | __main__:run_pipeline:365 - XGBoost Real Results - RMSE: 53.34, MAE: 46.57
2025-12-13 20:40:13.938 | INFO     | __main__:<module>:416 - --- Training TLKM.JK [1d] ---
2025-12-13 20:40:13.939 | INFO     | __main__:run_pipeline:26 - Starting pipeline for TLKM.JK (1d)
2025-12-13 20:40:13.939 | INFO     | src.data_collection.stock_collector:fetch_history:49 - Fetching 3650 days of history for TLKM.JK with interval 1d
2025-12-13 20:40:14.240 | INFO     | src.data_collection.news_collector:fetch_news:53 - Fetching Google News RSS for: TLKM
2025-12-13 20:40:15.362 | INFO     | src.data_collection.news_collector:fetch_news:62 - Found 100 articles
2025-12-13 20:40:15.373 | INFO     | src.data_collection.news_collector:fetch_news:109 - Saved 10 new articles from Google News
2025-12-13 20:40:15.714 | INFO     | src.data_collection.stock_collector:fetch_history:136 - Successfully updated 2464 1d records for TLKM.JK
2025-12-13 20:40:15.716 | INFO     | src.data_collection.stock_collector:fetch_history:49 - Fetching 3650 days of history for ^JKSE with interval 1d
2025-12-13 20:40:15.991 | INFO     | src.data_collection.news_collector:fetch_news:53 - Fetching Google News RSS for: ^JKSE
2025-12-13 20:40:16.769 | INFO     | src.data_collection.news_collector:fetch_news:62 - Found 46 articles
2025-12-13 20:40:16.773 | INFO     | src.data_collection.news_collector:fetch_news:109 - Saved 10 new articles from Google News
2025-12-13 20:40:17.096 | INFO     | src.data_collection.stock_collector:fetch_history:136 - Successfully updated 2416 1d records for ^JKSE
2025-12-13 20:40:17.096 | INFO     | src.data_collection.stock_collector:fetch_history:49 - Fetching 3650 days of history for IDR=X with interval 1d
2025-12-13 20:40:17.368 | INFO     | src.data_collection.news_collector:fetch_news:53 - Fetching Google News RSS for: IDR=X
2025-12-13 20:40:18.018 | INFO     | src.data_collection.news_collector:fetch_news:62 - Found 24 articles
2025-12-13 20:40:18.027 | INFO     | src.data_collection.news_collector:fetch_news:109 - Saved 10 new articles from Google News
2025-12-13 20:40:18.456 | INFO     | src.data_collection.stock_collector:fetch_history:136 - Successfully updated 2603 1d records for IDR=X
2025-12-13 20:40:18.976 | INFO     | src.models.lstm_model:train:50 - Training LSTM model with 2710 samples
2025-12-13 20:40:29.397 | INFO     | __main__:run_pipeline:182 - LSTM Results - MSE: 0.0012623663899835927, RMSE: 0.03552979580554316, MAE: 0.1451259099632016
2025-12-13 20:40:29.436 | INFO     | src.models.lstm_model:save:67 - Model saved to data/models/TLKM.JK_1d_lstm.h5
2025-12-13 20:40:29.437 | INFO     | __main__:run_pipeline:199 - DEBUG: len(df)=3448, len(X_train)=2710, seq_len=60, start_idx=2770
2025-12-13 20:40:29.438 | INFO     | __main__:run_pipeline:204 - DEBUG: len(test_dates)=678, len(preds)=678
2025-12-13 20:40:29.738 | INFO     | __main__:run_pipeline:313 - LSTM Model performance & metadata saved. Accuracy: 0.55
2025-12-13 20:40:29.741 | INFO     | src.models.xgboost_model:train:19 - Training XGBoost model with 2710 samples
2025-12-13 20:40:33.007 | INFO     | __main__:run_pipeline:335 - XGBoost Results - MSE: 0.0007639123286067688, RMSE: 0.027638963956826763, MAE: 0.02099607665800232
2025-12-13 20:40:33.015 | INFO     | src.models.xgboost_model:save:29 - XGBoost model saved to data/models/TLKM.JK_1d_xgb.joblib
2025-12-13 20:40:33.016 | INFO     | __main__:run_pipeline:365 - XGBoost Real Results - RMSE: 89.95, MAE: 68.33
2025-12-13 20:40:33.042 | INFO     | __main__:<module>:416 - --- Training TLKM.JK [1h] ---
2025-12-13 20:40:33.044 | INFO     | __main__:run_pipeline:26 - Starting pipeline for TLKM.JK (1h)
2025-12-13 20:40:33.044 | INFO     | src.data_collection.stock_collector:fetch_history:49 - Fetching 3650 days of history for TLKM.JK with interval 1h
2025-12-13 20:40:34.032 | INFO     | src.data_collection.stock_collector:fetch_history:136 - Successfully updated 4846 1h records for TLKM.JK
2025-12-13 20:40:34.033 | INFO     | src.data_collection.stock_collector:fetch_history:49 - Fetching 3650 days of history for ^JKSE with interval 1h
2025-12-13 20:40:35.136 | INFO     | src.data_collection.stock_collector:fetch_history:136 - Successfully updated 5012 1h records for ^JKSE
2025-12-13 20:40:35.137 | INFO     | src.data_collection.stock_collector:fetch_history:49 - Fetching 3650 days of history for IDR=X with interval 1h
2025-12-13 20:40:37.465 | INFO     | src.data_collection.stock_collector:fetch_history:136 - Successfully updated 10567 1h records for IDR=X
2025-12-13 20:40:37.883 | INFO     | src.models.lstm_model:train:50 - Training LSTM model with 3668 samples
2025-12-13 20:40:52.455 | INFO     | __main__:run_pipeline:182 - LSTM Results - MSE: 0.003757702906562236, RMSE: 0.061300105273663565, MAE: 0.15366996408049735
2025-12-13 20:40:52.503 | INFO     | src.models.lstm_model:save:67 - Model saved to data/models/TLKM.JK_1h_lstm.h5
2025-12-13 20:40:52.504 | INFO     | __main__:run_pipeline:199 - DEBUG: len(df)=4646, len(X_train)=3668, seq_len=60, start_idx=3728
2025-12-13 20:40:52.505 | INFO     | __main__:run_pipeline:204 - DEBUG: len(test_dates)=918, len(preds)=918
2025-12-13 20:40:52.866 | INFO     | __main__:run_pipeline:313 - LSTM Model performance & metadata saved. Accuracy: 0.60
2025-12-13 20:40:52.866 | INFO     | src.models.xgboost_model:train:19 - Training XGBoost model with 3668 samples
2025-12-13 20:40:56.894 | INFO     | __main__:run_pipeline:335 - XGBoost Results - MSE: 0.0004876666639727299, RMSE: 0.022083176039073952, MAE: 0.015140412127284853
2025-12-13 20:40:56.902 | INFO     | src.models.xgboost_model:save:29 - XGBoost model saved to data/models/TLKM.JK_1h_xgb.joblib
2025-12-13 20:40:56.905 | INFO     | __main__:run_pipeline:365 - XGBoost Real Results - RMSE: 49.69, MAE: 34.07
2025-12-13 20:40:56.940 | INFO     | __main__:<module>:416 - --- Training TLKM.JK [15m] ---
2025-12-13 20:40:56.941 | INFO     | __main__:run_pipeline:26 - Starting pipeline for TLKM.JK (15m)
2025-12-13 20:40:56.942 | INFO     | src.data_collection.stock_collector:fetch_history:49 - Fetching 3650 days of history for TLKM.JK with interval 15m
2025-12-13 20:40:57.380 | INFO     | src.data_collection.stock_collector:fetch_history:136 - Successfully updated 1177 15m records for TLKM.JK
2025-12-13 20:40:57.381 | INFO     | src.data_collection.stock_collector:fetch_history:49 - Fetching 3650 days of history for ^JKSE with interval 15m
2025-12-13 20:40:57.737 | INFO     | src.data_collection.stock_collector:fetch_history:136 - Successfully updated 1186 15m records for ^JKSE
2025-12-13 20:40:57.737 | INFO     | src.data_collection.stock_collector:fetch_history:49 - Fetching 3650 days of history for IDR=X with interval 15m
2025-12-13 20:40:58.203 | INFO     | src.data_collection.stock_collector:fetch_history:136 - Successfully updated 1494 15m records for IDR=X
2025-12-13 20:40:58.581 | INFO     | src.models.lstm_model:train:50 - Training LSTM model with 733 samples
2025-12-13 20:41:03.356 | INFO     | __main__:run_pipeline:182 - LSTM Results - MSE: 0.0026895665823107565, RMSE: 0.05186103144279678, MAE: 0.05596726151408454
2025-12-13 20:41:03.401 | INFO     | src.models.lstm_model:save:67 - Model saved to data/models/TLKM.JK_15m_lstm.h5
2025-12-13 20:41:03.401 | INFO     | __main__:run_pipeline:199 - DEBUG: len(df)=977, len(X_train)=733, seq_len=60, start_idx=793
2025-12-13 20:41:03.402 | INFO     | __main__:run_pipeline:204 - DEBUG: len(test_dates)=184, len(preds)=184
2025-12-13 20:41:03.533 | INFO     | __main__:run_pipeline:313 - LSTM Model performance & metadata saved. Accuracy: 0.57
2025-12-13 20:41:03.534 | INFO     | src.models.xgboost_model:train:19 - Training XGBoost model with 733 samples
2025-12-13 20:41:05.121 | INFO     | __main__:run_pipeline:335 - XGBoost Results - MSE: 0.00082060580158602, RMSE: 0.028646217928131802, MAE: 0.021460924860606835
2025-12-13 20:41:05.135 | INFO     | src.models.xgboost_model:save:29 - XGBoost model saved to data/models/TLKM.JK_15m_xgb.joblib
2025-12-13 20:41:05.136 | INFO     | __main__:run_pipeline:365 - XGBoost Real Results - RMSE: 24.06, MAE: 18.03
2025-12-13 20:41:05.172 | INFO     | __main__:<module>:416 - --- Training ASII.JK [1d] ---
2025-12-13 20:41:05.177 | INFO     | __main__:run_pipeline:26 - Starting pipeline for ASII.JK (1d)
2025-12-13 20:41:05.179 | INFO     | src.data_collection.stock_collector:fetch_history:49 - Fetching 3650 days of history for ASII.JK with interval 1d
2025-12-13 20:41:05.519 | INFO     | src.data_collection.news_collector:fetch_news:53 - Fetching Google News RSS for: ASII
2025-12-13 20:41:06.489 | INFO     | src.data_collection.news_collector:fetch_news:62 - Found 100 articles
2025-12-13 20:41:06.500 | INFO     | src.data_collection.news_collector:fetch_news:109 - Saved 10 new articles from Google News
2025-12-13 20:41:06.883 | INFO     | src.data_collection.stock_collector:fetch_history:136 - Successfully updated 2464 1d records for ASII.JK
2025-12-13 20:41:06.889 | INFO     | src.data_collection.stock_collector:fetch_history:49 - Fetching 3650 days of history for ^JKSE with interval 1d
2025-12-13 20:41:07.181 | INFO     | src.data_collection.news_collector:fetch_news:53 - Fetching Google News RSS for: ^JKSE
2025-12-13 20:41:07.959 | INFO     | src.data_collection.news_collector:fetch_news:62 - Found 46 articles
2025-12-13 20:41:07.966 | INFO     | src.data_collection.news_collector:fetch_news:109 - Saved 10 new articles from Google News
2025-12-13 20:41:08.298 | INFO     | src.data_collection.stock_collector:fetch_history:136 - Successfully updated 2416 1d records for ^JKSE
2025-12-13 20:41:08.299 | INFO     | src.data_collection.stock_collector:fetch_history:49 - Fetching 3650 days of history for IDR=X with interval 1d
2025-12-13 20:41:08.576 | INFO     | src.data_collection.news_collector:fetch_news:53 - Fetching Google News RSS for: IDR=X
2025-12-13 20:41:09.226 | INFO     | src.data_collection.news_collector:fetch_news:62 - Found 24 articles
2025-12-13 20:41:09.231 | INFO     | src.data_collection.news_collector:fetch_news:109 - Saved 10 new articles from Google News
2025-12-13 20:41:09.572 | INFO     | src.data_collection.stock_collector:fetch_history:136 - Successfully updated 2603 1d records for IDR=X
2025-12-13 20:41:10.141 | INFO     | src.models.lstm_model:train:50 - Training LSTM model with 2710 samples
2025-12-13 20:41:24.327 | INFO     | __main__:run_pipeline:182 - LSTM Results - MSE: 0.001135848593853499, RMSE: 0.033702352942391114, MAE: 0.13722357997026052
2025-12-13 20:41:24.366 | INFO     | src.models.lstm_model:save:67 - Model saved to data/models/ASII.JK_1d_lstm.h5
2025-12-13 20:41:24.366 | INFO     | __main__:run_pipeline:199 - DEBUG: len(df)=3448, len(X_train)=2710, seq_len=60, start_idx=2770
2025-12-13 20:41:24.367 | INFO     | __main__:run_pipeline:204 - DEBUG: len(test_dates)=678, len(preds)=678
2025-12-13 20:41:24.626 | INFO     | __main__:run_pipeline:313 - LSTM Model performance & metadata saved. Accuracy: 0.55
2025-12-13 20:41:24.626 | INFO     | src.models.xgboost_model:train:19 - Training XGBoost model with 2710 samples
2025-12-13 20:41:28.015 | INFO     | __main__:run_pipeline:335 - XGBoost Results - MSE: 0.004051237190945554, RMSE: 0.06364932985464618, MAE: 0.03335114721837665
2025-12-13 20:41:28.026 | INFO     | src.models.xgboost_model:save:29 - XGBoost model saved to data/models/ASII.JK_1d_xgb.joblib
2025-12-13 20:41:28.028 | INFO     | __main__:run_pipeline:365 - XGBoost Real Results - RMSE: 287.18, MAE: 150.48
2025-12-13 20:41:28.077 | INFO     | __main__:<module>:416 - --- Training ASII.JK [1h] ---
2025-12-13 20:41:28.079 | INFO     | __main__:run_pipeline:26 - Starting pipeline for ASII.JK (1h)
2025-12-13 20:41:28.079 | INFO     | src.data_collection.stock_collector:fetch_history:49 - Fetching 3650 days of history for ASII.JK with interval 1h
2025-12-13 20:41:30.154 | INFO     | src.data_collection.stock_collector:fetch_history:136 - Successfully updated 4843 1h records for ASII.JK
2025-12-13 20:41:30.177 | INFO     | src.data_collection.stock_collector:fetch_history:49 - Fetching 3650 days of history for ^JKSE with interval 1h
2025-12-13 20:41:32.147 | INFO     | src.data_collection.stock_collector:fetch_history:136 - Successfully updated 5012 1h records for ^JKSE
2025-12-13 20:41:32.149 | INFO     | src.data_collection.stock_collector:fetch_history:49 - Fetching 3650 days of history for IDR=X with interval 1h
2025-12-13 20:41:33.983 | INFO     | src.data_collection.stock_collector:fetch_history:136 - Successfully updated 10567 1h records for IDR=X
2025-12-13 20:41:34.388 | INFO     | src.models.lstm_model:train:50 - Training LSTM model with 3666 samples
2025-12-13 20:41:50.080 | INFO     | __main__:run_pipeline:182 - LSTM Results - MSE: 0.013000555675887059, RMSE: 0.11401997928383893, MAE: 0.2889173758594859
2025-12-13 20:41:50.112 | INFO     | src.models.lstm_model:save:67 - Model saved to data/models/ASII.JK_1h_lstm.h5
2025-12-13 20:41:50.114 | INFO     | __main__:run_pipeline:199 - DEBUG: len(df)=4643, len(X_train)=3666, seq_len=60, start_idx=3726
2025-12-13 20:41:50.115 | INFO     | __main__:run_pipeline:204 - DEBUG: len(test_dates)=917, len(preds)=917
2025-12-13 20:41:50.766 | INFO     | __main__:run_pipeline:313 - LSTM Model performance & metadata saved. Accuracy: 0.56
2025-12-13 20:41:50.772 | INFO     | src.models.xgboost_model:train:19 - Training XGBoost model with 3666 samples
2025-12-13 20:41:54.641 | INFO     | __main__:run_pipeline:335 - XGBoost Results - MSE: 0.001057035974974296, RMSE: 0.03251208967406272, MAE: 0.023768493155311973
2025-12-13 20:41:54.650 | INFO     | src.models.xgboost_model:save:29 - XGBoost model saved to data/models/ASII.JK_1h_xgb.joblib
2025-12-13 20:41:54.651 | INFO     | __main__:run_pipeline:365 - XGBoost Real Results - RMSE: 86.48, MAE: 63.22
2025-12-13 20:41:54.715 | INFO     | __main__:<module>:416 - --- Training ASII.JK [15m] ---
2025-12-13 20:41:54.717 | INFO     | __main__:run_pipeline:26 - Starting pipeline for ASII.JK (15m)
2025-12-13 20:41:54.717 | INFO     | src.data_collection.stock_collector:fetch_history:49 - Fetching 3650 days of history for ASII.JK with interval 15m
2025-12-13 20:41:55.152 | INFO     | src.data_collection.stock_collector:fetch_history:136 - Successfully updated 1177 15m records for ASII.JK
2025-12-13 20:41:55.153 | INFO     | src.data_collection.stock_collector:fetch_history:49 - Fetching 3650 days of history for ^JKSE with interval 15m
2025-12-13 20:41:55.574 | INFO     | src.data_collection.stock_collector:fetch_history:136 - Successfully updated 1186 15m records for ^JKSE
2025-12-13 20:41:55.574 | INFO     | src.data_collection.stock_collector:fetch_history:49 - Fetching 3650 days of history for IDR=X with interval 15m
2025-12-13 20:41:56.036 | INFO     | src.data_collection.stock_collector:fetch_history:136 - Successfully updated 1494 15m records for IDR=X
2025-12-13 20:41:56.498 | INFO     | src.models.lstm_model:train:50 - Training LSTM model with 733 samples
2025-12-13 20:42:01.104 | INFO     | __main__:run_pipeline:182 - LSTM Results - MSE: 0.005392664482452015, RMSE: 0.07343476344655857, MAE: 0.08824345932191512
2025-12-13 20:42:01.138 | INFO     | src.models.lstm_model:save:67 - Model saved to data/models/ASII.JK_15m_lstm.h5
2025-12-13 20:42:01.138 | INFO     | __main__:run_pipeline:199 - DEBUG: len(df)=977, len(X_train)=733, seq_len=60, start_idx=793
2025-12-13 20:42:01.139 | INFO     | __main__:run_pipeline:204 - DEBUG: len(test_dates)=184, len(preds)=184
2025-12-13 20:42:01.291 | INFO     | __main__:run_pipeline:313 - LSTM Model performance & metadata saved. Accuracy: 0.60
2025-12-13 20:42:01.292 | INFO     | src.models.xgboost_model:train:19 - Training XGBoost model with 733 samples
2025-12-13 20:42:04.056 | INFO     | __main__:run_pipeline:335 - XGBoost Results - MSE: 0.022902327490171723, RMSE: 0.15133514955281116, MAE: 0.12284272373713515
2025-12-13 20:42:04.064 | INFO     | src.models.xgboost_model:save:29 - XGBoost model saved to data/models/ASII.JK_15m_xgb.joblib
2025-12-13 20:42:04.065 | INFO     | __main__:run_pipeline:365 - XGBoost Real Results - RMSE: 192.95, MAE: 156.62
2025-12-13 20:42:04.094 | INFO     | __main__:<module>:416 - --- Training UNVR.JK [1d] ---
2025-12-13 20:42:04.095 | INFO     | __main__:run_pipeline:26 - Starting pipeline for UNVR.JK (1d)
2025-12-13 20:42:04.095 | INFO     | src.data_collection.stock_collector:fetch_history:49 - Fetching 3650 days of history for UNVR.JK with interval 1d
2025-12-13 20:42:04.440 | INFO     | src.data_collection.news_collector:fetch_news:53 - Fetching Google News RSS for: UNVR
2025-12-13 20:42:05.413 | INFO     | src.data_collection.news_collector:fetch_news:62 - Found 100 articles
2025-12-13 20:42:05.416 | INFO     | src.data_collection.news_collector:fetch_news:109 - Saved 10 new articles from Google News
2025-12-13 20:42:05.821 | INFO     | src.data_collection.stock_collector:fetch_history:136 - Successfully updated 2465 1d records for UNVR.JK
2025-12-13 20:42:05.825 | INFO     | src.data_collection.stock_collector:fetch_history:49 - Fetching 3650 days of history for ^JKSE with interval 1d
2025-12-13 20:42:06.114 | INFO     | src.data_collection.news_collector:fetch_news:53 - Fetching Google News RSS for: ^JKSE
2025-12-13 20:42:06.551 | INFO     | src.data_collection.news_collector:fetch_news:62 - Found 46 articles
2025-12-13 20:42:06.555 | INFO     | src.data_collection.news_collector:fetch_news:109 - Saved 10 new articles from Google News
2025-12-13 20:42:07.327 | INFO     | src.data_collection.stock_collector:fetch_history:136 - Successfully updated 2416 1d records for ^JKSE
2025-12-13 20:42:07.328 | INFO     | src.data_collection.stock_collector:fetch_history:49 - Fetching 3650 days of history for IDR=X with interval 1d
2025-12-13 20:42:07.599 | INFO     | src.data_collection.news_collector:fetch_news:53 - Fetching Google News RSS for: IDR=X
2025-12-13 20:42:07.997 | INFO     | src.data_collection.news_collector:fetch_news:62 - Found 24 articles
2025-12-13 20:42:08.000 | INFO     | src.data_collection.news_collector:fetch_news:109 - Saved 10 new articles from Google News
2025-12-13 20:42:08.342 | INFO     | src.data_collection.stock_collector:fetch_history:136 - Successfully updated 2603 1d records for IDR=X
2025-12-13 20:42:08.775 | INFO     | src.models.lstm_model:train:50 - Training LSTM model with 2711 samples
2025-12-13 20:42:27.163 | INFO     | __main__:run_pipeline:182 - LSTM Results - MSE: 0.0008153007221940877, RMSE: 0.02855347128098592, MAE: 0.12307544197287949
2025-12-13 20:42:27.305 | INFO     | src.models.lstm_model:save:67 - Model saved to data/models/UNVR.JK_1d_lstm.h5
2025-12-13 20:42:27.306 | INFO     | __main__:run_pipeline:199 - DEBUG: len(df)=3449, len(X_train)=2711, seq_len=60, start_idx=2771
2025-12-13 20:42:27.311 | INFO     | __main__:run_pipeline:204 - DEBUG: len(test_dates)=678, len(preds)=678
2025-12-13 20:42:27.611 | INFO     | __main__:run_pipeline:313 - LSTM Model performance & metadata saved. Accuracy: 0.44
2025-12-13 20:42:27.611 | INFO     | src.models.xgboost_model:train:19 - Training XGBoost model with 2711 samples
2025-12-13 20:42:32.230 | INFO     | __main__:run_pipeline:335 - XGBoost Results - MSE: 0.011439767013997236, RMSE: 0.10695684650361208, MAE: 0.08192040159723891
2025-12-13 20:42:32.252 | INFO     | src.models.xgboost_model:save:29 - XGBoost model saved to data/models/UNVR.JK_1d_xgb.joblib
2025-12-13 20:42:32.256 | INFO     | __main__:run_pipeline:365 - XGBoost Real Results - RMSE: 825.94, MAE: 632.60
2025-12-13 20:42:32.345 | INFO     | __main__:<module>:416 - --- Training UNVR.JK [1h] ---
2025-12-13 20:42:32.355 | INFO     | __main__:run_pipeline:26 - Starting pipeline for UNVR.JK (1h)
2025-12-13 20:42:32.356 | INFO     | src.data_collection.stock_collector:fetch_history:49 - Fetching 3650 days of history for UNVR.JK with interval 1h
2025-12-13 20:42:33.359 | INFO     | src.data_collection.stock_collector:fetch_history:136 - Successfully updated 4844 1h records for UNVR.JK
2025-12-13 20:42:33.362 | INFO     | src.data_collection.stock_collector:fetch_history:49 - Fetching 3650 days of history for ^JKSE with interval 1h
2025-12-13 20:42:34.344 | INFO     | src.data_collection.stock_collector:fetch_history:136 - Successfully updated 5012 1h records for ^JKSE
2025-12-13 20:42:34.347 | INFO     | src.data_collection.stock_collector:fetch_history:49 - Fetching 3650 days of history for IDR=X with interval 1h
2025-12-13 20:42:36.981 | INFO     | src.data_collection.stock_collector:fetch_history:136 - Successfully updated 10567 1h records for IDR=X
2025-12-13 20:42:39.508 | INFO     | src.models.lstm_model:train:50 - Training LSTM model with 3667 samples
2025-12-13 20:43:01.861 | INFO     | __main__:run_pipeline:182 - LSTM Results - MSE: 0.003550541404494282, RMSE: 0.05958641963144188, MAE: 0.10756886243485839
2025-12-13 20:43:02.008 | INFO     | src.models.lstm_model:save:67 - Model saved to data/models/UNVR.JK_1h_lstm.h5
2025-12-13 20:43:02.015 | INFO     | __main__:run_pipeline:199 - DEBUG: len(df)=4644, len(X_train)=3667, seq_len=60, start_idx=3727
2025-12-13 20:43:02.019 | INFO     | __main__:run_pipeline:204 - DEBUG: len(test_dates)=917, len(preds)=917
2025-12-13 20:43:02.449 | INFO     | __main__:run_pipeline:313 - LSTM Model performance & metadata saved. Accuracy: 0.63
2025-12-13 20:43:02.451 | INFO     | src.models.xgboost_model:train:19 - Training XGBoost model with 3667 samples
2025-12-13 20:43:06.588 | INFO     | __main__:run_pipeline:335 - XGBoost Results - MSE: 0.00010810613326711643, RMSE: 0.010397409930704687, MAE: 0.0067111561513784135
2025-12-13 20:43:06.612 | INFO     | src.models.xgboost_model:save:29 - XGBoost model saved to data/models/UNVR.JK_1h_xgb.joblib
2025-12-13 20:43:06.614 | INFO     | __main__:run_pipeline:365 - XGBoost Real Results - RMSE: 41.95, MAE: 27.08
2025-12-13 20:43:06.686 | INFO     | __main__:<module>:416 - --- Training UNVR.JK [15m] ---
2025-12-13 20:43:06.690 | INFO     | __main__:run_pipeline:26 - Starting pipeline for UNVR.JK (15m)
2025-12-13 20:43:06.691 | INFO     | src.data_collection.stock_collector:fetch_history:49 - Fetching 3650 days of history for UNVR.JK with interval 15m
2025-12-13 20:43:07.218 | INFO     | src.data_collection.stock_collector:fetch_history:136 - Successfully updated 1177 15m records for UNVR.JK
2025-12-13 20:43:07.218 | INFO     | src.data_collection.stock_collector:fetch_history:49 - Fetching 3650 days of history for ^JKSE with interval 15m
2025-12-13 20:43:07.633 | INFO     | src.data_collection.stock_collector:fetch_history:136 - Successfully updated 1186 15m records for ^JKSE
2025-12-13 20:43:07.634 | INFO     | src.data_collection.stock_collector:fetch_history:49 - Fetching 3650 days of history for IDR=X with interval 15m
2025-12-13 20:43:08.105 | INFO     | src.data_collection.stock_collector:fetch_history:136 - Successfully updated 1494 15m records for IDR=X
2025-12-13 20:43:08.712 | INFO     | src.models.lstm_model:train:50 - Training LSTM model with 733 samples
2025-12-13 20:43:14.345 | INFO     | __main__:run_pipeline:182 - LSTM Results - MSE: 0.005446486035483521, RMSE: 0.07380031189286074, MAE: 0.07248825769393394
2025-12-13 20:43:14.400 | INFO     | src.models.lstm_model:save:67 - Model saved to data/models/UNVR.JK_15m_lstm.h5
2025-12-13 20:43:14.400 | INFO     | __main__:run_pipeline:199 - DEBUG: len(df)=977, len(X_train)=733, seq_len=60, start_idx=793
2025-12-13 20:43:14.401 | INFO     | __main__:run_pipeline:204 - DEBUG: len(test_dates)=184, len(preds)=184
2025-12-13 20:43:14.501 | INFO     | __main__:run_pipeline:313 - LSTM Model performance & metadata saved. Accuracy: 0.66
2025-12-13 20:43:14.502 | INFO     | src.models.xgboost_model:train:19 - Training XGBoost model with 733 samples
2025-12-13 20:43:16.046 | INFO     | __main__:run_pipeline:335 - XGBoost Results - MSE: 0.004666395000231301, RMSE: 0.06831101668275258, MAE: 0.05603868718805891
2025-12-13 20:43:16.054 | INFO     | src.models.xgboost_model:save:29 - XGBoost model saved to data/models/UNVR.JK_15m_xgb.joblib
2025-12-13 20:43:16.055 | INFO     | __main__:run_pipeline:365 - XGBoost Real Results - RMSE: 67.63, MAE: 55.48
2025-12-13 20:43:16.075 | INFO     | __main__:<module>:422 - Cycle completed. Sleeping for 1 hour...
